id,ref,nombre,usd,costoAntes,costoDespues,precioAntes,precioDespues
"7815","039712184-0000","16002-2RSR","6.778214999999999","86.42","86.42","172.84","172.84"
"7816","016700953-0000","16002-2Z","6.28038","80.07","80.07","160.14","160.14"
"7817","060450177-0000","16002-A","5.833605","74.38","74.38","148.76","148.76"
"7818","060450835-0000","16002-A-2Z","6.28038","80.07","80.07","160.14","160.14"
"7819","060450835-0030","16002-A-2Z-C3","6.28038","80.07","80.07","160.14","160.14"
"7820","060450177-0030","16002-A-C3","5.833605","74.38","74.38","148.76","148.76"
"7821","060462221-0000","16002-A-Z","6.663329999999999","84.96","84.96","169.92","169.92"
"7822","060462221-0030","16002-A-Z-C3","6.663329999999999","84.96","84.96","169.92","169.92"
"7823","060451114-0000","16003-A","5.769779999999999","73.56","73.56","147.12","147.12"
"7824","060456175-0000","16003-A-2RSR","6.880335","87.72","87.72","175.44","175.44"
"7825","060456175-0030","16003-A-2RSR-C3","6.880335","87.72","87.72","175.44","175.44"
"7826","060451769-0000","16003-A-2Z","6.3569700000000005","81.05","81.05","162.1","162.1"
"7827","060451114-0030","16003-A-C3","5.769779999999999","73.56","73.56","147.12","147.12"
"7828","060453036-0000","16004-A","6.203789999999999","79.1","79.1","158.2","158.2"
"7829","060453591-0000","16004-A-2Z","7.8377099999999995","99.93","99.93","199.86","199.86"
"7830","060453036-0030","16004-A-C3","6.203789999999999","79.1","79.1","158.2","158.2"
"7831","060456949-0000","16004-A-Z","7.263285000000001","92.61","92.61","185.22","185.22"
"7832","016700996-0030","16004-C3","6.203789999999999","79.1","79.1","158.2","158.2"
"7833","016701011-0000","16005","7.084574999999999","90.33","90.33","180.66","180.66"
"7834","060457295-0000","16005-A","7.084574999999999","90.33","90.33","180.66","180.66"
"7835","060457732-0000","16005-A-2Z","8.692965","110.84","110.84","221.68","221.68"
"7836","060457732-0030","16005-A-2Z-C3","8.692965","110.84","110.84","221.68","221.68"
"7837","060457295-0030","16005-A-C3","7.084574999999999","90.33","90.33","180.66","180.66"
"7838","016701011-0030","16005-C3","7.084574999999999","90.33","90.33","180.66","180.66"
"7839","060461500-0000","16006-A","8.386605000000001","106.93","106.93","213.86","213.86"
"7840","060461632-0000","16006-A-2Z","10.13541","129.23","129.23","258.46","258.46"
"7841","060461632-0030","16006-A-2Z-C3","10.13541","129.23","129.23","258.46","258.46"
"7842","060461500-0030","16006-A-C3","8.386605000000001","106.93","106.93","213.86","213.86"
"7843","038904390-0000","16007-A","9.560984999999999","121.9","121.9","243.8","243.8"
"7844","038904390-0030","16007-A-C3","9.560984999999999","121.9","121.9","243.8","243.8"
"7845","068682069-0000","16008-A","10.607715","135.25","135.25","270.5","270.5"
"7846","068682069-0030","16008-A-C3","10.607715","135.25","135.25","270.5","270.5"
"7847","068682115-0000","16009-A","14.42445","183.91","183.91","367.82","367.82"
"7848","068682115-0030","16009-A-C3","14.42445","183.91","183.91","367.82","367.82"
"7849","068682123-0000","16010-A","16.51791","210.6","210.6","421.2","421.2"
"7850","068682123-0030","16010-A-C3","16.51791","210.6","210.6","421.2","421.2"
"7851","068379714-0000","16011-A","22.56852","287.75","287.75","575.5","575.5"
"7852","068379714-0030","16011-A-C3","22.56852","287.75","287.75","575.5","575.5"
"7853","016701135-0000","16012","25.747005","328.27","328.27","656.54","656.54"
"7854","016701135-0030","16012-C3","25.747005","328.27","328.27","656.54","656.54"
"7855","016701143-0000","16013","29.819039999999998","380.19","380.19","760.38","760.38"
"7856","016701143-0030","16013-C3","29.819039999999998","380.19","380.19","760.38","760.38"
"7857","016701151-0000","16014","35.94624","458.31","458.31","916.62","916.62"
"7858","016701151-0030","16014-C3","35.94624","458.31","458.31","916.62","916.62"
"7859","016701160-0000","16015","40.018275","510.23","510.23","1020.46","1020.46"
"7860","016701160-0030","16015-C3","40.018275","510.23","510.23","1020.46","1020.46"
"7861","016701178-0000","16016","46.911375","598.12","598.12","1196.24","1196.24"
"7862","016701178-0030","16016-C3","46.911375","598.12","598.12","1196.24","1196.24"
"7863","016701186-0000","16017","54.58313999999999","695.94","695.94","1391.88","1391.88"
"7864","016701186-0030","16017-C3","54.58313999999999","695.94","695.94","1391.88","1391.88"
"7865","016701194-0000","16018","58.782825","749.48","749.48","1498.96","1498.96"
"7866","016701194-0030","16018-C3","58.782825","749.48","749.48","1498.96","1498.96"
"7867","016701208-0000","16019","64.3356","820.28","820.28","1640.56","1640.56"
"7868","016701208-0030","16019-C3","64.3356","820.28","820.28","1640.56","1640.56"
"7869","016701216-0000","16020","71.40741","910.44","910.44","1820.88","1820.88"
"7870","016701216-0030","16020-C3","71.40741","910.44","910.44","1820.88","1820.88"
"7871","016701232-0000","16021","85.42338000000001","1089.15","1089.15","2178.3","2178.3"
"7872","016701232-0030","16021-C3","85.42338000000001","1089.15","1089.15","2178.3","2178.3"
"7873","016701240-0000","16022","98.78833499999998","1259.55","1259.55","2519.1","2519.1"
"7874","016701240-0030","16022-C3","98.78833499999998","1259.55","1259.55","2519.1","2519.1"
"7875","016701259-0000","16024","115.31901","1470.32","1470.32","2940.64","2940.64"
"7876","016701259-0020","16024-C2","131.466735","1676.2","1676.2","3352.4","3352.4"
"7877","016701259-0030","16024-C3","115.31901","1470.32","1470.32","2940.64","2940.64"
"7878","016701259-0040","16024-C4","118.12731000000002","1506.12","1506.12","3012.24","3012.24"
"7879","016701291-0000","16026","152.9247","1949.79","1949.79","3899.58","3899.58"
"7880","016701291-0030","16026-C3","152.9247","1949.79","1949.79","3899.58","3899.58"
"7881","016701305-0000","16028","176.118705","2245.51","2245.51","4491.02","4491.02"
"7882","016701305-0030","16028-C3","176.118705","2245.51","2245.51","4491.02","4491.02"
"7883","016701313-0000","16030","201.41893500000003","2568.09","2568.09","5136.18","5136.18"
"7884","016701313-0030","16030-C3","201.41893500000003","2568.09","2568.09","5136.18","5136.18"
"13856","038402688-0030","16030-M-C3","273.87307500000003","3491.88","3491.88","6983.76","6983.76"
"7885","019005830-0000","16032","222.35353500000002","2835.01","2835.01","5670.02","5670.02"
"7886","019005830-0030","16032-C3","222.35353500000002","2835.01","2835.01","5670.02","5670.02"
"13857","019011512-0000","16032-M","302.32626","3854.66","3854.66","7709.32","7709.32"
"13858","019011512-0030","16032-M-C3","302.32626","3854.66","3854.66","7709.32","7709.32"
"7887","016701321-0000","16034","304.16442","3878.1","3878.1","7756.2","7756.2"
"7888","016701321-0030","16034-C3","304.16442","3878.1","3878.1","7756.2","7756.2"
"7889","019011571-0000","16036","367.30011","4683.08","4683.08","9366.16","9366.16"
"7890","019011571-0030","16036-C3","367.30011","4683.08","4683.08","9366.16","9366.16"
"7891","016701348-0000","16038","429.83584500000006","5480.41","5480.41","10960.82","10960.82"
"7892","016701348-0030","16038-C3","429.83584500000006","5480.41","5480.41","10960.82","10960.82"
"13859","038472260-0030","16038-M-C3","584.45829","7451.84","7451.84","14903.68","14903.68"
"7893","019011660-0000","16040","493.04812499999997","6286.36","6286.36","12572.72","12572.72"
"7894","019011660-0030","16040-C3","493.04812499999997","6286.36","6286.36","12572.72","12572.72"
"13860","019011709-0000","16040-M","938.878515","11970.7","11970.7","23941.4","23941.4"
"13861","038437430-0030","16040-MA-C3","938.878515","11970.7","11970.7","23941.4","23941.4"
"7895","019000138-0000","16044","721.01826","9192.98","9192.98","18385.96","18385.96"
"7896","019000138-0030","16044-C3","721.01826","9192.98","9192.98","18385.96","18385.96"
"13862","019011776-0000","16044-M","980.415825","12500.3","12500.3","25000.6","25000.6"
"7897","016701372-0000","16048","1082.510295","13802.01","13802.01","27604.02","27604.02"
"7898","016701372-0030","16048-C3","1082.510295","13802.01","13802.01","27604.02","27604.02"
"13863","019011806-0000","16048-M","1471.90662","18766.81","18766.81","37533.62","37533.62"
"13864","019011814-0000","16048-MA","1471.90662","18766.81","18766.81","37533.62","37533.62"
"13865","019011814-0030","16048-MA-C3","1471.90662","18766.81","18766.81","37533.62","37533.62"
"7899","019011830-0000","16052","1473.451185","18786.5","18786.5","37573","37573"
"7900","019011830-0030","16052-C3","1473.451185","18786.5","18786.5","37573","37573"
"13866","019011865-0000","16052-M","2003.5178099999998","25544.85","25544.85","51089.7","51089.7"
"13867","019011865-0030","16052-M-C3","2003.5178099999998","25544.85","25544.85","51089.7","51089.7"
"13868","016701380-0000","16056-M","2802.53022","35732.26","35732.26","71464.52","71464.52"
"13869","016701380-0030","16056-M-C3","2802.53022","35732.26","35732.26","71464.52","71464.52"
"13870","016701399-0000","16060-M","3601.49157","45919.02","45919.02","91838.04","91838.04"
"13871","016701399-0030","16060-M-C3","3601.49157","45919.02","45919.02","91838.04","91838.04"
"13872","019011920-0000","16064-M","4298.66481","54807.98","54807.98","109615.96","109615.96"
"13873","019011954-0000","16068-M","5557.140630000001","70853.54","70853.54","141707.08","141707.08"
"13874","019011970-0000","16072-M","5853.569460000001","74633.01","74633.01","149266.02","149266.02"
"13875","019011970-0030","16072-M-C3","5853.569460000001","74633.01","74633.01","149266.02","149266.02"
"13876","019011997-0000","16076-M","6057.52863","77233.49","77233.49","154466.98","154466.98"
"13877","019011997-0030","16076-M-C3","6057.52863","77233.49","77233.49","154466.98","154466.98"
"7901","038390418-0000","16100","5.51448","70.31","70.31","140.62","140.62"
"7902","060462710-0000","16100-A","5.51448","70.31","70.31","140.62","140.62"
"7903","060463392-0000","16100-A-2Z","6.81651","86.91","86.91","173.82","173.82"
"7904","016701429-0000","16101","5.859134999999999","74.7","74.7","149.4","149.4"
"7905","038670259-0000","16101-2Z","7.22499","92.12","92.12","184.24","184.24"
"7906","060463651-0000","16101-A","5.859134999999999","74.7","74.7","149.4","149.4"
"7907","060464089-0000","16101-A-2RSR","8.09301","103.19","103.19","206.38","206.38"
"7908","060464089-0030","16101-A-2RSR-C3","8.09301","103.19","103.19","206.38","206.38"
"7909","060464216-0000","16101-A-2Z","7.22499","92.12","92.12","184.24","184.24"
"7910","060463651-0030","16101-A-C3","5.859134999999999","74.7","74.7","149.4","149.4"
"7911","038390450-0000","6000","3.1784850000000002","40.53","40.53","81.06","81.06"
"7912","038390469-0000","6000-2RSR","3.8933249999999995","49.64","49.64","99.28","99.28"
"7913","038390469-0030","6000-2RSR-C3","3.8933249999999995","49.64","49.64","99.28","99.28"
"7914","038390477-0000","6000-2Z","3.293370000000001","41.99","41.99","83.98","83.98"
"13878","061345008-0000","6000-C","3.1784850000000002","40.53","40.53","81.06","81.06"
"10918","061940470-0000","6000-C-2HRS","3.8933249999999995","49.64","49.64","99.28","99.28"
"10919","061940470-0030","6000-C-2HRS-C3","3.8933249999999995","49.64","49.64","99.28","99.28"
"10921","069050597-0030","6000-C-2HRS-L038-C3","3.8933249999999995","49.64","49.64","99.28","99.28"
"10922","095768750-0030","6000-C-2HRS-L038-C3>V","3.8933249999999995","49.64","49.64","99.28","99.28"
"10920","095768750-0000","6000-C-2HRS-L038>V","3.8933249999999995","49.64","49.64","99.28","99.28"
"13880","059372230-0000","6000-C-2Z","3.293370000000001","41.99","41.99","83.98","83.98"
"13881","059372230-0030","6000-C-2Z-C3","3.293370000000001","41.99","41.99","83.98","83.98"
"13882","095702679-0030","6000-C-2Z-C3>V","3.293370000000001","41.99","41.99","83.98","83.98"
"13883","069038864-0000","6000-C-2Z-L038","3.293370000000001","41.99","41.99","83.98","83.98"
"11227","069038864-0030","6000-C-2Z-L038-C3","3.293370000000001","41.99","41.99","83.98","83.98"
"11228","095769226-0030","6000-C-2Z-L038-C3>V","3.293370000000001","41.99","41.99","83.98","83.98"
"13884","095769226-0000","6000-C-2Z-L038>V","3.293370000000001","41.99","41.99","83.98","83.98"
"13885","061345008-0030","6000-C-C3","3.1784850000000002","40.53","40.53","81.06","81.06"
"13886","061913367-0000","6000-C-HRS","3.9954450000000006","50.94","50.94","101.88","101.88"
"13887","095769307-0000","6000-C-HRS>V","3.9954450000000006","50.94","50.94","101.88","101.88"
"13888","061913049-0000","6000-C-Z","3.306135","42.15","42.15","84.3","84.3"
"13890","095769323-0030","6000-C-Z-C3>V","3.306135","42.15","42.15","84.3","84.3"
"13891","062098420-0000","6000-C-Z-TVH","3.26784","41.66","41.66","83.32","83.32"
"13892","095769331-0000","6000-C-Z-TVH>V","3.26784","41.66","41.66","83.32","83.32"
"13889","095769323-0000","6000-C-Z>V","3.306135","42.15","42.15","84.3","84.3"
"13879","095702660-0000","6000-C>V","3.1784850000000002","40.53","40.53","81.06","81.06"
"13893","038281252-0000","6000-THB","9.305685","118.65","118.65","237.3","237.3"
"13894","038390507-0000","6000-Z-THB","10.39071","132.48","132.48","264.96","264.96"
"13895","038894831-0030","6000-Z-THB-P6-C3","12.956475","165.2","165.2","330.4","330.4"
"13896","039262430-0030","6000-Z-TVH2-C3","3.26784","41.66","41.66","83.32","83.32"
"7915","038390515-0000","6001","3.3699600000000003","42.97","42.97","85.94","85.94"
"7916","038390523-0000","6001-2RSR","4.174155","53.22","53.22","106.44","106.44"
"7917","038390523-0030","6001-2RSR-C3","4.174155","53.22","53.22","106.44","106.44"
"7918","038390531-0000","6001-2Z","3.5231399999999997","44.92","44.92","89.84","89.84"
"13897","059207248-0000","6001-C","3.3699600000000003","42.97","42.97","85.94","85.94"
"10923","059208899-0000","6001-C-2HRS","4.174155","53.22","53.22","106.44","106.44"
"10924","059208899-0030","6001-C-2HRS-C3","4.174155","53.22","53.22","106.44","106.44"
"10925","095404651-0030","6001-C-2HRS-C3>V","4.174155","53.22","53.22","106.44","106.44"
"10926","059208899-0040","6001-C-2HRS-C4","5.718720000000001","72.91","72.91","145.82","145.82"
"10927","069038929-0000","6001-C-2HRS-L038","4.174155","53.22","53.22","106.44","106.44"
"10929","069038929-0030","6001-C-2HRS-L038-C3","4.174155","53.22","53.22","106.44","106.44"
"10930","095404660-0030","6001-C-2HRS-L038-C3>V","4.174155","53.22","53.22","106.44","106.44"
"10928","095404660-0000","6001-C-2HRS-L038>V","4.174155","53.22","53.22","106.44","106.44"
"13899","059207736-0000","6001-C-2Z","3.5231399999999997","44.92","44.92","89.84","89.84"
"13901","059207736-0020","6001-C-2Z-C2","4.352865","55.5","55.5","111","111"
"13902","059207736-0030","6001-C-2Z-C3","3.5231399999999997","44.92","44.92","89.84","89.84"
"13903","093332629-0030","6001-C-2Z-C3>A","3.5231399999999997","44.92","44.92","89.84","89.84"
"13904","095404716-0030","6001-C-2Z-C3>V","3.5231399999999997","44.92","44.92","89.84","89.84"
"11229","064359832-0030","6001-C-2Z-L038-C3","3.5231399999999997","44.92","44.92","89.84","89.84"
"11230","095404724-0030","6001-C-2Z-L038-C3>V","3.5231399999999997","44.92","44.92","89.84","89.84"
"13905","095404724-0000","6001-C-2Z-L038>V","3.5231399999999997","44.92","44.92","89.84","89.84"
"13906","059407581-0000","6001-C-2Z-L138","3.5231399999999997","44.92","44.92","89.84","89.84"
"13900","095404716-0000","6001-C-2Z>V","3.5231399999999997","44.92","44.92","89.84","89.84"
"13907","059207248-0030","6001-C-C3","3.3699600000000003","42.97","42.97","85.94","85.94"
"13908","095404589-0030","6001-C-C3>V","3.3699600000000003","42.97","42.97","85.94","85.94"
"13909","059924772-0000","6001-C-HRS","5.1698249999999994","65.92","65.92","131.84","131.84"
"13911","059924772-0030","6001-C-HRS-C3","5.1698249999999994","65.92","65.92","131.84","131.84"
"13912","095404791-0030","6001-C-HRS-C3>V","5.1698249999999994","65.92","65.92","131.84","131.84"
"13910","095404791-0000","6001-C-HRS>V","5.1698249999999994","65.92","65.92","131.84","131.84"
"13913","059924144-0000","6001-C-Z","3.612495","46.06","46.06","92.12","92.12"
"13914","059924144-0030","6001-C-Z-C3","3.612495","46.06","46.06","92.12","92.12"
"13915","095404821-0030","6001-C-Z-C3>V","3.612495","46.06","46.06","92.12","92.12"
"13898","093522932-0000","6001-C>A","3.3699600000000003","42.97","42.97","85.94","85.94"
"7919","038390574-0000","6001-Z","3.612495","46.06","46.06","92.12","92.12"
"7920","054558417-0000","6002","3.3189","42.32","42.32","84.64","84.64"
"7921","054565561-0000","6002-2RSR","3.6763199999999996","46.87","46.87","93.74","93.74"
"13916","038913607-0000","6002-2RSR-L038","3.6763199999999996","46.87","46.87","93.74","93.74"
"11231","038913607-0030","6002-2RSR-L038-C3","3.6763199999999996","46.87","46.87","93.74","93.74"
"7922","054567459-0030","6002-2Z-C3","3.0891300000000004","39.39","39.39","78.78","78.78"
"13917","038894980-0000","6002-2Z-L038","3.0891300000000004","39.39","39.39","78.78","78.78"
"11232","038894980-0030","6002-2Z-L038-C3","3.0891300000000004","39.39","39.39","78.78","78.78"
"10932","059642831-0030","6002-C-2HRS-C3","3.6763199999999996","46.87","46.87","93.74","93.74"
"10933","095769366-0030","6002-C-2HRS-C3>V","3.6763199999999996","46.87","46.87","93.74","93.74"
"10931","095769366-0000","6002-C-2HRS>V","3.6763199999999996","46.87","46.87","93.74","93.74"
"13918","059371714-0000","6002-C-2Z","3.0891300000000004","39.39","39.39","78.78","78.78"
"13920","059371714-0030","6002-C-2Z-C3","3.0891300000000004","39.39","39.39","78.78","78.78"
"13921","095702652-0030","6002-C-2Z-C3>V","3.0891300000000004","39.39","39.39","78.78","78.78"
"13919","095702652-0000","6002-C-2Z>V","3.0891300000000004","39.39","39.39","78.78","78.78"
"13922","059812826-0030","6002-C-C3","3.3189","42.32","42.32","84.64","84.64"
"13923","095702644-0030","6002-C-C3>V","3.3189","42.32","42.32","84.64","84.64"
"13924","060840200-0030","6002-C-Z-C3","4.6209299999999995","58.92","58.92","117.84","117.84"
"13925","060840242-0000","6002-C-Z-TVH","4.237979999999999","54.03","54.03","108.06","108.06"
"7923","054558417-0030","6002-C3","3.3189","42.32","42.32","84.64","84.64"
"7924","054567831-0030","6002-RSR-C3","4.429455","56.48","56.48","112.96","112.96"
"13926","038376644-0030","6002-THB-P6-C3","10.543890000000001","134.43","134.43","268.86","268.86"
"13927","019090587-0030","6002-THB-XXX-C3","9.57375","122.07","122.07","244.14","244.14"
"7925","054567866-0000","6002-Z","4.6209299999999995","58.92","58.92","117.84","117.84"
"7926","054567866-0030","6002-Z-C3","4.6209299999999995","58.92","58.92","117.84","117.84"
"13928","054572207-0000","6002-Z-TBH","7.55688","96.35","96.35","192.7","192.7"
"7927","016717015-0000","6003","3.535905","45.08","45.08","90.16","90.16"
"7928","016717023-0000","6003-2RSR","3.80397","48.5","48.5","97","97"
"7929","016717023-0030","6003-2RSR-C3","3.80397","48.5","48.5","97","97"
"13929","038907151-0000","6003-2RSR-L038","3.80397","48.5","48.5","97","97"
"11233","038907151-0030","6003-2RSR-L038-C3","3.80397","48.5","48.5","97","97"
"7930","016717040-0000","6003-2Z","3.3316649999999997","42.48","42.48","84.96","84.96"
"7931","016717040-0030","6003-2Z-C3","3.3316649999999997","42.48","42.48","84.96","84.96"
"13930","038895030-0000","6003-2Z-L038","3.3316649999999997","42.48","42.48","84.96","84.96"
"11234","038895030-0030","6003-2Z-L038-C3","3.3316649999999997","42.48","42.48","84.96","84.96"
"13931","019090730-0000","6003-2Z-N","5.769779999999999","73.56","73.56","147.12","147.12"
"7932","016717015-0030","6003-C3","3.535905","45.08","45.08","90.16","90.16"
"7933","019090781-0000","6003-RSR","4.429455","56.48","56.48","112.96","112.96"
"7934","019090781-0030","6003-RSR-C3","4.429455","56.48","56.48","112.96","112.96"
"13932","019090803-0000","6003-THB","17.334870000000002","221.02","221.02","442.04","442.04"
"13933","019090803-0030","6003-THB-C3","17.334870000000002","221.02","221.02","442.04","442.04"
"7935","016717082-0000","6003-Z","4.659224999999999","59.41","59.41","118.82","118.82"
"7936","016717082-0030","6003-Z-C3","4.659224999999999","59.41","59.41","118.82","118.82"
"2636","016717090-0000","6004","4.301805","54.85","54.85","109.7","109.7"
"7937","016717104-0040","6004-2RSR-C4","5.769779999999999","73.56","73.56","147.12","147.12"
"13934","038895072-0000","6004-2RSR-L038","4.225215","53.87","53.87","107.74","107.74"
"2635","038895072-0030","6004-2RSR-L038-C3","4.225215","53.87","53.87","107.74","107.74"
"7938","016717147-0000","6004-2Z","3.6763199999999996","46.87","46.87","93.74","93.74"
"13935","038895099-0000","6004-2Z-L038","3.6763199999999996","46.87","46.87","93.74","93.74"
"11235","038895099-0030","6004-2Z-L038-C3","3.6763199999999996","46.87","46.87","93.74","93.74"
"11236","038895099-0040","6004-2Z-L038-C4","5.067705","64.61","64.61","129.22","129.22"
"13936","016717180-0000","6004-2Z-N","6.165495000000001","78.61","78.61","157.22","157.22"
"13937","062429876-0000","6004-C","4.301805","54.85","54.85","109.7","109.7"
"10934","061837296-0000","6004-C-2HRS","4.225215","53.87","53.87","107.74","107.74"
"10936","061837296-0030","6004-C-2HRS-C3","4.225215","53.87","53.87","107.74","107.74"
"10937","094981680-0030","6004-C-2HRS-C3>V","4.225215","53.87","53.87","107.74","107.74"
"10939","095220844-0030","6004-C-2HRS-L038-C3>V","4.225215","53.87","53.87","107.74","107.74"
"10938","095220844-0000","6004-C-2HRS-L038>V","4.225215","53.87","53.87","107.74","107.74"
"10935","094981680-0000","6004-C-2HRS>V","4.225215","53.87","53.87","107.74","107.74"
"13939","061808822-0000","6004-C-2Z","3.6763199999999996","46.87","46.87","93.74","93.74"
"13941","061808822-0030","6004-C-2Z-C3","3.6763199999999996","46.87","46.87","93.74","93.74"
"13942","094982660-0030","6004-C-2Z-C3>V","3.6763199999999996","46.87","46.87","93.74","93.74"
"13943","085015466-0000","6004-C-2Z-L038","3.6763199999999996","46.87","46.87","93.74","93.74"
"11237","085015466-0030","6004-C-2Z-L038-C3","3.6763199999999996","46.87","46.87","93.74","93.74"
"11238","095220852-0030","6004-C-2Z-L038-C3>V","3.6763199999999996","46.87","46.87","93.74","93.74"
"13944","095220852-0000","6004-C-2Z-L038>V","3.6763199999999996","46.87","46.87","93.74","93.74"
"13940","094982660-0000","6004-C-2Z>V","3.6763199999999996","46.87","46.87","93.74","93.74"
"13945","062429876-0030","6004-C-C3","4.301805","54.85","54.85","109.7","109.7"
"13946","095121757-0030","6004-C-C3>V","4.301805","54.85","54.85","109.7","109.7"
"13947","062435060-0000","6004-C-HRS","5.20812","66.4","66.4","132.8","132.8"
"13948","062435060-0030","6004-C-HRS-C3","5.20812","66.4","66.4","132.8","132.8"
"13949","062435213-0000","6004-C-Z","4.82517","61.52","61.52","123.04","123.04"
"13951","062435213-0030","6004-C-Z-C3","4.82517","61.52","61.52","123.04","123.04"
"13952","095121722-0030","6004-C-Z-C3>V","4.82517","61.52","61.52","123.04","123.04"
"13950","095121722-0000","6004-C-Z>V","4.82517","61.52","61.52","123.04","123.04"
"7939","016717090-0030","6004-C3","4.301805","54.85","54.85","109.7","109.7"
"13938","095121757-0000","6004-C>V","4.301805","54.85","54.85","109.7","109.7"
"13953","019091230-0000","6004-TB","18.534779999999998","236.32","236.32","472.64","472.64"
"13954","038448270-0030","6004-TB-P6-C3","19.696395","251.13","251.13","502.26","502.26"
"7940","016717228-0000","6004-Z","4.82517","61.52","61.52","123.04","123.04"
"13955","016717236-0000","6004-Z-THB","12.420345000000001","158.36","158.36","316.72","316.72"
"7941","016717244-0000","6005","4.95282","63.15","63.15","126.3","126.3"
"7942","016717252-0000","6005-2RSR","4.888995","62.33","62.33","124.66","124.66"
"7943","016717252-0030","6005-2RSR-C3","4.888995","62.33","62.33","124.66","124.66"
"13956","038913445-0000","6005-2RSR-L038","4.888995","62.33","62.33","124.66","124.66"
"11239","038913445-0030","6005-2RSR-L038-C3","4.888995","62.33","62.33","124.66","124.66"
"7944","016717279-0000","6005-2Z","4.225215","53.87","53.87","107.74","107.74"
"7945","016717279-0020","6005-2Z-C2","6.420795","81.87","81.87","163.74","163.74"
"7946","016717279-0030","6005-2Z-C3","4.225215","53.87","53.87","107.74","107.74"
"13957","038895161-0000","6005-2Z-L038","4.225215","53.87","53.87","107.74","107.74"
"11240","038895161-0020","6005-2Z-L038-C2","6.420795","81.87","81.87","163.74","163.74"
"11241","038895161-0030","6005-2Z-L038-C3","4.225215","53.87","53.87","107.74","107.74"
"11242","038895161-4030","6005-2Z-L038-C3-J22R","6.28038","80.07","80.07","160.14","160.14"
"13958","019002629-0000","6005-2Z-N","6.420795","81.87","81.87","163.74","163.74"
"13959","068974736-0000","6005-2Z-N-L038","6.420795","81.87","81.87","163.74","163.74"
"11243","098617630-0030","6005-B-2Z-L038-C3","4.225215","53.87","53.87","107.74","107.74"
"10942","095220968-0030","6005-C-2HRS-L038-C3>V","4.888995","62.33","62.33","124.66","124.66"
"10941","095220968-0000","6005-C-2HRS-L038>V","4.888995","62.33","62.33","124.66","124.66"
"10940","094982694-0000","6005-C-2HRS>V","4.888995","62.33","62.33","124.66","124.66"
"11244","095220976-0020","6005-C-2Z-L038-C2>V","7.48029","95.37","95.37","190.74","190.74"
"11245","095220976-0030","6005-C-2Z-L038-C3>V","4.225215","53.87","53.87","107.74","107.74"
"13961","095220976-0000","6005-C-2Z-L038>V","4.225215","53.87","53.87","107.74","107.74"
"13962","094982678-0030","6005-C-C3>V","4.95282","63.15","63.15","126.3","126.3"
"13964","095212949-0030","6005-C-HRS-C3>V","6.420795","81.87","81.87","163.74","163.74"
"13963","095212949-0000","6005-C-HRS>V","6.420795","81.87","81.87","163.74","163.74"
"13966","095220984-0030","6005-C-Z-C3>V","5.33577","68.03","68.03","136.06","136.06"
"13965","095220984-0000","6005-C-Z>V","5.33577","68.03","68.03","136.06","136.06"
"7947","016717244-0030","6005-C3","4.95282","63.15","63.15","126.3","126.3"
"7948","016717244-0040","6005-C4","5.74425","73.24","73.24","146.48","146.48"
"13960","094982678-0000","6005-C>V","4.95282","63.15","63.15","126.3","126.3"
"13967","038448343-0030","6005-MA-C3","11.041725000000001","140.78","140.78","281.56","281.56"
"13968","016717317-0000","6005-N","6.880335","87.72","87.72","175.44","175.44"
"7949","019091532-0000","6005-RSR","6.420795","81.87","81.87","163.74","163.74"
"7950","019091532-0030","6005-RSR-C3","6.420795","81.87","81.87","163.74","163.74"
"13969","019091567-0000","6005-TB","20.88354","266.27","266.27","532.54","532.54"
"13970","038448360-0030","6005-TB-P6-C3","22.325984999999996","284.66","284.66","569.32","569.32"
"7951","016717333-0000","6005-Z","5.33577","68.03","68.03","136.06","136.06"
"7952","016717333-0030","6005-Z-C3","5.33577","68.03","68.03","136.06","136.06"
"7953","016717341-0000","6006","5.667660000000001","72.26","72.26","144.52","144.52"
"7954","016717350-0000","6006-2RSR","5.935725000000001","75.68","75.68","151.36","151.36"
"7955","016717350-0030","6006-2RSR-C3","5.935725000000001","75.68","75.68","151.36","151.36"
"13971","038913429-0000","6006-2RSR-L038","5.935725000000001","75.68","75.68","151.36","151.36"
"11246","038913429-0030","6006-2RSR-L038-C3","5.935725000000001","75.68","75.68","151.36","151.36"
"13972","019091630-0000","6006-2RSR-N","9.982230000000001","127.27","127.27","254.54","254.54"
"7956","016717376-0000","6006-2Z","5.13153","65.43","65.43","130.86","130.86"
"7957","016717376-0030","6006-2Z-C3","5.13153","65.43","65.43","130.86","130.86"
"13973","038907372-0000","6006-2Z-L038","5.13153","65.43","65.43","130.86","130.86"
"11247","038907372-0030","6006-2Z-L038-C3","5.13153","65.43","65.43","130.86","130.86"
"13974","038284910-0030","6006-2Z-TVH-C3","7.454759999999999","95.05","95.05","190.1","190.1"
"10945","095561374-0030","6006-C-2HRS-L038-C3>V","5.935725000000001","75.68","75.68","151.36","151.36"
"10944","095561374-0000","6006-C-2HRS-L038>V","5.935725000000001","75.68","75.68","151.36","151.36"
"10943","095561366-0000","6006-C-2HRS>V","5.935725000000001","75.68","75.68","151.36","151.36"
"11248","095561390-0030","6006-C-2Z-L038-C3>V","5.13153","65.43","65.43","130.86","130.86"
"13976","095561390-0000","6006-C-2Z-L038>V","5.13153","65.43","65.43","130.86","130.86"
"13977","095561358-0030","6006-C-C3>V","5.667660000000001","72.26","72.26","144.52","144.52"
"13978","095561404-0000","6006-C-Z>V","6.242084999999999","79.59","79.59","159.18","159.18"
"7958","016717341-0030","6006-C3","5.667660000000001","72.26","72.26","144.52","144.52"
"13975","095561358-0000","6006-C>V","5.667660000000001","72.26","72.26","144.52","144.52"
"13979","038876434-0000","6006-L038","5.667660000000001","72.26","72.26","144.52","144.52"
"13980","038448378-0030","6006-MA-C3","23.53866","300.12","300.12","600.24","600.24"
"13981","019091796-0000","6006-N","8.692965","110.84","110.84","221.68","221.68"
"7959","016717406-0000","6006-RSR","7.544115","96.19","96.19","192.38","192.38"
"7960","016717406-0030","6006-RSR-C3","7.544115","96.19","96.19","192.38","192.38"
"13982","019091818-0000","6006-TB","25.747005","328.27","328.27","656.54","656.54"
"13983","038376679-0030","6006-TB-P6-C3","29.512680000000007","376.29","376.29","752.58","752.58"
"7961","016717422-0000","6006-Z","6.242084999999999","79.59","79.59","159.18","159.18"
"7962","016717422-0030","6006-Z-C3","6.242084999999999","79.59","79.59","159.18","159.18"
"7963","016717430-0000","6007","7.0335149999999995","89.68","89.68","179.36","179.36"
"7964","016717449-0000","6007-2RSR","7.17393","91.47","91.47","182.94","182.94"
"7965","016717449-0030","6007-2RSR-C3","7.17393","91.47","91.47","182.94","182.94"
"13984","063063336-0000","6007-2RSR-L038","7.17393","91.47","91.47","182.94","182.94"
"11249","063063336-0030","6007-2RSR-L038-C3","7.17393","91.47","91.47","182.94","182.94"
"13985","061368172-0000","6007-2RSR-L207","7.17393","91.47","91.47","182.94","182.94"
"7966","016717465-0000","6007-2Z","6.395265000000001","81.54","81.54","163.08","163.08"
"7967","016717465-0030","6007-2Z-C3","6.395265000000001","81.54","81.54","163.08","163.08"
"13986","038895250-0000","6007-2Z-L038","6.395265000000001","81.54","81.54","163.08","163.08"
"11250","038895250-0030","6007-2Z-L038-C3","6.395265000000001","81.54","81.54","163.08","163.08"
"10947","095562230-0030","6007-C-2HRS-L038-C3>V","7.17393","91.47","91.47","182.94","182.94"
"10946","095562230-0000","6007-C-2HRS-L038>V","7.17393","91.47","91.47","182.94","182.94"
"11251","095562257-0030","6007-C-2Z-L038-C3>V","6.395265000000001","81.54","81.54","163.08","163.08"
"13988","095562257-0000","6007-C-2Z-L038>V","6.395265000000001","81.54","81.54","163.08","163.08"
"13989","095562214-0030","6007-C-C3>V","7.0335149999999995","89.68","89.68","179.36","179.36"
"13991","095562265-0030","6007-C-HRS-C3>V","7.659","97.65","97.65","195.3","195.3"
"13990","095562265-0000","6007-C-HRS>V","7.659","97.65","97.65","195.3","195.3"
"13992","095562273-0000","6007-C-Z>V","7.263285000000001","92.61","92.61","185.22","185.22"
"7968","016717430-0030","6007-C3","7.0335149999999995","89.68","89.68","179.36","179.36"
"13987","095562214-0000","6007-C>V","7.0335149999999995","89.68","89.68","179.36","179.36"
"13993","019092121-0000","6007-N","9.560984999999999","121.9","121.9","243.8","243.8"
"13994","039713130-0000","6007-NR","10.531125","134.27","134.27","268.54","268.54"
"13995","038448394-0020","6007-P6-C2","30.55941","389.63","389.63","779.26","779.26"
"7969","019092148-0000","6007-RSR","7.659","97.65","97.65","195.3","195.3"
"7970","019092148-0030","6007-RSR-C3","7.659","97.65","97.65","195.3","195.3"
"13996","019092164-0000","6007-TB","32.11674","409.49","409.49","818.98","818.98"
"13997","038448467-0030","6007-TB-P6-C3","32.11674","409.49","409.49","818.98","818.98"
"7971","016717503-0000","6007-Z","7.263285000000001","92.61","92.61","185.22","185.22"
"7972","016717503-0030","6007-Z-C3","7.263285000000001","92.61","92.61","185.22","185.22"
"7973","016717511-0000","6008","8.820615","112.46","112.46","224.92","224.92"
"7974","016717520-0000","6008-2RSR","9.08868","115.88","115.88","231.76","231.76"
"7975","016717520-0030","6008-2RSR-C3","9.08868","115.88","115.88","231.76","231.76"
"7976","016717520-0040","6008-2RSR-C4","9.816285","125.16","125.16","250.32","250.32"
"13998","038913259-0000","6008-2RSR-L038","9.08868","115.88","115.88","231.76","231.76"
"11252","038913259-0030","6008-2RSR-L038-C3","9.08868","115.88","115.88","231.76","231.76"
"7977","016717546-0000","6008-2Z","7.9525950000000005","101.4","101.4","202.8","202.8"
"7978","016717546-0030","6008-2Z-C3","7.9525950000000005","101.4","101.4","202.8","202.8"
"13999","038895315-0000","6008-2Z-L038","7.9525950000000005","101.4","101.4","202.8","202.8"
"11253","038895315-0030","6008-2Z-L038-C3","7.9525950000000005","101.4","101.4","202.8","202.8"
"7979","016717511-0030","6008-C3","8.820615","112.46","112.46","224.92","224.92"
"14000","019092431-0030","6008-MA-C3","33.29112","424.46","424.46","848.92","848.92"
"7980","019002653-0000","6008-RSR","11.169374999999997","142.41","142.41","284.82","284.82"
"7981","019002653-0030","6008-RSR-C3","11.169374999999997","142.41","142.41","284.82","284.82"
"14001","019092482-0000","6008-TB","29.3595","374.33","374.33","748.66","748.66"
"14002","038282470-0030","6008-TB-P6-C3","32.11674","409.49","409.49","818.98","818.98"
"7982","016717597-0000","6008-Z","10.326885","131.67","131.67","263.34","263.34"
"7983","016717597-0030","6008-Z-C3","10.326885","131.67","131.67","263.34","263.34"
"7984","016717600-0000","6009","11.424674999999999","145.66","145.66","291.32","291.32"
"7985","016717619-0000","6009-2RSR","11.79486","150.38","150.38","300.76","300.76"
"7986","016717619-0030","6009-2RSR-C3","11.79486","150.38","150.38","300.76","300.76"
"14003","068960964-0000","6009-2RSR-L038","11.79486","150.38","150.38","300.76","300.76"
"11254","068960964-0030","6009-2RSR-L038-C3","11.79486","150.38","150.38","300.76","300.76"
"7987","016717635-0000","6009-2Z","10.365179999999999","132.16","132.16","264.32","264.32"
"7988","016717635-0030","6009-2Z-C3","10.365179999999999","132.16","132.16","264.32","264.32"
"14004","039048144-0000","6009-2Z-L038","10.365179999999999","132.16","132.16","264.32","264.32"
"11255","039048144-0030","6009-2Z-L038-C3","10.365179999999999","132.16","132.16","264.32","264.32"
"7989","016717600-0030","6009-C3","11.424674999999999","145.66","145.66","291.32","291.32"
"7990","019092725-0000","6009-RSR","14.462745","184.4","184.4","368.8","368.8"
"7991","019092725-0030","6009-RSR-C3","14.462745","184.4","184.4","368.8","368.8"
"14005","038448548-0030","6009-TB-P6-C3","37.133385","473.45","473.45","946.9","946.9"
"7992","019002661-0000","6009-Z","12.982005","165.52","165.52","331.04","331.04"
"7993","019002661-0030","6009-Z-C3","12.982005","165.52","165.52","331.04","331.04"
"7994","016717660-0000","6010","13.160715000000003","167.8","167.8","335.6","335.6"
"7995","016717678-0000","6010-2RSR","13.671315","174.31","174.31","348.62","348.62"
"7996","016717678-0020","6010-2RSR-C2","14.488275","184.73","184.73","369.46","369.46"
"7997","016717678-0030","6010-2RSR-C3","13.671315","174.31","174.31","348.62","348.62"
"14006","039240347-0000","6010-2RSR-L038","13.671315","174.31","174.31","348.62","348.62"
"11256","039240347-0030","6010-2RSR-L038-C3","13.671315","174.31","174.31","348.62","348.62"
"7998","016717694-0000","6010-2Z","11.986335000000002","152.83","152.83","305.66","305.66"
"7999","016717694-0030","6010-2Z-C3","11.986335000000002","152.83","152.83","305.66","305.66"
"14007","039059766-0000","6010-2Z-L038","11.986335000000002","152.83","152.83","305.66","305.66"
"11257","039059766-0030","6010-2Z-L038-C3","11.986335000000002","152.83","152.83","305.66","305.66"
"8000","016717660-0020","6010-C2","13.556429999999999","172.84","172.84","345.68","345.68"
"8001","016717660-0030","6010-C3","13.160715000000003","167.8","167.8","335.6","335.6"
"14008","038904888-0030","6010-MA-C3","26.602259999999998","339.18","339.18","678.36","678.36"
"8002","019092997-0000","6010-RSR","16.403025","209.14","209.14","418.28","418.28"
"8003","019092997-0030","6010-RSR-C3","16.403025","209.14","209.14","418.28","418.28"
"14009","038904896-0030","6010-TA-C3","99.758475","1271.92","1271.92","2543.84","2543.84"
"14010","019093039-0000","6010-TB","41.971320000000006","535.13","535.13","1070.26","1070.26"
"14011","038448629-0030","6010-TB-P6-C3","41.971320000000006","535.13","535.13","1070.26","1070.26"
"8004","019093047-0000","6010-Z","15.01164","191.4","191.4","382.8","382.8"
"8005","019093047-0030","6010-Z-C3","15.01164","191.4","191.4","382.8","382.8"
"8006","016717740-0000","6011","16.556205000000002","211.09","211.09","422.18","422.18"
"8007","016717759-0000","6011-2RSR","17.041275","217.28","217.28","434.56","434.56"
"8008","016717759-0030","6011-2RSR-C3","17.041275","217.28","217.28","434.56","434.56"
"14012","039093670-0000","6011-2RSR-L038","17.041275","217.28","217.28","434.56","434.56"
"11258","039093670-0030","6011-2RSR-L038-C3","17.041275","217.28","217.28","434.56","434.56"
"8009","016717783-0000","6011-2Z","15.420119999999999","196.61","196.61","393.22","393.22"
"8010","016717783-0030","6011-2Z-C3","15.420119999999999","196.61","196.61","393.22","393.22"
"14013","038895374-0000","6011-2Z-L038","15.420119999999999","196.61","196.61","393.22","393.22"
"11259","038895374-0030","6011-2Z-L038-C3","15.420119999999999","196.61","196.61","393.22","393.22"
"8011","016717740-0030","6011-C3","16.556205000000002","211.09","211.09","422.18","422.18"
"14014","038913194-0000","6011-NR","26.155485","333.48","333.48","666.96","666.96"
"8012","019093195-0000","6011-RSR","21.994095","280.42","280.42","560.84","560.84"
"14015","038448670-0030","6011-TB-P6-C3","51.87696000000001","661.43","661.43","1322.86","1322.86"
"8013","016717830-0000","6011-Z","21.445200000000003","273.43","273.43","546.86","546.86"
"8014","016717830-0030","6011-Z-C3","21.445200000000003","273.43","273.43","546.86","546.86"
"8015","016717848-0000","6012","20.730359999999997","264.31","264.31","528.62","528.62"
"8016","016717856-0000","6012-2RSR","19.6581","250.64","250.64","501.28","501.28"
"8017","016717856-0030","6012-2RSR-C3","19.6581","250.64","250.64","501.28","501.28"
"14016","038914417-0000","6012-2RSR-L038","19.6581","250.64","250.64","501.28","501.28"
"11260","038914417-0030","6012-2RSR-L038-C3","19.6581","250.64","250.64","501.28","501.28"
"8018","016717872-0000","6012-2Z","17.628465000000002","224.76","224.76","449.52","449.52"
"8019","016717872-0030","6012-2Z-C3","17.628465000000002","224.76","224.76","449.52","449.52"
"14017","068961626-0000","6012-2Z-L038","17.628465000000002","224.76","224.76","449.52","449.52"
"11261","068961626-0030","6012-2Z-L038-C3","17.628465000000002","224.76","224.76","449.52","449.52"
"8020","016717848-0030","6012-C3","20.730359999999997","264.31","264.31","528.62","528.62"
"14019","038404125-0030","6012-M-C3","41.94579","534.81","534.81","1069.62","1069.62"
"14018","038404133-0030","6012-MA-C3","41.94579","534.81","534.81","1069.62","1069.62"
"14020","038404109-0000","6012-P5","37.490805","478.01","478.01","956.02","956.02"
"8021","019093390-0000","6012-RSR","26.346960000000006","335.92","335.92","671.84","671.84"
"8022","019093390-0030","6012-RSR-C3","26.346960000000006","335.92","335.92","671.84","671.84"
"14021","038895390-0030","6012-TB-P6-C3","51.87696000000001","661.43","661.43","1322.86","1322.86"
"8023","019093411-0000","6012-Z","24.496035000000003","312.32","312.32","624.64","624.64"
"8024","019093411-0030","6012-Z-C3","24.496035000000003","312.32","312.32","624.64","624.64"
"8025","016717929-0000","6013","25.619355000000006","326.65","326.65","653.3","653.3"
"8026","016717937-0000","6013-2RSR","24.827924999999997","316.56","316.56","633.12","633.12"
"8027","016717937-0030","6013-2RSR-C3","24.827924999999997","316.56","316.56","633.12","633.12"
"14022","039077870-0000","6013-2RSR-L038","24.827924999999997","316.56","316.56","633.12","633.12"
"11262","039077870-0030","6013-2RSR-L038-C3","24.827924999999997","316.56","316.56","633.12","633.12"
"8028","016717953-0000","6013-2Z","22.236630000000005","283.52","283.52","567.04","567.04"
"8029","016717953-0030","6013-2Z-C3","22.236630000000005","283.52","283.52","567.04","567.04"
"14023","038895412-0000","6013-2Z-L038","22.236630000000005","283.52","283.52","567.04","567.04"
"11263","038895412-0030","6013-2Z-L038-C3","22.236630000000005","283.52","283.52","567.04","567.04"
"8030","016717929-0030","6013-C3","25.619355000000006","326.65","326.65","653.3","653.3"
"8031","016717929-0040","6013-C4","27.138390000000005","346.01","346.01","692.02","692.02"
"14024","019093594-0000","6013-M","96.73317","1233.35","1233.35","2466.7","2466.7"
"14025","019093594-0030","6013-M-C3","96.73317","1233.35","1233.35","2466.7","2466.7"
"14026","019093624-0000","6013-N","36.86532","470.03","470.03","940.06","940.06"
"14027","038913070-0000","6013-NR","37.73334","481.1","481.1","962.2","962.2"
"8032","019093640-0000","6013-RSR","33.31665","424.79","424.79","849.58","849.58"
"14028","019093659-0030","6013-TB-C3","61.706010000000006","786.75","786.75","1573.5","1573.5"
"14029","038404168-0030","6013-TB-P5-C3","96.17151","1226.19","1226.19","2452.38","2452.38"
"14030","038895420-0030","6013-TB-P6-C3","63.978179999999995","815.72","815.72","1631.44","1631.44"
"8033","019093683-0000","6013-Z","28.619130000000002","364.89","364.89","729.78","729.78"
"8034","019093683-0030","6013-Z-C3","28.619130000000002","364.89","364.89","729.78","729.78"
"8035","016718011-0000","6014","32.767755","417.79","417.79","835.58","835.58"
"8036","016718020-0000","6014-2RSR","31.006185","395.33","395.33","790.66","790.66"
"8037","016718020-0030","6014-2RSR-C3","31.006185","395.33","395.33","790.66","790.66"
"14031","038914425-0000","6014-2RSR-L038","31.006185","395.33","395.33","790.66","790.66"
"11264","038914425-0030","6014-2RSR-L038-C3","31.006185","395.33","395.33","790.66","790.66"
"8038","016718046-0000","6014-2Z","27.674519999999998","352.85","352.85","705.7","705.7"
"8039","016718046-0030","6014-2Z-C3","27.674519999999998","352.85","352.85","705.7","705.7"
"14032","038963604-0000","6014-2Z-L038","27.674519999999998","352.85","352.85","705.7","705.7"
"11265","038963604-0030","6014-2Z-L038-C3","27.674519999999998","352.85","352.85","705.7","705.7"
"8040","016718011-0030","6014-C3","32.767755","417.79","417.79","835.58","835.58"
"8041","016718011-0040","6014-C4","34.43997","439.11","439.11","878.22","878.22"
"14033","019093853-0000","6014-M","110.74914","1412.05","1412.05","2824.1","2824.1"
"14034","019093853-0030","6014-M-C3","110.74914","1412.05","1412.05","2824.1","2824.1"
"14035","019093853-0040","6014-M-C4","116.31468000000001","1483.01","1483.01","2966.02","2966.02"
"14036","019093888-0000","6014-N","40.848","520.81","520.81","1041.62","1041.62"
"8042","019093900-0000","6014-RSR","40.809704999999994","520.32","520.32","1040.64","1040.64"
"14037","019093918-0000","6014-TB","83.725635","1067.5","1067.5","2135","2135"
"14038","038376709-0000","6014-TB-P6","100.46055000000001","1280.87","1280.87","2561.74","2561.74"
"8043","019093926-0000","6014-Z","35.193105","448.71","448.71","897.42","897.42"
"8044","019093926-0030","6014-Z-C3","35.193105","448.71","448.71","897.42","897.42"
"8045","016718070-0000","6015","35.256930000000004","449.53","449.53","899.06","899.06"
"8046","016718089-0000","6015-2RSR","46.477365000000006","592.59","592.59","1185.18","1185.18"
"8047","016718089-0030","6015-2RSR-C3","46.477365000000006","592.59","592.59","1185.18","1185.18"
"8048","016718100-0000","6015-2Z","41.79261","532.86","532.86","1065.72","1065.72"
"8049","016718100-0030","6015-2Z-C3","41.79261","532.86","532.86","1065.72","1065.72"
"14039","038773570-0000","6015-2Z-L075","45.23916","576.8","576.8","1153.6","1153.6"
"14040","085560650-0000","6015-2Z-L252","52.374795","667.78","667.78","1335.56","1335.56"
"8050","016718070-0030","6015-C3","35.256930000000004","449.53","449.53","899.06","899.06"
"8051","016718070-0040","6015-C4","37.069559999999996","472.64","472.64","945.28","945.28"
"14041","019094043-0000","6015-M","126.55221","1613.54","1613.54","3227.08","3227.08"
"14042","019094043-0030","6015-M-C3","126.55221","1613.54","1613.54","3227.08","3227.08"
"14043","019094043-0040","6015-M-C4","134.045265","1709.08","1709.08","3418.16","3418.16"
"14044","038404222-0000","6015-N","50.689815","646.3","646.3","1292.6","1292.6"
"14045","038475600-0000","6015-NR","54.02148","688.77","688.77","1377.54","1377.54"
"8052","019094086-0000","6015-RSR","39.724680000000006","506.49","506.49","1012.98","1012.98"
"8053","016718143-0000","6015-Z","39.073665","498.19","498.19","996.38","996.38"
"8054","016718151-0000","6016","43.720125","557.43","557.43","1114.86","1114.86"
"8055","016718160-0000","6016-2RSR","59.101949999999995","753.55","753.55","1507.1","1507.1"
"8056","016718160-0030","6016-2RSR-C3","59.101949999999995","753.55","753.55","1507.1","1507.1"
"8057","016718186-0000","6016-2Z","53.68959","684.54","684.54","1369.08","1369.08"
"8058","016718186-0030","6016-2Z-C3","53.68959","684.54","684.54","1369.08","1369.08"
"8059","016718151-0030","6016-C3","43.720125","557.43","557.43","1114.86","1114.86"
"8060","016718151-0040","6016-C4","46.31142","590.47","590.47","1180.94","1180.94"
"14046","019094175-0000","6016-M","126.93516000000001","1618.42","1618.42","3236.84","3236.84"
"14047","019094175-0030","6016-M-C3","126.93516000000001","1618.42","1618.42","3236.84","3236.84"
"14048","019094175-0040","6016-M-C4","134.428215","1713.96","1713.96","3427.92","3427.92"
"14049","019094256-0000","6016-N","57.85098","737.6","737.6","1475.2","1475.2"
"14050","019094256-0030","6016-N-C3","57.85098","737.6","737.6","1475.2","1475.2"
"14051","039766152-0000","6016-NR","61.75707","787.4","787.4","1574.8","1574.8"
"14052","084435968-0030","6016-TA-L252/20-C3","180.76516499999997","2304.76","2304.76","4609.52","4609.52"
"8061","019094272-0000","6016-Z","49.80903","635.07","635.07","1270.14","1270.14"
"8062","019094272-0030","6016-Z-C3","49.80903","635.07","635.07","1270.14","1270.14"
"14053","055995730-0000","6016-Z-L271","49.860090000000014","635.72","635.72","1271.44","1271.44"
"8063","016718208-0000","6017","48.53253","618.79","618.79","1237.58","1237.58"
"8064","016718216-0000","6017-2RSR","63.097395000000006","804.49","804.49","1608.98","1608.98"
"8065","016718216-0030","6017-2RSR-C3","63.097395000000006","804.49","804.49","1608.98","1608.98"
"14054","088492605-0000","6017-2RSR-L058","63.097395000000006","804.49","804.49","1608.98","1608.98"
"8066","016718232-0000","6017-2Z","56.45959500000001","719.86","719.86","1439.72","1439.72"
"8067","016718232-0030","6017-2Z-C3","56.45959500000001","719.86","719.86","1439.72","1439.72"
"8068","016718208-0030","6017-C3","48.53253","618.79","618.79","1237.58","1237.58"
"14055","038404281-0000","6017-M","127.26705000000003","1622.65","1622.65","3245.3","3245.3"
"14056","038404281-0030","6017-M-C3","127.26705000000003","1622.65","1622.65","3245.3","3245.3"
"14057","019094337-0000","6017-N","56.14046999999999","715.79","715.79","1431.58","1431.58"
"14058","019094337-0030","6017-N-C3","56.14046999999999","715.79","715.79","1431.58","1431.58"
"14059","038046393-0000","6017-NR","65.58657000000001","836.23","836.23","1672.46","1672.46"
"8069","016718259-0000","6017-Z","53.00028000000001","675.75","675.75","1351.5","1351.5"
"8070","016718259-0030","6017-Z-C3","53.00028000000001","675.75","675.75","1351.5","1351.5"
"8071","016718267-0000","6018","57.36590999999999","731.42","731.42","1462.84","1462.84"
"8072","016718275-0000","6018-2RSR","79.61530499999999","1015.1","1015.1","2030.2","2030.2"
"8073","016718275-0030","6018-2RSR-C3","79.61530499999999","1015.1","1015.1","2030.2","2030.2"
"8074","016718283-0000","6018-2Z","67.55238","861.29","861.29","1722.58","1722.58"
"8075","016718283-0030","6018-2Z-C3","67.55238","861.29","861.29","1722.58","1722.58"
"8076","016718267-0030","6018-C3","57.36590999999999","731.42","731.42","1462.84","1462.84"
"8077","016718267-0040","6018-C4","60.50610000000001","771.45","771.45","1542.9","1542.9"
"14060","038404311-0000","6018-M","127.63723499999999","1627.37","1627.37","3254.74","3254.74"
"14061","038404311-0030","6018-M-C3","127.63723499999999","1627.37","1627.37","3254.74","3254.74"
"14062","038404311-0040","6018-M-C4","137.82370500000002","1757.25","1757.25","3514.5","3514.5"
"14063","019094434-0000","6018-N","68.98205999999999","879.52","879.52","1759.04","1759.04"
"8078","019094442-0000","6018-Z","66.595005","849.09","849.09","1698.18","1698.18"
"8079","019094442-0030","6018-Z-C3","66.595005","849.09","849.09","1698.18","1698.18"
"8080","016718305-0000","6019","63.097395000000006","804.49","804.49","1608.98","1608.98"
"8081","038475618-0000","6019-2RSR","84.61918500000002","1078.89","1078.89","2157.78","2157.78"
"8082","038475618-0030","6019-2RSR-C3","84.61918500000002","1078.89","1078.89","2157.78","2157.78"
"8083","019007230-0000","6019-2Z","76.577235","976.36","976.36","1952.72","1952.72"
"8084","019007230-0030","6019-2Z-C3","76.577235","976.36","976.36","1952.72","1952.72"
"8085","016718305-0030","6019-C3","63.097395000000006","804.49","804.49","1608.98","1608.98"
"8086","016718305-0040","6019-C4","72.09672","919.23","919.23","1838.46","1838.46"
"14065","038404338-0030","6019-M-C3","135.51324","1727.79","1727.79","3455.58","3455.58"
"14066","038404338-0040","6019-M-C4","146.350725","1865.97","1865.97","3731.94","3731.94"
"14064","016718330-0000","6019-MA","135.51324","1727.79","1727.79","3455.58","3455.58"
"14067","019094515-0000","6019-N","78.77281500000001","1004.35","1004.35","2008.7","2008.7"
"8087","019094523-0000","6019-Z","69.85008","890.59","890.59","1781.18","1781.18"
"8088","016718348-0000","6020","69.88837500000001","891.08","891.08","1782.16","1782.16"
"8089","016718356-0000","6020-2RSR","99.34999499999999","1266.71","1266.71","2533.42","2533.42"
"8090","016718356-0030","6020-2RSR-C3","99.34999499999999","1266.71","1266.71","2533.42","2533.42"
"8091","016718372-0000","6020-2Z","87.07006499999999","1110.14","1110.14","2220.28","2220.28"
"8092","016718372-0030","6020-2Z-C3","87.07006499999999","1110.14","1110.14","2220.28","2220.28"
"8093","016718348-0020","6020-C2","83.980935","1070.76","1070.76","2141.52","2141.52"
"8094","016718348-0030","6020-C3","69.88837500000001","891.08","891.08","1782.16","1782.16"
"8095","016718348-0040","6020-C4","80.87903999999999","1031.21","1031.21","2062.42","2062.42"
"14068","038382032-0030","6020-M-C3","160.14969","2041.91","2041.91","4083.82","4083.82"
"14069","038382032-0040","6020-M-C4","172.94021999999998","2204.99","2204.99","4409.98","4409.98"
"14070","019094680-0000","6020-N","98.46921","1255.48","1255.48","2510.96","2510.96"
"8096","016718399-0000","6020-Z","79.538715","1014.12","1014.12","2028.24","2028.24"
"8097","016718399-0030","6020-Z-C3","79.538715","1014.12","1014.12","2028.24","2028.24"
"8098","016718402-0000","6021","88.244445","1125.12","1125.12","2250.24","2250.24"
"8099","019094710-0000","6021-2Z","105.86014500000003","1349.72","1349.72","2699.44","2699.44"
"8100","019094710-0030","6021-2Z-C3","105.86014500000003","1349.72","1349.72","2699.44","2699.44"
"8101","019094710-0040","6021-2Z-C4","117.20823000000001","1494.4","1494.4","2988.8","2988.8"
"8102","016718402-0030","6021-C3","88.244445","1125.12","1125.12","2250.24","2250.24"
"8103","016718402-0040","6021-C4","102.22211999999999","1303.33","1303.33","2606.66","2606.66"
"14071","038404397-0000","6021-M","185.947755","2370.83","2370.83","4741.66","4741.66"
"14072","038404397-0030","6021-M-C3","185.947755","2370.83","2370.83","4741.66","4741.66"
"14073","038404397-0040","6021-M-C4","200.84450999999999","2560.77","2560.77","5121.54","5121.54"
"14074","038404389-0040","6021-M-S1-C4","224.95759499999997","2868.21","2868.21","5736.42","5736.42"
"8104","038404419-0000","6021-Z","97.71607499999999","1245.88","1245.88","2491.76","2491.76"
"8105","016718445-0000","6022","106.00056000000002","1351.51","1351.51","2703.02","2703.02"
"8106","019094817-0000","6022-2RSR","155.91171","1987.87","1987.87","3975.74","3975.74"
"8107","019094817-0030","6022-2RSR-C3","155.91171","1987.87","1987.87","3975.74","3975.74"
"8108","016718453-0000","6022-2Z","126.973455","1618.91","1618.91","3237.82","3237.82"
"8109","016718453-0030","6022-2Z-C3","126.973455","1618.91","1618.91","3237.82","3237.82"
"8110","016718445-0030","6022-C3","106.00056000000002","1351.51","1351.51","2703.02","2703.02"
"14075","038404427-0030","6022-M-C3","211.80964500000002","2700.57","2700.57","5401.14","5401.14"
"14076","038404427-0040","6022-M-C4","224.71506","2865.12","2865.12","5730.24","5730.24"
"8111","016718470-0000","6024","126.16926","1608.66","1608.66","3217.32","3217.32"
"8112","016718488-0000","6024-2RSR","179.99926499999998","2294.99","2294.99","4589.98","4589.98"
"8113","016718488-0030","6024-2RSR-C3","179.99926499999998","2294.99","2294.99","4589.98","4589.98"
"8114","016718496-0000","6024-2Z","146.912385","1873.13","1873.13","3746.26","3746.26"
"8115","016718496-0030","6024-2Z-C3","146.912385","1873.13","1873.13","3746.26","3746.26"
"8116","016718470-0030","6024-C3","126.16926","1608.66","1608.66","3217.32","3217.32"
"8117","016718470-0040","6024-C4","134.76010499999998","1718.19","1718.19","3436.38","3436.38"
"14077","038404478-0000","6024-M","221.613165","2825.57","2825.57","5651.14","5651.14"
"14079","038404478-0030","6024-M-C3","221.613165","2825.57","2825.57","5651.14","5651.14"
"14078","038404486-0030","6024-MA-C3","221.613165","2825.57","2825.57","5651.14","5651.14"
"14080","019094990-0000","6024-N","184.0713","2346.91","2346.91","4693.82","4693.82"
"8118","016718542-0000","6024-Z","139.70016","1781.18","1781.18","3562.36","3562.36"
"8119","016718542-0030","6024-Z-C3","139.70016","1781.18","1781.18","3562.36","3562.36"
"8120","016718550-0000","6026","165.600345","2111.4","2111.4","4222.8","4222.8"
"8121","016718569-0000","6026-2RSR","255.96378","3263.54","3263.54","6527.08","6527.08"
"8122","016718569-0030","6026-2RSR-C3","255.96378","3263.54","3263.54","6527.08","6527.08"
"8123","019002700-0000","6026-2Z","219.62182500000006","2800.18","2800.18","5600.36","5600.36"
"8124","019002700-0030","6026-2Z-C3","219.62182500000006","2800.18","2800.18","5600.36","5600.36"
"8125","016718550-0030","6026-C3","165.600345","2111.4","2111.4","4222.8","4222.8"
"8126","016718550-0040","6026-C4","183.62452500000003","2341.21","2341.21","4682.42","4682.42"
"14083","038283026-0030","6026-M-C3","295.496985","3767.59","3767.59","7535.18","7535.18"
"14081","016718585-0030","6026-MA-C3","295.496985","3767.59","3767.59","7535.18","7535.18"
"14082","016718585-0040","6026-MA-C4","295.496985","3767.59","3767.59","7535.18","7535.18"
"8127","016718615-0000","6028","189.79002","2419.82","2419.82","4839.64","4839.64"
"8128","039053628-0030","6028-2RSR-C3","286.62531","3654.47","3654.47","7308.94","7308.94"
"14084","071367799-0000","6028-2RSR-L016","286.62531","3654.47","3654.47","7308.94","7308.94"
"8129","016718623-0000","6028-2Z","245.90496","3135.29","3135.29","6270.58","6270.58"
"8130","016718623-0030","6028-2Z-C3","245.90496","3135.29","3135.29","6270.58","6270.58"
"8131","016718615-0030","6028-C3","189.79002","2419.82","2419.82","4839.64","4839.64"
"14085","019095147-0000","6028-M","360.138945","4591.77","4591.77","9183.54","9183.54"
"14086","019095147-0030","6028-M-C3","360.138945","4591.77","4591.77","9183.54","9183.54"
"8132","016718640-0000","6028-Z","258.682725","3298.2","3298.2","6596.4","6596.4"
"8133","016718658-0000","6030","231.65921999999998","2953.66","2953.66","5907.32","5907.32"
"8134","060762900-0000","6030-2RSR","349.85035500000004","4460.59","4460.59","8921.18","8921.18"
"8135","016718658-0030","6030-C3","231.65921999999998","2953.66","2953.66","5907.32","5907.32"
"8136","016718658-0040","6030-C4","250.206765","3190.14","3190.14","6380.28","6380.28"
"14087","016718666-0000","6030-M","393.95342999999997","5022.91","5022.91","10045.82","10045.82"
"14089","016718666-0030","6030-M-C3","393.95342999999997","5022.91","5022.91","10045.82","10045.82"
"14090","016718666-0040","6030-M-C4","409.73097","5224.07","5224.07","10448.14","10448.14"
"14088","038905787-0030","6030-MA-C3","393.95342999999997","5022.91","5022.91","10045.82","10045.82"
"8137","019002726-0000","6032","347.48883","4430.48","4430.48","8860.96","8860.96"
"8138","038680068-0000","6032-2RSR","363.06213","4629.04","4629.04","9258.08","9258.08"
"8139","038680068-0030","6032-2RSR-C3","363.06213","4629.04","4629.04","9258.08","9258.08"
"8140","019002726-0030","6032-C3","347.48883","4430.48","4430.48","8860.96","8860.96"
"14091","016718690-0000","6032-M","430.15497","5484.48","5484.48","10968.96","10968.96"
"14093","016718690-0030","6032-M-C3","430.15497","5484.48","5484.48","10968.96","10968.96"
"14092","019095333-0030","6032-MA-C3","430.15497","5484.48","5484.48","10968.96","10968.96"
"8141","016718704-0000","6034","467.74789499999997","5963.79","5963.79","11927.58","11927.58"
"8142","016718704-0030","6034-C3","467.74789499999997","5963.79","5963.79","11927.58","11927.58"
"14094","016718712-0000","6034-M","504.460035","6431.87","6431.87","12863.74","12863.74"
"14096","016718712-0030","6034-M-C3","504.460035","6431.87","6431.87","12863.74","12863.74"
"14097","016718712-0040","6034-M-C4","565.068255","7204.62","7204.62","14409.24","14409.24"
"14095","019095376-0030","6034-MA-C3","504.460035","6431.87","6431.87","12863.74","12863.74"
"14098","016718739-0000","6036-M","578.7523349999999","7379.09","7379.09","14758.18","14758.18"
"14100","016718739-0030","6036-M-C3","578.7523349999999","7379.09","7379.09","14758.18","14758.18"
"14101","016718739-0040","6036-M-C4","601.908045","7674.33","7674.33","15348.66","15348.66"
"14099","019095465-0030","6036-MA-C3","578.7523349999999","7379.09","7379.09","14758.18","14758.18"
"14102","016718747-0000","6038-M","640.151985","8161.94","8161.94","16323.88","16323.88"
"14103","016718747-0030","6038-M-C3","640.151985","8161.94","8161.94","16323.88","16323.88"
"14104","016718747-0040","6038-M-C4","758.1005849999999","9665.78","9665.78","19331.56","19331.56"
"14105","016718755-0000","6040-M","792.78309","10107.98","10107.98","20215.96","20215.96"
"14107","016718755-0030","6040-M-C3","792.78309","10107.98","10107.98","20215.96","20215.96"
"14108","016718755-0040","6040-M-C4","923.5860449999999","11775.72","11775.72","23551.44","23551.44"
"14106","038448696-0030","6040-MA-C3","792.78309","10107.98","10107.98","20215.96","20215.96"
"14109","019095627-0000","6044-M","998.7335999999999","12733.85","12733.85","25467.7","25467.7"
"14111","019095627-0030","6044-M-C3","998.7335999999999","12733.85","12733.85","25467.7","25467.7"
"14110","038905817-0030","6044-MA-C3","998.7335999999999","12733.85","12733.85","25467.7","25467.7"
"14112","016718771-0000","6048-M","1153.49646","14707.08","14707.08","29414.16","29414.16"
"14114","016718771-0030","6048-M-C3","1153.49646","14707.08","14707.08","29414.16","29414.16"
"14113","038448742-0030","6048-MA-C3","1153.49646","14707.08","14707.08","29414.16","29414.16"
"14115","016718798-0000","6052-M","1649.03376","21025.18","21025.18","42050.36","42050.36"
"14116","016718798-0030","6052-M-C3","1649.03376","21025.18","21025.18","42050.36","42050.36"
"14117","016718801-0000","6056-M","2136.83547","27244.65","27244.65","54489.3","54489.3"
"14118","016718801-0030","6056-M-C3","2136.83547","27244.65","27244.65","54489.3","54489.3"
"14119","019095880-0000","6060-M","3362.53077","42872.27","42872.27","85744.54","85744.54"
"14120","019095880-0030","6060-M-C3","3362.53077","42872.27","42872.27","85744.54","85744.54"
"14121","019095910-0000","6064-M","3961.46457","50508.67","50508.67","101017.34","101017.34"
"14122","019095910-0030","6064-M-C3","3961.46457","50508.67","50508.67","101017.34","101017.34"
"14123","016718810-0000","6068-M","5317.3501049999995","67796.21","67796.21","135592.42","135592.42"
"14124","016718810-0030","6068-M-C3","5317.3501049999995","67796.21","67796.21","135592.42","135592.42"
"14125","016718860-0000","6072-M","5630.475555","71788.56","71788.56","143577.12","143577.12"
"14126","016718860-0030","6072-M-C3","5630.475555","71788.56","71788.56","143577.12","143577.12"
"14127","019096003-0000","6076-M","6292.99182","80235.65","80235.65","160471.3","160471.3"
"14128","019096003-0030","6076-M-C3","6292.99182","80235.65","80235.65","160471.3","160471.3"
"14129","019096186-0000","6080-M","7552.922849999999","96299.77","96299.77","192599.54","192599.54"
"14130","019096186-0030","6080-M-C3","7552.922849999999","96299.77","96299.77","192599.54","192599.54"
"14131","019096208-0030","6084-M-C3","8533.45356","108801.53","108801.53","217603.06","217603.06"
"14133","038448807-0030","6088-M-C3","9229.19712","117672.26","117672.26","235344.52","235344.52"
"14132","038905876-0030","60880-MA-C3","1992.016545","25398.21","25398.21","50796.42","50796.42"
"14134","055184863-0000","61701-2RSR-HLC","10.607715","135.25","135.25","270.5","270.5"
"14135","069719659-0000","61702-2RSR-HLC","12.254400000000002","156.24","156.24","312.48","312.48"
"14137","055451403-0000","61800-2RSR-HLC","7.824945","99.77","99.77","199.54","199.54"
"14136","300456026-0000","61800-2RSR>N","7.824945","99.77","99.77","199.54","199.54"
"14139","055451462-0000","61800-2Z-HLC","6.956925000000001","88.7","88.7","177.4","177.4"
"14140","055451462-0030","61800-2Z-HLC-C3","6.956925000000001","88.7","88.7","177.4","177.4"
"14138","094357269-0000","61800-2Z>N","6.956925000000001","88.7","88.7","177.4","177.4"
"14141","055452213-0000","61800-HLC","6.25485","79.75","79.75","159.5","159.5"
"14142","055452949-0000","61801-2RSR-HLC","8.32278","106.12","106.12","212.24","212.24"
"14143","094314772-0000","61801-2Z-CO7","8.258955","105.3","105.3","210.6","210.6"
"14144","055491375-0000","61801-2Z-HLC","8.258955","105.3","105.3","210.6","210.6"
"14145","055453597-0000","61801-HLC","7.097339999999999","90.49","90.49","180.98","180.98"
"14146","055453805-0000","61802-2RSR-HLC","8.641905","110.18","110.18","220.36","220.36"
"14148","055491456-0000","61802-2Z-HLC","8.52702","108.72","108.72","217.44","217.44"
"14147","065809092-0000","61802-2Z>N","8.52702","108.72","108.72","217.44","217.44"
"14149","055454178-0000","61802-HLC","7.9525950000000005","101.4","101.4","202.8","202.8"
"14150","055187692-0000","61803-2RSR-HLC","9.586514999999999","122.23","122.23","244.46","244.46"
"14152","055454232-0000","61803-2Z-HLC","9.497160000000001","121.09","121.09","242.18","242.18"
"14151","094316252-0000","61803-2Z>N","9.497160000000001","121.09","121.09","242.18","242.18"
"14153","055454313-0000","61803-HLC","9.318449999999999","118.81","118.81","237.62","237.62"
"14154","055454356-0000","61804-2RSR-HLC","11.20767","142.9","142.9","285.8","285.8"
"14155","055454356-0030","61804-2RSR-HLC-C3","11.20767","142.9","142.9","285.8","285.8"
"14156","055454631-0000","61804-2Z-HLC","10.301355000000001","131.34","131.34","262.68","262.68"
"14157","055454933-0000","61804-HLC","10.109879999999999","128.9","128.9","257.8","257.8"
"14158","055455034-0000","61805-2RSR-HLC","11.424674999999999","145.66","145.66","291.32","291.32"
"14159","055455034-0030","61805-2RSR-HLC-C3","11.424674999999999","145.66","145.66","291.32","291.32"
"14160","055517234-0000","61805-2Z-HLC","11.424674999999999","145.66","145.66","291.32","291.32"
"14161","055455360-0000","61805-HLC","10.23753","130.53","130.53","261.06","261.06"
"14162","055455980-0000","61806-2RSR-HLC","12.752235","162.59","162.59","325.18","325.18"
"14163","055456073-0000","61806-2Z-HLC","12.752235","162.59","162.59","325.18","325.18"
"14164","055457045-0000","61806-HLC","11.41191","145.5","145.5","291","291"
"14165","050536850-0000","61806-HLW","11.41191","145.5","145.5","291","291"
"14167","055457380-0000","61807-2RSR-HLC","14.718044999999998","187.66","187.66","375.32","375.32"
"14166","300458894-0000","61807-2RSR>N","14.718044999999998","187.66","187.66","375.32","375.32"
"14168","055457541-0000","61807-2Z-HLC","14.718044999999998","187.66","187.66","375.32","375.32"
"14169","055190014-0000","61808-2RSR-HLC","19.01985","242.5","242.5","485","485"
"14170","000905810-0000","61808-2Z-HLC","19.01985","242.5","242.5","485","485"
"14171","055457886-0000","61808-HLC","17.143395","218.58","218.58","437.16","437.16"
"14173","009619380-0000","61809-2RS-Y","31.261485000000004","398.58","398.58","797.16","797.16"
"14172","074857851-0000","61809-2RSR-Y","31.261485000000004","398.58","398.58","797.16","797.16"
"14174","078784514-0000","61809-2RZ-Y","31.261485000000004","398.58","398.58","797.16","797.16"
"14175","009619399-0000","61809-2Z-Y","31.261485000000004","398.58","398.58","797.16","797.16"
"14176","009619372-0000","61809-Y","27.814935","354.64","354.64","709.28","709.28"
"14178","009619410-0000","61810-2RS-Y","39.533204999999995","504.05","504.05","1008.1","1008.1"
"14177","078803969-0000","61810-2RSR-Y","39.533204999999995","504.05","504.05","1008.1","1008.1"
"14179","078916712-0000","61810-2RZ-Y","39.533204999999995","504.05","504.05","1008.1","1008.1"
"14180","009619429-0000","61810-2Z-Y","35.56329","453.43","453.43","906.86","906.86"
"14181","009619402-0000","61810-Y","28.134059999999998","358.71","358.71","717.42","717.42"
"14182","078627931-0000","61811-2RSR-Y","48.02193","612.28","612.28","1224.56","1224.56"
"14183","009619445-0000","61811-2RSR-Y-A","48.02193","612.28","612.28","1224.56","1224.56"
"14184","078701201-0000","61811-2RZ-Y","43.235054999999996","551.25","551.25","1102.5","1102.5"
"14185","009619453-0000","61811-2Z-Y-A","43.235054999999996","551.25","551.25","1102.5","1102.5"
"14186","009619470-0000","61812-2RSR-Y","52.28544","666.64","666.64","1333.28","1333.28"
"14187","079752284-0000","61812-2RZ-Y","49.643085","632.95","632.95","1265.9","1265.9"
"14188","009619488-0000","61812-2Z-Y","49.643085","632.95","632.95","1265.9","1265.9"
"14189","009619461-0000","61812-Y","45.698699999999995","582.66","582.66","1165.32","1165.32"
"14190","078725666-0000","61813-2RSR-Y","56.370239999999995","718.72","718.72","1437.44","1437.44"
"14191","078774810-0000","61813-2RZ-Y","56.153235","715.95","715.95","1431.9","1431.9"
"14192","009619615-0000","61813-2Z-Y","56.153235","715.95","715.95","1431.9","1431.9"
"14193","079750605-0000","61813-Y","49.26013499999999","628.07","628.07","1256.14","1256.14"
"14194","079747051-0000","61814-2RSR-Y","60.40398000000001","770.15","770.15","1540.3","1540.3"
"14195","079729460-0000","61814-2RZ-Y","60.40398000000001","770.15","770.15","1540.3","1540.3"
"14196","009619623-0000","61814-Y","53.319405","679.82","679.82","1359.64","1359.64"
"14197","080728715-0000","61815-2RSR-Y","69.020355","880.01","880.01","1760.02","1760.02"
"14198","009619674-0000","61815-2Z-Y","69.020355","880.01","880.01","1760.02","1760.02"
"14199","009619658-0000","61815-Y","57.11061","728.16","728.16","1456.32","1456.32"
"14200","009619712-0000","61816-2RSR-Y","76.15598999999999","970.99","970.99","1941.98","1941.98"
"14201","080719422-0000","61816-2RZ-Y","76.15598999999999","970.99","970.99","1941.98","1941.98"
"14203","009619747-0000","61817-2RS-Y","106.166505","1353.62","1353.62","2707.24","2707.24"
"14202","080728871-0000","61817-2RSR-Y","106.166505","1353.62","1353.62","2707.24","2707.24"
"14204","080720463-0000","61817-2RZ-Y","99.10746","1263.62","1263.62","2527.24","2527.24"
"14205","009619739-0000","61817-Y","82.040655","1046.02","1046.02","2092.04","2092.04"
"14207","009619798-0000","61818-2RS-Y","122.122755","1557.07","1557.07","3114.14","3114.14"
"14206","080082831-0000","61818-2RSR-Y","122.122755","1557.07","1557.07","3114.14","3114.14"
"14208","080721311-0000","61818-2RZ-Y","122.122755","1557.07","1557.07","3114.14","3114.14"
"14209","009619801-0000","61818-2Z-Y","122.122755","1557.07","1557.07","3114.14","3114.14"
"14210","009619780-0000","61818-Y","106.74093000000002","1360.95","1360.95","2721.9","2721.9"
"14211","009619828-0000","61819-2RSR-Y","124.471515","1587.01","1587.01","3174.02","3174.02"
"14212","009619828-0030","61819-2RSR-Y-C3","124.471515","1587.01","1587.01","3174.02","3174.02"
"14213","080721486-0000","61819-2RZ-Y","124.471515","1587.01","1587.01","3174.02","3174.02"
"14214","009619810-0000","61819-Y","108.96204","1389.27","1389.27","2778.54","2778.54"
"14215","080728898-0000","61820-2RSR-Y","138.50025","1765.88","1765.88","3531.76","3531.76"
"14216","080721869-0000","61820-2RZ-Y","138.50025","1765.88","1765.88","3531.76","3531.76"
"14217","009619844-0000","61820-Y","121.254735","1546","1546","3092","3092"
"14218","009619844-0030","61820-Y-C3","121.254735","1546","1546","3092","3092"
"14219","009619844-0050","61820-Y-C5","133.100655","1697.03","1697.03","3394.06","3394.06"
"14221","009619895-0000","61821-2RS-Y","147.61445999999998","1882.08","1882.08","3764.16","3764.16"
"14220","080728944-0000","61821-2RSR-Y","147.61445999999998","1882.08","1882.08","3764.16","3764.16"
"14222","084053380-0000","61821-2RZ-Y","147.61445999999998","1882.08","1882.08","3764.16","3764.16"
"14223","009619879-0000","61821-Y","129.23286","1647.72","1647.72","3295.44","3295.44"
"14225","009619925-0000","61822-2RS-Y","160.494345","2046.3","2046.3","4092.6","4092.6"
"14224","080729177-0000","61822-2RSR-Y","160.494345","2046.3","2046.3","4092.6","4092.6"
"14226","080721931-0000","61822-2RZ-Y","160.494345","2046.3","2046.3","4092.6","4092.6"
"14229","009620532-0000","61824-2RS-Y","179.51419499999997","2288.81","2288.81","4577.62","4577.62"
"14227","080729193-0000","61824-2RSR-Y","179.51419499999997","2288.81","2288.81","4577.62","4577.62"
"14228","080729193-0030","61824-2RSR-Y-C3","179.51419499999997","2288.81","2288.81","4577.62","4577.62"
"14230","080722091-0000","61824-2RZ-Y","179.51419499999997","2288.81","2288.81","4577.62","4577.62"
"14231","009620540-0000","61824-2Z-Y","179.51419499999997","2288.81","2288.81","4577.62","4577.62"
"14232","009620516-0000","61824-Y","156.74143500000002","1998.45","1998.45","3996.9","3996.9"
"14233","009620516-0040","61824-Y-C4","163.16223","2080.32","2080.32","4160.64","4160.64"
"14234","009664092-0000","61826-2RS-HLU","198.99358500000002","2537.17","2537.17","5074.34","5074.34"
"14235","009664092-0030","61826-2RS-HLU-C3","198.99358500000002","2537.17","2537.17","5074.34","5074.34"
"14236","009664262-0000","61826-2RZ-HLU","191.42394000000002","2440.66","2440.66","4881.32","4881.32"
"14237","009663410-0000","61826-HLU","171.599895","2187.9","2187.9","4375.8","4375.8"
"14238","019097352-0000","61826-T","171.599895","2187.9","2187.9","4375.8","4375.8"
"14239","009664483-0000","61828-2RS-HLU","214.65624","2736.87","2736.87","5473.74","5473.74"
"14240","009664904-0000","61828-2RZ-HLU","214.65624","2736.87","2736.87","5473.74","5473.74"
"14241","009664459-0000","61828-HLU","190.14744000000002","2424.38","2424.38","4848.76","4848.76"
"14242","019097360-0000","61828-M","596.35527","7603.53","7603.53","15207.06","15207.06"
"14243","038448939-0000","61828-T","190.14744000000002","2424.38","2424.38","4848.76","4848.76"
"14244","038448939-0030","61828-T-C3","190.134675","2424.22","2424.22","4848.44","4848.44"
"8143","019097409-0000","61830","286.4466","3652.19","3652.19","7304.38","7304.38"
"8144","019097409-0030","61830-C3","286.4466","3652.19","3652.19","7304.38","7304.38"
"14245","009665951-0000","61830-HLU","286.4466","3652.19","3652.19","7304.38","7304.38"
"14246","083422102-0030","61830-MA-C3","343.73591999999996","4382.63","4382.63","8765.26","8765.26"
"14247","038448947-0000","61830-MB","386.7667350000001","4931.28","4931.28","9862.56","9862.56"
"8145","019097425-0000","61832","318.00168","4054.52","4054.52","8109.04","8109.04"
"8146","019097425-0030","61832-C3","318.00168","4054.52","4054.52","8109.04","8109.04"
"14248","009646159-0000","61834-HLU","320.822745","4090.49","4090.49","8180.98","8180.98"
"14249","009646159-0030","61834-HLU-C3","320.822745","4090.49","4090.49","8180.98","8180.98"
"14250","019097450-0000","61834-M","349.81206000000003","4460.1","4460.1","8920.2","8920.2"
"14251","019097450-0030","61834-M-C3","349.81206000000003","4460.1","4460.1","8920.2","8920.2"
"8147","016719158-0000","61836","390.81324000000006","4982.87","4982.87","9965.74","9965.74"
"8148","016719158-0030","61836-C3","390.81324000000006","4982.87","4982.87","9965.74","9965.74"
"8149","038382113-0000","61838","476.45362500000005","6074.78","6074.78","12149.56","12149.56"
"8150","038382113-0030","61838-C3","476.45362500000005","6074.78","6074.78","12149.56","12149.56"
"8151","038382113-0040","61838-C4","495.5500650000001","6318.26","6318.26","12636.52","12636.52"
"14252","038543788-0000","61838-M","514.5571500000001","6560.6","6560.6","13121.2","13121.2"
"14253","038841460-0030","61838-MA-C3","514.5571500000001","6560.6","6560.6","13121.2","13121.2"
"8152","019097590-0000","61840","484.801935","6181.22","6181.22","12362.44","12362.44"
"8153","019097590-0030","61840-C3","484.801935","6181.22","6181.22","12362.44","12362.44"
"14254","019097620-0000","61840-M","567.96591","7241.57","7241.57","14483.14","14483.14"
"14255","019097638-0000","61840-MA","567.96591","7241.57","7241.57","14483.14","14483.14"
"8154","019097646-0000","61844","496.239375","6327.05","6327.05","12654.1","12654.1"
"8155","019097646-0030","61844-C3","496.239375","6327.05","6327.05","12654.1","12654.1"
"14256","009620664-0000","61844-HLU","496.239375","6327.05","6327.05","12654.1","12654.1"
"14257","016719174-0000","61844-M","581.44575","7413.43","7413.43","14826.86","14826.86"
"14260","016719174-0030","61844-M-C3","581.44575","7413.43","7413.43","14826.86","14826.86"
"14258","038907402-0000","61844-MA","581.44575","7413.43","7413.43","14826.86","14826.86"
"14259","038907402-0030","61844-MA-C3","581.44575","7413.43","7413.43","14826.86","14826.86"
"14261","009696024-0000","61848-HLU","725.8051350000001","9254.02","9254.02","18508.04","18508.04"
"14262","019097700-0000","61848-M","774.0823649999998","9869.55","9869.55","19739.1","19739.1"
"14264","019097700-0030","61848-M-C3","774.0823649999998","9869.55","9869.55","19739.1","19739.1"
"14263","038448963-0030","61848-MA-C3","774.0823649999998","9869.55","9869.55","19739.1","19739.1"
"8156","038382121-0000","61852","749.062965","9550.55","9550.55","19101.1","19101.1"
"8157","038382121-0030","61852-C3","749.062965","9550.55","9550.55","19101.1","19101.1"
"14265","016719182-0000","61852-M","798.9102899999998","10186.11","10186.11","20372.22","20372.22"
"14268","016719182-0030","61852-M-C3","798.9102899999998","10186.11","10186.11","20372.22","20372.22"
"14266","019097786-0000","61852-MA","798.9102899999998","10186.11","10186.11","20372.22","20372.22"
"14267","019097786-0030","61852-MA-C3","798.9102899999998","10186.11","10186.11","20372.22","20372.22"
"8158","038448980-0000","61856","746.739735","9520.93","9520.93","19041.86","19041.86"
"8159","038448980-0030","61856-C3","746.739735","9520.93","9520.93","19041.86","19041.86"
"14269","019097832-0000","61856-M","874.849275","11154.33","11154.33","22308.66","22308.66"
"14271","019097832-0030","61856-M-C3","874.849275","11154.33","11154.33","22308.66","22308.66"
"14270","038448998-0030","61856-MA-C3","874.849275","11154.33","11154.33","22308.66","22308.66"
"14272","019097875-0000","61860-M","1200.1270049999998","15301.62","15301.62","30603.24","30603.24"
"14274","019097875-0030","61860-M-C3","1200.1270049999998","15301.62","15301.62","30603.24","30603.24"
"14273","038907445-0000","61860-MA","1200.1270049999998","15301.62","15301.62","30603.24","30603.24"
"14275","019097905-0000","61864-M","1439.6239349999998","18355.21","18355.21","36710.42","36710.42"
"14278","019097905-0030","61864-M-C3","1439.6239349999998","18355.21","18355.21","36710.42","36710.42"
"14276","019097921-0000","61864-MA","1439.6239349999998","18355.21","18355.21","36710.42","36710.42"
"14277","019097921-0030","61864-MA-C3","1439.6239349999998","18355.21","18355.21","36710.42","36710.42"
"14279","019097956-0000","61868-M","1580.651655","20153.31","20153.31","40306.62","40306.62"
"14281","019097956-0030","61868-M-C3","1580.651655","20153.31","20153.31","40306.62","40306.62"
"14282","006996060-0000","61868-M-HLU","1580.651655","20153.31","20153.31","40306.62","40306.62"
"14280","038476207-0030","61868-MA-C3","1580.651655","20153.31","20153.31","40306.62","40306.62"
"14283","019097980-0000","61872-M","2051.6290950000002","26158.27","26158.27","52316.54","52316.54"
"14286","019097980-0030","61872-M-C3","2051.6290950000002","26158.27","26158.27","52316.54","52316.54"
"14287","019097980-4030","61872-M-C5-J26C","3313.00257","42240.78","42240.78","84481.56","84481.56"
"14284","019098049-0000","61872-MA","2051.6290950000002","26158.27","26158.27","52316.54","52316.54"
"14285","019098049-0030","61872-MA-C3","2051.6290950000002","26158.27","26158.27","52316.54","52316.54"
"14288","016719190-0000","61876-M","2469.97644","31492.2","31492.2","62984.4","62984.4"
"14291","016719190-0030","61876-M-C3","2469.97644","31492.2","31492.2","62984.4","62984.4"
"14289","038449030-0000","61876-MA","2469.97644","31492.2","31492.2","62984.4","62984.4"
"14290","038449030-0030","61876-MA-C3","2469.97644","31492.2","31492.2","62984.4","62984.4"
"14292","019098111-0000","61880-M","2664.374625","33970.78","33970.78","67941.56","67941.56"
"14294","019098111-0030","61880-M-C3","2664.374625","33970.78","33970.78","67941.56","67941.56"
"14293","019098146-0000","61880-MA","2664.374625","33970.78","33970.78","67941.56","67941.56"
"14295","019098162-0000","61884-M","4468.2606000000005","56970.32","56970.32","113940.64","113940.64"
"14297","019098162-0030","61884-M-C3","4468.2606000000005","56970.32","56970.32","113940.64","113940.64"
"14296","038449048-0030","61884-MA-C3","4468.2606000000005","56970.32","56970.32","113940.64","113940.64"
"14298","019002769-0000","61888-M","5106.58719","65108.99","65108.99","130217.98","130217.98"
"14299","019002769-0030","61888-M-C3","5106.58719","65108.99","65108.99","130217.98","130217.98"
"14300","016719204-0000","61892-M","5478.55929","69851.63","69851.63","139703.26","139703.26"
"14302","016719204-0030","61892-M-C3","5478.55929","69851.63","69851.63","139703.26","139703.26"
"14301","038449072-0030","61892-MA-C3","5478.55929","69851.63","69851.63","139703.26","139703.26"
"14303","019098308-0000","61896-M","6916.281240000001","88182.59","88182.59","176365.18","176365.18"
"14305","019098308-0030","61896-M-C3","6916.281240000001","88182.59","88182.59","176365.18","176365.18"
"14304","038449080-0030","61896-MA-C3","6916.281240000001","88182.59","88182.59","176365.18","176365.18"
"14307","055457991-0000","61900-2RSR-HLC","7.50582","95.7","95.7","191.4","191.4"
"14306","083350381-0000","61900-2RSR>N","7.50582","95.7","95.7","191.4","191.4"
"14309","055458262-0000","61900-2Z-HLC","7.32711","93.42","93.42","186.84","186.84"
"14308","089701895-0000","61900-2Z>N","7.32711","93.42","93.42","186.84","186.84"
"14310","055458335-0000","61900-HLC","7.059045","90","90","180","180"
"14311","055458408-0000","61901-2RSR-HLC","7.50582","95.7","95.7","191.4","191.4"
"14312","066416671-0000","61901-2RSR-HLN","7.50582","95.7","95.7","191.4","191.4"
"14314","055458475-0000","61901-2Z-HLC","7.32711","93.42","93.42","186.84","186.84"
"14313","073066117-0000","61901-2Z>N","7.32711","93.42","93.42","186.84","186.84"
"14315","055460984-0000","61902-2RSR-HLC","8.386605000000001","106.93","106.93","213.86","213.86"
"14317","055192629-0000","61902-2Z-HLC","8.386605000000001","106.93","106.93","213.86","213.86"
"14316","084698543-0000","61902-2Z>N","8.386605000000001","106.93","106.93","213.86","213.86"
"14318","055492096-0000","61902-HLC","7.493055","95.54","95.54","191.08","191.08"
"14319","055461174-0000","61903-2RSR-HLC","10.505595","133.95","133.95","267.9","267.9"
"14321","055461204-0000","61903-2Z-HLC","8.999325","114.74","114.74","229.48","229.48"
"14320","085607231-0000","61903-2Z>N","8.999325","114.74","114.74","229.48","229.48"
"14322","062404903-0000","61903-HLC","10.326885","131.67","131.67","263.34","263.34"
"14323","055194010-0000","61904-2RSR-HLC","10.352415","131.99","131.99","263.98","263.98"
"14324","055461301-0000","61904-2Z-HLC","10.326885","131.67","131.67","263.34","263.34"
"14325","055492690-0000","61904-HLC","10.224765","130.37","130.37","260.74","260.74"
"14327","055461395-0000","61905-2RSR-HLC","10.365179999999999","132.16","132.16","264.32","264.32"
"14328","055461484-0000","61905-2Z-HLC","10.326885","131.67","131.67","263.34","263.34"
"14329","064452158-0000","61905-HLC","9.80352","124.99","124.99","249.98","249.98"
"14326","300518340-0000","61905>N","9.80352","124.99","124.99","249.98","249.98"
"14330","055461549-0000","61906-2RSR-HLC","11.807625","150.55","150.55","301.1","301.1"
"14331","097470295-0000","61906-2Z-CO7","11.526795000000002","146.97","146.97","293.94","293.94"
"14332","055461573-0000","61906-2Z-HLC","11.526795000000002","146.97","146.97","293.94","293.94"
"14333","064452352-0000","61906-HLC","11.15661","142.25","142.25","284.5","284.5"
"8160","009786597-0000","61907","29.499914999999998","376.12","376.12","752.24","752.24"
"14335","009671021-0000","61907-2RSR-HLC","30.61047","390.28","390.28","780.56","780.56"
"14334","093043007-0000","61907-2RSR>N","30.61047","390.28","390.28","780.56","780.56"
"14336","009695826-0000","61907-2Z-HLC","30.61047","390.28","390.28","780.56","780.56"
"8161","009786600-0000","61908","27.827700000000004","354.8","354.8","709.6","709.6"
"14337","009792201-0000","61908-2RS","32.435865","413.56","413.56","827.12","827.12"
"8162","079751997-0000","61908-2RSR","32.435865","413.56","413.56","827.12","827.12"
"14338","079731180-0000","61908-2RZ","32.435865","413.56","413.56","827.12","827.12"
"8163","009792244-0000","61908-2Z","32.435865","413.56","413.56","827.12","827.12"
"14339","009792309-0000","61909-2RS","39.009840000000004","497.38","497.38","994.76","994.76"
"8164","078894840-0000","61909-2RSR","39.009840000000004","497.38","497.38","994.76","994.76"
"14340","079739172-0000","61909-2RZ","39.009840000000004","497.38","497.38","994.76","994.76"
"8165","009792473-0000","61909-2Z","39.009840000000004","497.38","497.38","994.76","994.76"
"8166","009786627-0000","61910","34.835685","444.15","444.15","888.3","888.3"
"8167","070727724-0000","61910-2RSR","44.57538","568.34","568.34","1136.68","1136.68"
"14341","081864086-0000","61910-2RZ","42.966989999999996","547.83","547.83","1095.66","1095.66"
"8168","009787020-0000","61911","39.08643000000001","498.35","498.35","996.7","996.7"
"8169","009792546-0000","61911-2RSR","57.39144","731.74","731.74","1463.48","1463.48"
"8170","009787020-0030","61911-C3","39.08643000000001","498.35","498.35","996.7","996.7"
"14342","009792570-0000","61912-2RS","62.650619999999996","798.8","798.8","1597.6","1597.6"
"8171","079218156-0000","61912-2RSR","62.650619999999996","798.8","798.8","1597.6","1597.6"
"8172","009786660-0000","61913","49.362255","629.37","629.37","1258.74","1258.74"
"8173","009786716-0000","61914","56.383005000000004","718.88","718.88","1437.76","1437.76"
"14343","081705948-0000","61914-2RZ","82.30872000000001","1049.44","1049.44","2098.88","2098.88"
"8174","081003811-0000","61916","106.56222","1358.67","1358.67","2717.34","2717.34"
"8175","019002777-0000","61917","116.72316","1488.22","1488.22","2976.44","2976.44"
"8176","019002777-0030","61917-C3","116.72316","1488.22","1488.22","2976.44","2976.44"
"8177","050307100-0000","61918","131.951805","1682.39","1682.39","3364.78","3364.78"
"14344","019098626-0000","61926-M","435.7460400000001","5555.76","5555.76","11111.52","11111.52"
"14345","019098626-0030","61926-M-C3","435.7460400000001","5555.76","5555.76","11111.52","11111.52"
"14346","039014371-0030","61928-MA-C3","501.10284","6389.06","6389.06","12778.12","12778.12"
"14347","078452961-0000","61930-MA","560.43456","7145.54","7145.54","14291.08","14291.08"
"8178","038493950-0000","61932","589.908945","7521.34","7521.34","15042.68","15042.68"
"8179","016719239-0000","61934","514.30185","6557.35","6557.35","13114.7","13114.7"
"8180","016719239-0030","61934-C3","514.30185","6557.35","6557.35","13114.7","13114.7"
"8181","019098693-0000","61936","649.700205","8283.68","8283.68","16567.36","16567.36"
"8182","019098693-0030","61936-C3","649.700205","8283.68","8283.68","16567.36","16567.36"
"8183","019098731-0000","61938","757.96017","9663.99","9663.99","19327.98","19327.98"
"8184","019098731-0030","61938-C3","757.96017","9663.99","9663.99","19327.98","19327.98"
"8185","019098782-0000","61940","866.2711949999999","11044.96","11044.96","22089.92","22089.92"
"8186","019098782-0030","61940-C3","866.2711949999999","11044.96","11044.96","22089.92","22089.92"
"14348","019098804-0000","61940-M","866.2711949999999","11044.96","11044.96","22089.92","22089.92"
"14349","019098804-0030","61940-M-C3","866.2711949999999","11044.96","11044.96","22089.92","22089.92"
"8187","019098847-0000","61944","909.570075","11597.02","11597.02","23194.04","23194.04"
"8188","019098847-0030","61944-C3","909.570075","11597.02","11597.02","23194.04","23194.04"
"14350","019098871-0000","61944-M","909.570075","11597.02","11597.02","23194.04","23194.04"
"14351","038449102-0000","61944-MA","909.570075","11597.02","11597.02","23194.04","23194.04"
"14352","038449102-0030","61944-MA-C3","909.570075","11597.02","11597.02","23194.04","23194.04"
"14353","038449102-0040","61944-MA-C4","982.330575","12524.71","12524.71","25049.42","25049.42"
"8189","019098910-0000","61948","870.2411099999999","11095.57","11095.57","22191.14","22191.14"
"14354","019098944-0000","61948-M","933.1215","11897.3","11897.3","23794.6","23794.6"
"14357","019098944-0030","61948-M-C3","933.1215","11897.3","11897.3","23794.6","23794.6"
"14355","038449110-0000","61948-MA","933.1215","11897.3","11897.3","23794.6","23794.6"
"14356","038449110-0030","61948-MA-C3","933.1215","11897.3","11897.3","23794.6","23794.6"
"14358","019099002-0000","61952-M","1195.08483","15237.33","15237.33","30474.66","30474.66"
"14362","019099002-0030","61952-M-C3","1195.08483","15237.33","15237.33","30474.66","30474.66"
"14359","019099037-0000","61952-MA","1195.08483","15237.33","15237.33","30474.66","30474.66"
"14360","019099037-0030","61952-MA-C3","1195.08483","15237.33","15237.33","30474.66","30474.66"
"14361","019099037-0040","61952-MA-C4","1242.90252","15847.01","15847.01","31694.02","31694.02"
"14363","019099070-0000","61956-M","1536.791115","19594.09","19594.09","39188.18","39188.18"
"14365","019099070-0030","61956-M-C3","1536.791115","19594.09","19594.09","39188.18","39188.18"
"14364","019099100-0000","61956-MA","1536.791115","19594.09","19594.09","39188.18","39188.18"
"14366","019099126-0000","61960-M","1725.8918250000002","22005.12","22005.12","44010.24","44010.24"
"14368","019099126-0030","61960-M-C3","1725.8918250000002","22005.12","22005.12","44010.24","44010.24"
"14367","038612984-0030","61960-MA-C3","1725.8918250000002","22005.12","22005.12","44010.24","44010.24"
"14369","019099177-0000","61964-M","2517.040995","32092.27","32092.27","64184.54","64184.54"
"14370","019099240-0000","61968-M","2554.2892650000003","32567.19","32567.19","65134.38","65134.38"
"14372","019099240-0030","61968-M-C3","2554.2892650000003","32567.19","32567.19","65134.38","65134.38"
"14371","038911892-0030","61968-MA-C3","2554.2892650000003","32567.19","32567.19","65134.38","65134.38"
"14373","019099290-0000","61972-M","2878.545795","36701.46","36701.46","73402.92","73402.92"
"14374","019099320-0000","61972-MA","2878.545795","36701.46","36701.46","73402.92","73402.92"
"14375","019099320-0030","61972-MA-C3","2878.545795","36701.46","36701.46","73402.92","73402.92"
"14376","019099371-0000","61976-M","3448.2094500000003","43964.67","43964.67","87929.34","87929.34"
"14377","019099371-0030","61976-M-C3","3448.2094500000003","43964.67","43964.67","87929.34","87929.34"
"14378","038449145-0030","61988-M-C3","4001.189250000001","51015.16","51015.16","102030.32","102030.32"
"14379","038449161-0000","61992-MA","4357.35828","55556.32","55556.32","111112.64","111112.64"
"14380","038449188-0000","61996-M","4575.193005","58333.71","58333.71","116667.42","116667.42"
"14381","062141589-0000","6200-C","2.667885","34.02","34.02","68.04","68.04"
"10948","062148796-0000","6200-C-2HRS","3.4465500000000002","43.94","43.94","87.88","87.88"
"10949","062148796-0030","6200-C-2HRS-C3","3.4465500000000002","43.94","43.94","87.88","87.88"
"10950","095662391-0030","6200-C-2HRS-C3>V","3.4465500000000002","43.94","43.94","87.88","87.88"
"10952","069039232-0030","6200-C-2HRS-L038-C3","3.4465500000000002","43.94","43.94","87.88","87.88"
"10953","095662405-0030","6200-C-2HRS-L038-C3>V","3.4465500000000002","43.94","43.94","87.88","87.88"
"10951","095662405-0000","6200-C-2HRS-L038>V","3.4465500000000002","43.94","43.94","87.88","87.88"
"14383","059371951-0000","6200-C-2Z","2.974245","37.92","37.92","75.84","75.84"
"14384","059371951-0030","6200-C-2Z-C3","2.974245","37.92","37.92","75.84","75.84"
"14385","069039135-0000","6200-C-2Z-L038","2.974245","37.92","37.92","75.84","75.84"
"11266","095662430-0030","6200-C-2Z-L038-C3>V","2.974245","37.92","37.92","75.84","75.84"
"14386","095662430-0000","6200-C-2Z-L038>V","2.974245","37.92","37.92","75.84","75.84"
"14387","062141589-0030","6200-C-C3","2.667885","34.02","34.02","68.04","68.04"
"14388","095662383-0030","6200-C-C3>V","2.667885","34.02","34.02","68.04","68.04"
"14389","062315021-0030","6200-C-HRS-C3","3.3699600000000003","42.97","42.97","85.94","85.94"
"14390","062315374-0000","6200-C-Z","3.293370000000001","41.99","41.99","83.98","83.98"
"14392","062315374-0030","6200-C-Z-C3","3.293370000000001","41.99","41.99","83.98","83.98"
"14393","095662464-0030","6200-C-Z-C3>V","3.293370000000001","41.99","41.99","83.98","83.98"
"14391","095662464-0000","6200-C-Z>V","3.293370000000001","41.99","41.99","83.98","83.98"
"8190","016719247-0030","6200-C3","2.667885","34.02","34.02","68.04","68.04"
"14382","095662383-0000","6200-C>V","2.667885","34.02","34.02","68.04","68.04"
"14394","019099673-0000","6200-THB","14.743575","187.98","187.98","375.96","375.96"
"8191","016719301-0030","6200-Z-C3","3.293370000000001","41.99","41.99","83.98","83.98"
"14395","019099711-0000","6200-Z-N","4.64646","59.24","59.24","118.48","118.48"
"8192","016719310-0000","6201","2.78277","35.48","35.48","70.96","70.96"
"8193","016719328-0000","6201-2RSR","3.229545","41.18","41.18","82.36","82.36"
"14396","038901412-0000","6201-2RSR-L038","3.229545","41.18","41.18","82.36","82.36"
"11267","038901412-0030","6201-2RSR-L038-C3","3.229545","41.18","41.18","82.36","82.36"
"8194","016719352-0000","6201-2Z","2.846595","36.29","36.29","72.58","72.58"
"14397","038896117-0000","6201-2Z-L038","2.846595","36.29","36.29","72.58","72.58"
"11268","038896117-0030","6201-2Z-L038-C3","2.846595","36.29","36.29","72.58","72.58"
"14398","016719387-0000","6201-2Z-N","5.74425","73.24","73.24","146.48","146.48"
"14399","098566598-0000","6201-B-2DRS-L278","3.229545","41.18","41.18","82.36","82.36"
"14400","059426659-0000","6201-C","2.78277","35.48","35.48","70.96","70.96"
"10954","059488875-0000","6201-C-2HRS","3.229545","41.18","41.18","82.36","82.36"
"10955","059488875-0030","6201-C-2HRS-C3","3.229545","41.18","41.18","82.36","82.36"
"10956","095661921-0030","6201-C-2HRS-C3>V","3.229545","41.18","41.18","82.36","82.36"
"10957","095877185-0030","6201-C-2HRS-L038-C3>V","3.229545","41.18","41.18","82.36","82.36"
"14402","059371668-0000","6201-C-2Z","2.846595","36.29","36.29","72.58","72.58"
"14403","059371668-0030","6201-C-2Z-C3","2.846595","36.29","36.29","72.58","72.58"
"14404","059426659-0030","6201-C-C3","2.78277","35.48","35.48","70.96","70.96"
"14405","095661182-0030","6201-C-C3>V","2.78277","35.48","35.48","70.96","70.96"
"14406","060985127-0000","6201-C-HRS","3.39549","43.29","43.29","86.58","86.58"
"14408","060985127-0030","6201-C-HRS-C3","3.39549","43.29","43.29","86.58","86.58"
"14407","095662030-0000","6201-C-HRS>V","3.39549","43.29","43.29","86.58","86.58"
"14409","059724714-0000","6201-C-Z","3.293370000000001","41.99","41.99","83.98","83.98"
"14411","095662073-0030","6201-C-Z-C3>V","3.293370000000001","41.99","41.99","83.98","83.98"
"14412","060988274-0000","6201-C-Z-TVH","4.199685","53.55","53.55","107.1","107.1"
"14413","095877860-0000","6201-C-Z-TVH>V","4.199685","53.55","53.55","107.1","107.1"
"14410","095662073-0000","6201-C-Z>V","3.293370000000001","41.99","41.99","83.98","83.98"
"8195","016719310-0030","6201-C3","2.78277","35.48","35.48","70.96","70.96"
"14401","095661182-0000","6201-C>V","2.78277","35.48","35.48","70.96","70.96"
"8196","016719409-0000","6201-RSR","3.39549","43.29","43.29","86.58","86.58"
"8197","016719417-0000","6201-Z","3.293370000000001","41.99","41.99","83.98","83.98"
"8198","016719417-0030","6201-Z-C3","3.293370000000001","41.99","41.99","83.98","83.98"
"8199","016719425-0000","6202","3.0125399999999996","38.41","38.41","76.82","76.82"
"2368","039010635-0000","6202-2RSR-L038","4.097565","52.24","52.24","104.48","104.48"
"2638","039010635-0030","6202-2RSR-L038-C3","4.097565","52.24","52.24","104.48","104.48"
"14414","038896265-0000","6202-2Z-L038","3.025305000000001","38.57","38.57","77.14","77.14"
"11269","038896265-0030","6202-2Z-L038-C3","3.025305000000001","38.57","38.57","77.14","77.14"
"14415","016719492-0000","6202-2Z-N","4.3401","55.34","55.34","110.68","110.68"
"14416","068975481-0000","6202-2Z-N-L038","4.3401","55.34","55.34","110.68","110.68"
"11270","095360255-0030","6202-C-2BRS-L038-C3>V","6.61227","84.31","84.31","168.62","168.62"
"10958","059242817-0000","6202-C-2HRS","4.097565","52.24","52.24","104.48","104.48"
"10959","059242817-0030","6202-C-2HRS-C3","4.097565","52.24","52.24","104.48","104.48"
"14418","059242256-0000","6202-C-2Z","3.025305000000001","38.57","38.57","77.14","77.14"
"14420","059242256-0030","6202-C-2Z-C3","3.025305000000001","38.57","38.57","77.14","77.14"
"11271","095360662-0030","6202-C-2Z-L038-C3>V","3.025305000000001","38.57","38.57","77.14","77.14"
"14419","095360654-0000","6202-C-2Z>V","3.025305000000001","38.57","38.57","77.14","77.14"
"14421","059241845-0030","6202-C-C3","3.0125399999999996","38.41","38.41","76.82","76.82"
"14422","095360247-0030","6202-C-C3>V","3.0125399999999996","38.41","38.41","76.82","76.82"
"14423","059929375-0000","6202-C-HRS","4.31457","55.01","55.01","110.02","110.02"
"14424","095360735-0000","6202-C-HRS>V","4.31457","55.01","55.01","110.02","110.02"
"14425","059929693-0030","6202-C-Z-C3","3.5997300000000005","45.9","45.9","91.8","91.8"
"14426","095360778-0030","6202-C-Z-C3>V","3.5997300000000005","45.9","45.9","91.8","91.8"
"14427","059929758-0000","6202-C-Z-TVH","3.842265","48.99","48.99","97.98","97.98"
"14428","059929758-0020","6202-C-Z-TVH-C2","8.310015","105.95","105.95","211.9","211.9"
"14429","095360786-0020","6202-C-Z-TVH-C2>V","8.310015","105.95","105.95","211.9","211.9"
"8200","016719425-0030","6202-C3","3.0125399999999996","38.41","38.41","76.82","76.82"
"14417","095360247-0000","6202-C>V","3.0125399999999996","38.41","38.41","76.82","76.82"
"14430","039043100-0030","6202-RSD-TVH-C3","4.44222","56.64","56.64","113.28","113.28"
"8201","016719514-0030","6202-RSR-C3","4.31457","55.01","55.01","110.02","110.02"
"14431","038449510-0030","6202-THB-P6-C3","18.534779999999998","236.32","236.32","472.64","472.64"
"8202","016719522-0000","6202-Z","3.5997300000000005","45.9","45.9","91.8","91.8"
"8203","016719522-0030","6202-Z-C3","3.5997300000000005","45.9","45.9","91.8","91.8"
"14432","019100752-0000","6202-Z-THB","16.403025","209.14","209.14","418.28","418.28"
"14433","019100779-0000","6202-Z-TVH","3.842265","48.99","48.99","97.98","97.98"
"8204","016719549-0000","6203","2.8848899999999995","36.78","36.78","73.56","73.56"
"8205","016719557-0000","6203-2RSR","3.1784850000000002","40.53","40.53","81.06","81.06"
"15119","016719557-0030","6203-2RSR-C3","3.1784850000000002","40.53","40.53","81.06","81.06"
"14434","016719557-4036","6203-2RSR-C3-NA","3.1784850000000002","40.53","40.53","81.06","81.06"
"14435","038896370-0000","6203-2RSR-L038","3.1784850000000002","40.53","40.53","81.06","81.06"
"2753","038896370-0030","6203-2RSR-L038-C3","3.1784850000000002","40.53","40.53","81.06","81.06"
"8206","016719581-0000","6203-2Z","2.91042","37.11","37.11","74.22","74.22"
"8207","016719581-0030","6203-2Z-C3","2.91042","37.11","37.11","74.22","74.22"
"14436","038896427-0000","6203-2Z-L038","2.91042","37.11","37.11","74.22","74.22"
"11272","038896427-0030","6203-2Z-L038-C3","2.91042","37.11","37.11","74.22","74.22"
"11273","038896427-4030","6203-2Z-L038-C3-J22R","4.31457","55.01","55.01","110.02","110.02"
"14437","016719603-0000","6203-2Z-N","6.318675","80.56","80.56","161.12","161.12"
"14438","068975503-0000","6203-2Z-N-L038","6.318675","80.56","80.56","161.12","161.12"
"11274","098617966-0030","6203-B-2Z-L038-C3","2.91042","37.11","37.11","74.22","74.22"
"11275","098617966-4030","6203-B-2Z-L038-C3-SNZ1","2.91042","37.11","37.11","74.22","74.22"
"14439","059257709-0000","6203-C","2.8848899999999995","36.78","36.78","73.56","73.56"
"10960","059258403-0000","6203-C-2HRS","3.1784850000000002","40.53","40.53","81.06","81.06"
"10962","059258403-0030","6203-C-2HRS-C3","3.1784850000000002","40.53","40.53","81.06","81.06"
"10963","095662146-0030","6203-C-2HRS-C3>V","4.31457","55.01","55.01","110.02","110.02"
"10964","068315635-0000","6203-C-2HRS-L038","3.1784850000000002","40.53","40.53","81.06","81.06"
"10966","068315635-0030","6203-C-2HRS-L038-C3","3.1784850000000002","40.53","40.53","81.06","81.06"
"10967","095662162-0030","6203-C-2HRS-L038-C3>V","3.1784850000000002","40.53","40.53","81.06","81.06"
"10965","095662162-0000","6203-C-2HRS-L038>V","3.1784850000000002","40.53","40.53","81.06","81.06"
"10961","095662146-0000","6203-C-2HRS>V","3.1784850000000002","40.53","40.53","81.06","81.06"
"14441","059258144-0000","6203-C-2Z","2.91042","37.11","37.11","74.22","74.22"
"14442","059258144-0030","6203-C-2Z-C3","2.91042","37.11","37.11","74.22","74.22"
"11276","060656115-0030","6203-C-2Z-L038-C3","2.91042","37.11","37.11","74.22","74.22"
"14443","059929855-0000","6203-C-HRS","4.31457","55.01","55.01","110.02","110.02"
"14445","059929855-0030","6203-C-HRS-C3","4.31457","55.01","55.01","110.02","110.02"
"14446","095662324-0030","6203-C-HRS-C3>V","4.31457","55.01","55.01","110.02","110.02"
"14444","095662324-0000","6203-C-HRS>V","4.31457","55.01","55.01","110.02","110.02"
"14447","059257750-0030","6203-C-TVH-C3","2.999775","38.25","38.25","76.5","76.5"
"14448","095662340-0030","6203-C-TVH-C3>V","2.999775","38.25","38.25","76.5","76.5"
"14449","059952709-0030","6203-C-Z-C3","3.9954450000000006","50.94","50.94","101.88","101.88"
"14450","095662367-0030","6203-C-Z-C3>V","3.9954450000000006","50.94","50.94","101.88","101.88"
"8208","016719549-0030","6203-C3","2.8848899999999995","36.78","36.78","73.56","73.56"
"14440","095662090-0000","6203-C>V","2.8848899999999995","36.78","36.78","73.56","73.56"
"14451","038582783-0000","6203-NR","5.016645","63.96","63.96","127.92","127.92"
"8209","016719620-0000","6203-RSR","4.31457","55.01","55.01","110.02","110.02"
"14452","019100973-0000","6203-TB","13.671315","174.31","174.31","348.62","348.62"
"14453","038281511-0030","6203-TB-P6-C3","14.743575","187.98","187.98","375.96","375.96"
"8210","016719646-0000","6203-Z","3.9954450000000006","50.94","50.94","101.88","101.88"
"8211","016719646-0030","6203-Z-C3","3.9954450000000006","50.94","50.94","101.88","101.88"
"2768","016719670-0000","6204","3.90609","49.8","49.8","99.6","99.6"
"14454","016719689-4035","6204-2RSR-C3-NA","4.659224999999999","59.41","59.41","118.82","118.82"
"14455","038688867-0000","6204-2RSR-L038","4.659224999999999","59.41","59.41","118.82","118.82"
"2769","038688867-0030","6204-2RSR-L038-C3","4.659224999999999","59.41","59.41","118.82","118.82"
"11277","038688867-4300","6204-2RSR-L038-J22R","6.880335","87.72","87.72","175.44","175.44"
"14456","038281589-0000","6204-2RSR-N","8.57808","109.37","109.37","218.74","218.74"
"8212","016719727-0000","6204-2Z","3.98268","50.78","50.78","101.56","101.56"
"8213","016719727-0030","6204-2Z-C3","3.98268","50.78","50.78","101.56","101.56"
"14457","038896524-0000","6204-2Z-L038","3.98268","50.78","50.78","101.56","101.56"
"11278","038896524-0030","6204-2Z-L038-C3","3.98268","50.78","50.78","101.56","101.56"
"14458","016719743-0000","6204-2Z-N","5.935725000000001","75.68","75.68","151.36","151.36"
"14459","016719743-0030","6204-2Z-N-C3","5.935725000000001","75.68","75.68","151.36","151.36"
"14460","062163159-0000","6204-C","3.90609","49.8","49.8","99.6","99.6"
"10968","062156586-0000","6204-C-2HRS","4.659224999999999","59.41","59.41","118.82","118.82"
"10969","062156586-0030","6204-C-2HRS-C3","4.659224999999999","59.41","59.41","118.82","118.82"
"10970","094983410-0030","6204-C-2HRS-C3>V","4.659224999999999","59.41","59.41","118.82","118.82"
"10972","094983429-0030","6204-C-2HRS-L038-C3>V","4.659224999999999","59.41","59.41","118.82","118.82"
"10971","094983429-0000","6204-C-2HRS-L038>V","4.659224999999999","59.41","59.41","118.82","118.82"
"14462","059372109-0000","6204-C-2Z","3.98268","50.78","50.78","101.56","101.56"
"14463","059372109-0030","6204-C-2Z-C3","3.98268","50.78","50.78","101.56","101.56"
"14464","094983437-0030","6204-C-2Z-C3>V","3.98268","50.78","50.78","101.56","101.56"
"14465","059372109-0040","6204-C-2Z-C4","4.557105","58.1","58.1","116.2","116.2"
"14466","094983437-0040","6204-C-2Z-C4>V","4.557105","58.1","58.1","116.2","116.2"
"11279","095221000-0030","6204-C-2Z-L038-C3>V","3.98268","50.78","50.78","101.56","101.56"
"14467","095221000-0000","6204-C-2Z-L038>V","3.98268","50.78","50.78","101.56","101.56"
"14468","062163159-0030","6204-C-C3","3.90609","49.8","49.8","99.6","99.6"
"14469","095220992-0030","6204-C-C3>V","3.90609","49.8","49.8","99.6","99.6"
"14470","095220992-0040","6204-C-C4>V","4.46775","56.96","56.96","113.92","113.92"
"14471","062316540-0030","6204-C-TVH-C3","4.67199","59.57","59.57","119.14","119.14"
"14472","095404562-0030","6204-C-TVH-C3>V","4.67199","59.57","59.57","119.14","119.14"
"14473","062199536-0030","6204-C-Z-C3","4.67199","59.57","59.57","119.14","119.14"
"14474","095404570-0030","6204-C-Z-C3>V","4.67199","59.57","59.57","119.14","119.14"
"8214","016719670-0030","6204-C3","3.90609","49.8","49.8","99.6","99.6"
"8215","016719670-0040","6204-C4","4.46775","56.96","56.96","113.92","113.92"
"14461","095220992-0000","6204-C>V","3.90609","49.8","49.8","99.6","99.6"
"14475","038906406-0030","6204-MA-C3","37.937580000000004","483.7","483.7","967.4","967.4"
"14476","016719760-0000","6204-N","5.769779999999999","73.56","73.56","147.12","147.12"
"8216","019101465-0000","6204-RSR","5.46342","69.66","69.66","139.32","139.32"
"8217","019101465-0030","6204-RSR-C3","5.46342","69.66","69.66","139.32","139.32"
"14477","019101490-0000","6204-TB","29.959455","381.98","381.98","763.96","763.96"
"14478","038449951-0030","6204-TB-P6-C3","29.512680000000007","376.29","376.29","752.58","752.58"
"8218","016719794-0000","6204-Z","4.67199","59.57","59.57","119.14","119.14"
"8219","016719794-0030","6204-Z-C3","4.67199","59.57","59.57","119.14","119.14"
"14479","038281597-0000","6204-Z-N","6.318675","80.56","80.56","161.12","161.12"
"8220","016719816-0000","6205","4.7485800000000005","60.54","60.54","121.08","121.08"
"8221","016719824-0000","6205-2RSR","5.4251249999999995","69.17","69.17","138.34","138.34"
"14480","038896630-0000","6205-2RSR-L038","5.4251249999999995","69.17","69.17","138.34","138.34"
"11280","038896630-0020","6205-2RSR-L038-C2","7.748355000000002","98.79","98.79","197.58","197.58"
"2640","038896630-0030","6205-2RSR-L038-C3","5.4251249999999995","69.17","69.17","138.34","138.34"
"11281","038896630-0040","6205-2RSR-L038-C4","6.84204","87.24","87.24","174.48","174.48"
"8222","016719867-0030","6205-2Z-C3","4.659224999999999","59.41","59.41","118.82","118.82"
"8223","016719867-0040","6205-2Z-C4","4.8507","61.85","61.85","123.7","123.7"
"14481","038896680-0000","6205-2Z-L038","4.659224999999999","59.41","59.41","118.82","118.82"
"11282","038896680-0030","6205-2Z-L038-C3","4.659224999999999","59.41","59.41","118.82","118.82"
"14482","038896664-0030","6205-2Z-L207-C3","7.429230000000001","94.72","94.72","189.44","189.44"
"14483","062166140-0000","6205-C","4.7485800000000005","60.54","60.54","121.08","121.08"
"10973","062165860-0000","6205-C-2HRS","5.4251249999999995","69.17","69.17","138.34","138.34"
"10974","062165860-0020","6205-C-2HRS-C2","7.748355000000002","98.79","98.79","197.58","197.58"
"10975","062165860-0030","6205-C-2HRS-C3","5.4251249999999995","69.17","69.17","138.34","138.34"
"10976","062165860-0040","6205-C-2HRS-C4","6.84204","87.24","87.24","174.48","174.48"
"10977","094983453-0040","6205-C-2HRS-C4>V","6.84204","87.24","87.24","174.48","174.48"
"10979","065401514-0030","6205-C-2HRS-L038-C3","5.4251249999999995","69.17","69.17","138.34","138.34"
"10980","094983461-0030","6205-C-2HRS-L038-C3>V","5.4251249999999995","69.17","69.17","138.34","138.34"
"10981","094983461-0040","6205-C-2HRS-L038-C4>V","6.84204","87.24","87.24","174.48","174.48"
"10978","094983461-0000","6205-C-2HRS-L038>V","5.4251249999999995","69.17","69.17","138.34","138.34"
"10982","095220879-0000","6205-C-2HRS-L460>V","8.96103","114.25","114.25","228.5","228.5"
"14485","059372176-0000","6205-C-2Z","4.659224999999999","59.41","59.41","118.82","118.82"
"14486","059372176-0030","6205-C-2Z-C3","4.659224999999999","59.41","59.41","118.82","118.82"
"14487","094983470-0030","6205-C-2Z-C3>V","4.659224999999999","59.41","59.41","118.82","118.82"
"11283","063145391-0030","6205-C-2Z-L038-C3","4.659224999999999","59.41","59.41","118.82","118.82"
"11284","095220887-0030","6205-C-2Z-L038-C3>V","4.659224999999999","59.41","59.41","118.82","118.82"
"14488","095220887-0000","6205-C-2Z-L038>V","4.659224999999999","59.41","59.41","118.82","118.82"
"14489","062166140-0030","6205-C-C3","4.7485800000000005","60.54","60.54","121.08","121.08"
"14490","094983445-0030","6205-C-C3>V","4.7485800000000005","60.54","60.54","121.08","121.08"
"14491","062166140-0040","6205-C-C4","5.56554","70.96","70.96","141.92","141.92"
"14492","094983445-0040","6205-C-C4>V","5.56554","70.96","70.96","141.92","141.92"
"14493","062200240-0000","6205-C-HRS","5.731485000000001","73.08","73.08","146.16","146.16"
"14495","062200240-0030","6205-C-HRS-C3","5.731485000000001","73.08","73.08","146.16","146.16"
"14496","095121455-0030","6205-C-HRS-C3>V","5.731485000000001","73.08","73.08","146.16","146.16"
"14494","095121455-0000","6205-C-HRS>V","5.731485000000001","73.08","73.08","146.16","146.16"
"14497","062316257-0000","6205-C-TVH","5.48895","69.98","69.98","139.96","139.96"
"14498","095350225-0040","6205-C-TVH-C4>V","5.731485000000001","73.08","73.08","146.16","146.16"
"14499","062206125-0000","6205-C-Z","5.106","65.1","65.1","130.2","130.2"
"14501","062206125-0030","6205-C-Z-C3","5.106","65.1","65.1","130.2","130.2"
"14502","095121447-0030","6205-C-Z-C3>V","5.106","65.1","65.1","130.2","130.2"
"14500","095121447-0000","6205-C-Z>V","5.106","65.1","65.1","130.2","130.2"
"8224","016719816-0020","6205-C2","5.0294099999999995","64.12","64.12","128.24","128.24"
"8225","016719816-0030","6205-C3","4.7485800000000005","60.54","60.54","121.08","121.08"
"8226","016719816-0040","6205-C4","5.56554","70.96","70.96","141.92","141.92"
"14484","094983445-0000","6205-C>V","4.7485800000000005","60.54","60.54","121.08","121.08"
"14503","038450291-0030","6205-MA-C3","94.67800500000001","1207.14","1207.14","2414.28","2414.28"
"14504","019102011-0000","6205-N","6.07614","77.47","77.47","154.94","154.94"
"14505","019102011-0030","6205-N-C3","6.07614","77.47","77.47","154.94","154.94"
"14506","038281791-0030","6205-NR-C3","8.514255","108.56","108.56","217.12","217.12"
"8227","016719956-0000","6205-RSR","5.4378899999999994","69.33","69.33","138.66","138.66"
"14507","016719956-0050","6205-RSR-C5","7.761120000000001","98.95","98.95","197.9","197.9"
"14508","019102089-0000","6205-TB","37.937580000000004","483.7","483.7","967.4","967.4"
"14509","019102089-0030","6205-TB-C3","37.937580000000004","483.7","483.7","967.4","967.4"
"14510","038450356-0030","6205-TB-P6-C3","40.796940000000006","520.16","520.16","1040.32","1040.32"
"8228","016719980-0000","6205-Z","5.106","65.1","65.1","130.2","130.2"
"8229","016719980-0030","6205-Z-C3","5.106","65.1","65.1","130.2","130.2"
"14511","016720008-0000","6205-Z-N","6.037845000000001","76.98","76.98","153.96","153.96"
"14512","019102151-0000","6205-Z-THB","17.334870000000002","221.02","221.02","442.04","442.04"
"8230","016720016-0000","6206","6.242084999999999","79.59","79.59","159.18","159.18"
"8231","016720024-0000","6206-2RSR","7.110105","90.65","90.65","181.3","181.3"
"8232","016720024-0030","6206-2RSR-C3","7.110105","90.65","90.65","181.3","181.3"
"14513","016720024-4034","6206-2RSR-C3-NA","7.110105","90.65","90.65","181.3","181.3"
"8233","016720024-0040","6206-2RSR-C4","9.943935","126.79","126.79","253.58","253.58"
"14514","038896770-0000","6206-2RSR-L038","7.110105","90.65","90.65","181.3","181.3"
"11285","038896770-0030","6206-2RSR-L038-C3","7.110105","90.65","90.65","181.3","181.3"
"11286","038896770-0040","6206-2RSR-L038-C4","9.943935","126.79","126.79","253.58","253.58"
"14515","019102208-0030","6206-2RSR-L100-C3","7.110105","90.65","90.65","181.3","181.3"
"14516","068977247-0000","6206-2RSR-NR-L038","12.02463","153.31","153.31","306.62","306.62"
"8234","016720067-0000","6206-2Z","6.203789999999999","79.1","79.1","158.2","158.2"
"8235","016720067-0020","6206-2Z-C2","8.105775","103.35","103.35","206.7","206.7"
"8236","016720067-0030","6206-2Z-C3","6.203789999999999","79.1","79.1","158.2","158.2"
"14517","038896834-0000","6206-2Z-L038","6.203789999999999","79.1","79.1","158.2","158.2"
"11287","038896834-0020","6206-2Z-L038-C2","8.105775","103.35","103.35","206.7","206.7"
"11288","038896834-0030","6206-2Z-L038-C3","6.203789999999999","79.1","79.1","158.2","158.2"
"11289","038896834-0040","6206-2Z-L038-C4","8.667435000000001","110.51","110.51","221.02","221.02"
"14518","016720091-0000","6206-2Z-N","9.663105","123.2","123.2","246.4","246.4"
"14519","068977905-0000","6206-2Z-N-L038","9.663105","123.2","123.2","246.4","246.4"
"14520","059814748-0000","6206-C","6.242084999999999","79.59","79.59","159.18","159.18"
"10984","095562290-0030","6206-C-2HRS-C3>V","7.110105","90.65","90.65","181.3","181.3"
"10985","095562290-0040","6206-C-2HRS-C4>V","7.390935000000002","94.23","94.23","188.46","188.46"
"10987","095562303-0030","6206-C-2HRS-L038-C3>V","7.110105","90.65","90.65","181.3","181.3"
"10988","095562303-0040","6206-C-2HRS-L038-C4>V","9.943935","126.79","126.79","253.58","253.58"
"10986","095562303-0000","6206-C-2HRS-L038>V","7.110105","90.65","90.65","181.3","181.3"
"10983","095562290-0000","6206-C-2HRS>V","7.110105","90.65","90.65","181.3","181.3"
"14523","095562311-0020","6206-C-2Z-C2>V","6.561209999999999","83.66","83.66","167.32","167.32"
"14524","095562311-0030","6206-C-2Z-C3>V","6.203789999999999","79.1","79.1","158.2","158.2"
"14525","095562311-0040","6206-C-2Z-C4>V","6.446325","82.19","82.19","164.38","164.38"
"11290","095562320-0020","6206-C-2Z-L038-C2>V","6.561209999999999","83.66","83.66","167.32","167.32"
"11291","095562320-0030","6206-C-2Z-L038-C3>V","6.203789999999999","79.1","79.1","158.2","158.2"
"11292","095562320-0040","6206-C-2Z-L038-C4>V","6.446325","82.19","82.19","164.38","164.38"
"14526","095562320-0000","6206-C-2Z-L038>V","6.203789999999999","79.1","79.1","158.2","158.2"
"14522","095562311-0000","6206-C-2Z>V","6.203789999999999","79.1","79.1","158.2","158.2"
"14528","095562281-8820","6206-C-C3-CAT>V","7.4419949999999995","94.89","94.89","189.78","189.78"
"14527","095562281-0030","6206-C-C3>V","6.242084999999999","79.59","79.59","159.18","159.18"
"14529","095562281-0040","6206-C-C4>V","6.81651","86.91","86.91","173.82","173.82"
"14531","095562346-0030","6206-C-HRS-C3>V","7.8377099999999995","99.93","99.93","199.86","199.86"
"14530","095562346-0000","6206-C-HRS>V","7.8377099999999995","99.93","99.93","199.86","199.86"
"14533","095562354-0030","6206-C-Z-C3>V","7.22499","92.12","92.12","184.24","184.24"
"14532","095562354-0000","6206-C-Z>V","7.22499","92.12","92.12","184.24","184.24"
"8237","016720016-0030","6206-C3","6.242084999999999","79.59","79.59","159.18","159.18"
"8238","016720016-0040","6206-C4","6.81651","86.91","86.91","173.82","173.82"
"14521","095562281-0000","6206-C>V","6.242084999999999","79.59","79.59","159.18","159.18"
"14534","038450577-0030","6206-MA-C3","125.850135","1604.59","1604.59","3209.18","3209.18"
"14535","016720130-0000","6206-N","8.182365","104.33","104.33","208.66","208.66"
"14536","016720130-0030","6206-N-C3","8.182365","104.33","104.33","208.66","208.66"
"14537","038377063-0000","6206-NR","10.556655","134.6","134.6","269.2","269.2"
"8239","016720148-0000","6206-RSR","7.8377099999999995","99.93","99.93","199.86","199.86"
"8240","016720148-0030","6206-RSR-C3","7.8377099999999995","99.93","99.93","199.86","199.86"
"14538","019102550-0000","6206-TB","44.29455","564.76","564.76","1129.52","1129.52"
"14539","019102550-0030","6206-TB-C3","44.29455","564.76","564.76","1129.52","1129.52"
"14540","038281945-0030","6206-TB-P6-C3","46.911375","598.12","598.12","1196.24","1196.24"
"8241","016720164-0000","6206-Z","7.22499","92.12","92.12","184.24","184.24"
"8242","016720164-0030","6206-Z-C3","7.22499","92.12","92.12","184.24","184.24"
"14541","016720199-0000","6206-Z-N","8.386605000000001","106.93","106.93","213.86","213.86"
"8243","016720202-0000","6207","7.748355000000002","98.79","98.79","197.58","197.58"
"8244","016720210-0000","6207-2RSR","8.80785","112.3","112.3","224.6","224.6"
"8245","016720210-0040","6207-2RSR-C4","12.343755","157.38","157.38","314.76","314.76"
"14542","038896893-0000","6207-2RSR-L038","8.80785","112.3","112.3","224.6","224.6"
"2726","038896893-0030","6207-2RSR-L038-C3","8.80785","112.3","112.3","224.6","224.6"
"14543","016720245-0000","6207-2RSR-N","10.850249999999999","138.34","138.34","276.68","276.68"
"14544","016720245-0030","6207-2RSR-N-C3","10.850249999999999","138.34","138.34","276.68","276.68"
"14545","068977913-0000","6207-2RSR-N-L038","10.850249999999999","138.34","138.34","276.68","276.68"
"14546","065913663-0030","6207-2RSR-NR-C3","11.577855","147.62","147.62","295.24","295.24"
"8246","016720253-0000","6207-2Z","8.14407","103.84","103.84","207.68","207.68"
"8247","016720253-0030","6207-2Z-C3","8.14407","103.84","103.84","207.68","207.68"
"14547","038896923-0000","6207-2Z-L038","8.14407","103.84","103.84","207.68","207.68"
"11293","038896923-0030","6207-2Z-L038-C3","8.14407","103.84","103.84","207.68","207.68"
"8248","016720202-0030","6207-C3","7.748355000000002","98.79","98.79","197.58","197.58"
"8249","016720202-0040","6207-C4","9.54822","121.74","121.74","243.48","243.48"
"14548","038450798-0030","6207-MA-C3","157.609455","2009.52","2009.52","4019.04","4019.04"
"14549","016720318-0000","6207-N","10.097115","128.74","128.74","257.48","257.48"
"14550","016720318-0030","6207-N-C3","10.097115","128.74","128.74","257.48","257.48"
"8250","016720334-0000","6207-RSR","8.565315","109.21","109.21","218.42","218.42"
"8251","016720334-0030","6207-RSR-C3","8.565315","109.21","109.21","218.42","218.42"
"14551","019002815-0000","6207-TB","27.24051","347.32","347.32","694.64","694.64"
"14552","038476436-0030","6207-TB-P6-C3","29.512680000000007","376.29","376.29","752.58","752.58"
"8252","016720350-0000","6207-Z","8.999325","114.74","114.74","229.48","229.48"
"8253","016720350-0030","6207-Z-C3","8.999325","114.74","114.74","229.48","229.48"
"14553","016720369-0000","6207-Z-N","10.607715","135.25","135.25","270.5","270.5"
"14554","016720369-0030","6207-Z-N-C3","10.607715","135.25","135.25","270.5","270.5"
"8254","016720377-0000","6208","10.82472","138.02","138.02","276.04","276.04"
"8255","016720385-0030","6208-2RSR-C3","11.679975","148.92","148.92","297.84","297.84"
"2812","038896990-0000","6208-2RSR-L038","11.679975","148.92","148.92","297.84","297.84"
"11294","038896990-0030","6208-2RSR-L038-C3","11.679975","148.92","148.92","297.84","297.84"
"14555","019103077-0000","6208-2RSR-N","14.83293","189.12","189.12","378.24","378.24"
"14556","068978588-0000","6208-2RSR-N-L038","14.83293","189.12","189.12","378.24","378.24"
"8256","016720407-0000","6208-2Z","10.760895","137.2","137.2","274.4","274.4"
"8257","016720407-0020","6208-2Z-C2","14.054265000000003","179.19","179.19","358.38","358.38"
"8258","016720407-0030","6208-2Z-C3","10.760895","137.2","137.2","274.4","274.4"
"14557","038897032-0000","6208-2Z-L038","10.760895","137.2","137.2","274.4","274.4"
"11295","038897032-0030","6208-2Z-L038-C3","10.760895","137.2","137.2","274.4","274.4"
"8259","016720377-0020","6208-C2","11.4885","146.48","146.48","292.96","292.96"
"8260","016720377-0030","6208-C3","10.82472","138.02","138.02","276.04","276.04"
"8261","016720377-0040","6208-C4","14.028735","178.87","178.87","357.74","357.74"
"14558","019103301-0000","6208-M","217.502835","2773.16","2773.16","5546.32","5546.32"
"14559","038282615-0030","6208-MA-C3","217.502835","2773.16","2773.16","5546.32","5546.32"
"14560","016720466-0000","6208-N","13.68408","174.47","174.47","348.94","348.94"
"14561","016720466-0030","6208-N-C3","13.68408","174.47","174.47","348.94","348.94"
"14562","038282674-0000","6208-NR","18.215654999999998","232.25","232.25","464.5","464.5"
"14563","038282674-0030","6208-NR-C3","18.215654999999998","232.25","232.25","464.5","464.5"
"8262","019103379-0000","6208-RSR","13.68408","174.47","174.47","348.94","348.94"
"8263","019103379-0030","6208-RSR-C3","13.68408","174.47","174.47","348.94","348.94"
"14564","019103409-0000","6208-TB","54.14913","690.4","690.4","1380.8","1380.8"
"14565","038450860-0030","6208-TB-P6-C3","56.75319","723.6","723.6","1447.2","1447.2"
"8264","016720490-0000","6208-Z","12.101220000000003","154.29","154.29","308.58","308.58"
"8265","016720490-0030","6208-Z-C3","12.101220000000003","154.29","154.29","308.58","308.58"
"11296","038897067-0030","6208-Z-L038-C3","12.101220000000003","154.29","154.29","308.58","308.58"
"14566","016720512-0000","6208-Z-N","13.96491","178.05","178.05","356.1","356.1"
"14567","038282682-0000","6208-Z-NR","14.781870000000003","188.47","188.47","376.94","376.94"
"8266","016720520-0000","6209","13.186245","168.12","168.12","336.24","336.24"
"8267","016720539-0000","6209-2RSR","13.786200000000001","175.77","175.77","351.54","351.54"
"2730","016720539-0030","6209-2RSR C3","13.786200000000001","175.77","175.77","351.54","351.54"
"14568","039048110-0000","6209-2RSR-L038","13.786200000000001","175.77","175.77","351.54","351.54"
"11297","039048110-0030","6209-2RSR-L038-C3","13.786200000000001","175.77","175.77","351.54","351.54"
"8268","016720563-0000","6209-2Z","12.22887","155.92","155.92","311.84","311.84"
"8269","016720563-0030","6209-2Z-C3","12.22887","155.92","155.92","311.84","311.84"
"14569","038897121-0000","6209-2Z-L038","12.22887","155.92","155.92","311.84","311.84"
"11298","038897121-0030","6209-2Z-L038-C3","12.22887","155.92","155.92","311.84","311.84"
"8270","016720520-0030","6209-C3","13.186245","168.12","168.12","336.24","336.24"
"8271","016720520-0040","6209-C4","14.666985","187","187","374","374"
"14570","016720520-0050","6209-C5","21.368609999999997","272.45","272.45","544.9","544.9"
"14571","016720598-0000","6209-K-2RSR","34.963335","445.78","445.78","891.56","891.56"
"14572","016720601-0000","6209-N","17.334870000000002","221.02","221.02","442.04","442.04"
"14573","016720601-0030","6209-N-C3","17.334870000000002","221.02","221.02","442.04","442.04"
"8272","016720610-0000","6209-RSR","17.53911","223.62","223.62","447.24","447.24"
"8273","016720610-0030","6209-RSR-C3","17.53911","223.62","223.62","447.24","447.24"
"14574","019103662-0000","6209-TB","51.87696000000001","661.43","661.43","1322.86","1322.86"
"14575","038451344-0030","6209-TB-P6-C3","54.14913","690.4","690.4","1380.8","1380.8"
"8274","016720636-0000","6209-Z","16.23708","207.02","207.02","414.04","414.04"
"8275","016720636-0030","6209-Z-C3","16.23708","207.02","207.02","414.04","414.04"
"11299","039012875-0030","6209-Z-L038-C3","16.23708","207.02","207.02","414.04","414.04"
"14576","019103700-0000","6209-Z-N","17.334870000000002","221.02","221.02","442.04","442.04"
"8276","016720652-0000","6210","14.8074","188.79","188.79","377.58","377.58"
"8277","016720660-0000","6210-2RSR","16.3392","208.32","208.32","416.64","416.64"
"14577","038897156-0000","6210-2RSR-L038","16.3392","208.32","208.32","416.64","416.64"
"2725","038897156-0030","6210-2RSR-L038-C3","16.3392","208.32","208.32","416.64","416.64"
"8278","016720687-0000","6210-2Z","14.98611","191.07","191.07","382.14","382.14"
"8279","016720687-0030","6210-2Z-C3","14.98611","191.07","191.07","382.14","382.14"
"14578","038897180-0000","6210-2Z-L038","14.98611","191.07","191.07","382.14","382.14"
"11300","038897180-0030","6210-2Z-L038-C3","14.98611","191.07","191.07","382.14","382.14"
"14579","019103816-0000","6210-2Z-TVH","17.985885","229.32","229.32","458.64","458.64"
"8280","016720652-0020","6210-C2","15.688184999999999","200.02","200.02","400.04","400.04"
"8281","016720652-0030","6210-C3","14.8074","188.79","188.79","377.58","377.58"
"8282","016720652-0040","6210-C4","21.687734999999996","276.52","276.52","553.04","553.04"
"14580","019103867-0000","6210-M","39.022605","497.54","497.54","995.08","995.08"
"14582","019103867-0030","6210-M-C3","39.022605","497.54","497.54","995.08","995.08"
"14581","038282720-0030","6210-MA-C3","39.022605","497.54","497.54","995.08","995.08"
"14583","016720741-0000","6210-N","21.687734999999996","276.52","276.52","553.04","553.04"
"8283","016720750-0000","6210-RSR","21.687734999999996","276.52","276.52","553.04","553.04"
"8284","016720750-0030","6210-RSR-C3","21.687734999999996","276.52","276.52","553.04","553.04"
"14584","019103913-0000","6210-TB","73.88382","942.02","942.02","1884.04","1884.04"
"14585","038282747-0030","6210-TB-P6-C3","81.41517","1038.04","1038.04","2076.08","2076.08"
"8285","016720776-0000","6210-Z","19.441095","247.87","247.87","495.74","495.74"
"8286","016720776-0030","6210-Z-C3","19.441095","247.87","247.87","495.74","495.74"
"11301","038897202-0030","6210-Z-L038-C3","19.441095","247.87","247.87","495.74","495.74"
"14586","038282763-0000","6210-Z-N","21.687734999999996","276.52","276.52","553.04","553.04"
"8287","016720806-0000","6211","21.177135000000003","270.01","270.01","540.02","540.02"
"8288","016720814-0000","6211-2RSR","20.730359999999997","264.31","264.31","528.62","528.62"
"14587","038897210-0000","6211-2RSR-L038","20.730359999999997","264.31","264.31","528.62","528.62"
"2642","038897210-0030","6211-2RSR-L038-C3","20.730359999999997","264.31","264.31","528.62","528.62"
"8289","016720830-0000","6211-2Z","18.368835","234.2","234.2","468.4","468.4"
"8290","016720830-0030","6211-2Z-C3","18.368835","234.2","234.2","468.4","468.4"
"8291","016720830-0040","6211-2Z-C4","20.398470000000003","260.08","260.08","520.16","520.16"
"14588","038897245-0000","6211-2Z-L038","18.368835","234.2","234.2","468.4","468.4"
"11302","038897245-0030","6211-2Z-L038-C3","18.368835","234.2","234.2","468.4","468.4"
"11303","038897245-0040","6211-2Z-L038-C4","20.398470000000003","260.08","260.08","520.16","520.16"
"14589","055647162-0000","6211-2Z-NR","23.219535","296.05","296.05","592.1","592.1"
"14590","087086964-0000","6211-C","21.177135000000003","270.01","270.01","540.02","540.02"
"8292","016720806-0030","6211-C3","21.177135000000003","270.01","270.01","540.02","540.02"
"14591","019104081-0000","6211-M","55.770284999999994","711.07","711.07","1422.14","1422.14"
"14592","019104081-0030","6211-M-C3","55.770284999999994","711.07","711.07","1422.14","1422.14"
"14593","019104138-0000","6211-N","27.24051","347.32","347.32","694.64","694.64"
"14594","019104138-0030","6211-N-C3","27.24051","347.32","347.32","694.64","694.64"
"8293","016720890-0000","6211-RSR","28.363829999999997","361.64","361.64","723.28","723.28"
"14595","019104170-0000","6211-TB","88.627395","1130","1130","2260","2260"
"14596","038404664-0000","6211-TB-P5","98.46921","1255.48","1255.48","2510.96","2510.96"
"14597","038404672-0030","6211-TB-P6-C3","96.17151","1226.19","1226.19","2452.38","2452.38"
"8294","019104189-0000","6211-Z","25.287464999999997","322.42","322.42","644.84","644.84"
"8295","019104189-0030","6211-Z-C3","25.287464999999997","322.42","322.42","644.84","644.84"
"14598","019104243-0000","6211-Z-N","29.410559999999997","374.98","374.98","749.96","749.96"
"14599","019104243-0030","6211-Z-N-C3","29.410559999999997","374.98","374.98","749.96","749.96"
"14600","038526247-0000","6211-Z-NR","31.976325","407.7","407.7","815.4","815.4"
"8296","016720920-0000","6212","25.427880000000002","324.21","324.21","648.42","648.42"
"8297","016720938-0000","6212-2RSR","25.351290000000002","323.23","323.23","646.46","646.46"
"14601","038897334-0000","6212-2RSR-L038","25.351290000000002","323.23","323.23","646.46","646.46"
"2717","038897334-0030","6212-2RSR-L038-C3","25.351290000000002","323.23","323.23","646.46","646.46"
"14602","038404702-0000","6212-2RSR-N","43.388235","553.2","553.2","1106.4","1106.4"
"8298","016720954-0000","6212-2Z","22.325984999999996","284.66","284.66","569.32","569.32"
"8299","016720954-0030","6212-2Z-C3","22.325984999999996","284.66","284.66","569.32","569.32"
"8300","016720954-0040","6212-2Z-C4","32.435865","413.56","413.56","827.12","827.12"
"14603","038897350-0000","6212-2Z-L038","22.325984999999996","284.66","284.66","569.32","569.32"
"11304","038897350-0030","6212-2Z-L038-C3","22.325984999999996","284.66","284.66","569.32","569.32"
"14604","038404729-0000","6212-2Z-N","36.18877500000001","461.41","461.41","922.82","922.82"
"14605","038897385-0040","6212-2Z-S1-C4","96.73317","1233.35","1233.35","2466.7","2466.7"
"8301","016720920-0030","6212-C3","25.427880000000002","324.21","324.21","648.42","648.42"
"8302","016720920-0040","6212-C4","30.725355000000004","391.75","391.75","783.5","783.5"
"14606","019104391-0000","6212-M","86.355225","1101.03","1101.03","2202.06","2202.06"
"14607","019104391-0030","6212-M-C3","86.355225","1101.03","1101.03","2202.06","2202.06"
"14608","038897415-0020","6212-M-P5-C2","143.19777000000002","1825.77","1825.77","3651.54","3651.54"
"14609","016720997-0000","6212-N","32.435865","413.56","413.56","827.12","827.12"
"14610","016720997-0030","6212-N-C3","32.435865","413.56","413.56","827.12","827.12"
"8303","016721004-0000","6212-RSR","34.491029999999995","439.76","439.76","879.52","879.52"
"8304","016721004-0030","6212-RSR-C3","34.491029999999995","439.76","439.76","879.52","879.52"
"14611","019104537-0000","6212-TB-P5","135.53877000000003","1728.12","1728.12","3456.24","3456.24"
"14612","038404761-0030","6212-TB-P6-C3","128.03295","1632.42","1632.42","3264.84","3264.84"
"8305","016721020-0000","6212-Z","30.827474999999996","393.05","393.05","786.1","786.1"
"8306","016721020-0030","6212-Z-C3","30.827474999999996","393.05","393.05","786.1","786.1"
"14613","019104570-0000","6212-Z-N","36.22707","461.9","461.9","923.8","923.8"
"14614","019104570-0030","6212-Z-N-C3","36.22707","461.9","461.9","923.8","923.8"
"8307","016721039-0000","6213","34.9761","445.95","445.95","891.9","891.9"
"8308","016721047-0000","6213-2RSR","46.79648999999999","596.66","596.66","1193.32","1193.32"
"2719","016721047-0030","6213-2RSR C3","46.79648999999999","596.66","596.66","1193.32","1193.32"
"8309","016721063-0000","6213-2Z","41.103300000000004","524.07","524.07","1048.14","1048.14"
"8310","016721063-0030","6213-2Z-C3","41.103300000000004","524.07","524.07","1048.14","1048.14"
"8311","016721063-0040","6213-2Z-C4","44.80515000000001","571.27","571.27","1142.54","1142.54"
"11305","073350230-0030","6213-2Z-L038-C3","41.103300000000004","524.07","524.07","1048.14","1048.14"
"14615","038897440-0030","6213-2Z-L138-C3","41.103300000000004","524.07","524.07","1048.14","1048.14"
"8312","016721039-0030","6213-C3","34.9761","445.95","445.95","891.9","891.9"
"8313","016721039-0040","6213-C4","38.49924","490.87","490.87","981.74","981.74"
"14616","073033871-0030","6213-J20AA-C3","301.51762500000007","3844.35","3844.35","7688.7","7688.7"
"14617","019104650-0000","6213-M","106.15374","1353.46","1353.46","2706.92","2706.92"
"14619","019104650-0030","6213-M-C3","106.15374","1353.46","1353.46","2706.92","2706.92"
"14618","038897474-0030","6213-MA-P6-C3","119.63358","1525.33","1525.33","3050.66","3050.66"
"14620","016721136-0000","6213-N","39.34173","501.61","501.61","1003.22","1003.22"
"14621","016721136-0030","6213-N-C3","39.34173","501.61","501.61","1003.22","1003.22"
"14622","016721110-0000","6213-P6","54.200190000000006","691.05","691.05","1382.1","1382.1"
"8314","019104723-0000","6213-RSR","62.114489999999996","791.96","791.96","1583.92","1583.92"
"8315","019104723-0030","6213-RSR-C3","62.114489999999996","791.96","791.96","1583.92","1583.92"
"14623","019104740-0000","6213-TB","102.14553000000001","1302.36","1302.36","2604.72","2604.72"
"14624","019104740-0030","6213-TB-C3","102.14553000000001","1302.36","1302.36","2604.72","2604.72"
"14625","038404834-0030","6213-TB-P6-C3","108.28549500000001","1380.64","1380.64","2761.28","2761.28"
"8316","019002858-0000","6213-Z","39.584265","504.7","504.7","1009.4","1009.4"
"8317","019002858-0030","6213-Z-C3","39.584265","504.7","504.7","1009.4","1009.4"
"14626","019104782-0000","6213-Z-N","49.55373","631.81","631.81","1263.62","1263.62"
"8318","016721152-0000","6214","39.584265","504.7","504.7","1009.4","1009.4"
"8319","016721160-0000","6214-2RSR","53.51088","682.26","682.26","1364.52","1364.52"
"8320","016721160-0030","6214-2RSR-C3","53.51088","682.26","682.26","1364.52","1364.52"
"8321","016721187-0000","6214-2Z","46.477365000000006","592.59","592.59","1185.18","1185.18"
"8322","016721187-0030","6214-2Z-C3","46.477365000000006","592.59","592.59","1185.18","1185.18"
"8323","016721187-0040","6214-2Z-C4","51.51954","656.87","656.87","1313.74","1313.74"
"8324","016721152-0030","6214-C3","39.584265","504.7","504.7","1009.4","1009.4"
"8325","016721152-0040","6214-C4","44.29455","564.76","564.76","1129.52","1129.52"
"14627","039013413-0040","6214-J20AA-C4","355.29712500000005","4530.04","4530.04","9060.08","9060.08"
"14628","038404885-0000","6214-M","130.675305","1666.11","1666.11","3332.22","3332.22"
"14629","038404885-0030","6214-M-C3","130.675305","1666.11","1666.11","3332.22","3332.22"
"14630","038404885-0040","6214-M-C4","146.17201500000002","1863.69","1863.69","3727.38","3727.38"
"14631","039013456-0040","6214-M-J20AA-C4","428.89012500000007","5468.35","5468.35","10936.7","10936.7"
"14632","038476525-0020","6214-M-P5-C2","141.014955","1797.94","1797.94","3595.88","3595.88"
"14633","038897563-0030","6214-M-P6-C3","135.53877000000003","1728.12","1728.12","3456.24","3456.24"
"14634","019104952-0000","6214-N","44.29455","564.76","564.76","1129.52","1129.52"
"8326","019104960-0000","6214-RSR","70.62874500000001","900.52","900.52","1801.04","1801.04"
"14635","038897547-0040","6214-S1-C4","46.51566","593.07","593.07","1186.14","1186.14"
"14636","038404907-0000","6214-TB-P5","186.11370000000002","2372.95","2372.95","4745.9","4745.9"
"8327","019104995-0000","6214-Z","44.243489999999994","564.1","564.1","1128.2","1128.2"
"8328","019104995-0030","6214-Z-C3","44.243489999999994","564.1","564.1","1128.2","1128.2"
"14637","038404923-0000","6214-Z-N","51.123825","651.83","651.83","1303.66","1303.66"
"8329","016721250-0000","6215","46.477365000000006","592.59","592.59","1185.18","1185.18"
"8330","016721268-0000","6215-2RSR","62.85486","801.4","801.4","1602.8","1602.8"
"2721","016721268-0030","6215-2RSR C3","62.85486","801.4","801.4","1602.8","1602.8"
"8331","016721268-0040","6215-2RSR-C4","75.64538999999999","964.48","964.48","1928.96","1928.96"
"8332","016721284-0000","6215-2Z","55.770284999999994","711.07","711.07","1422.14","1422.14"
"8333","016721284-0030","6215-2Z-C3","55.770284999999994","711.07","711.07","1422.14","1422.14"
"8334","016721284-0040","6215-2Z-C4","72.645615","926.23","926.23","1852.46","1852.46"
"8335","016721250-0030","6215-C3","46.477365000000006","592.59","592.59","1185.18","1185.18"
"8336","016721250-0040","6215-C4","51.098295","651.5","651.5","1303","1303"
"14638","039264998-0030","6215-J20AA-C3","390.28987500000005","4976.2","4976.2","9952.4","9952.4"
"14639","069102210-0040","6215-J20AB-C4","405.9131250000001","5175.39","5175.39","10350.78","10350.78"
"14640","019105061-0000","6215-M","140.197995","1787.52","1787.52","3575.04","3575.04"
"14643","019105061-0030","6215-M-C3","140.197995","1787.52","1787.52","3575.04","3575.04"
"14644","019105061-0040","6215-M-C4","151.431195","1930.75","1930.75","3861.5","3861.5"
"14645","039047024-0040","6215-M-J20AA-C4","482.419875","6150.85","6150.85","12301.7","12301.7"
"14641","038404931-0000","6215-MA","140.197995","1787.52","1787.52","3575.04","3575.04"
"14642","038404931-0030","6215-MA-C3","140.197995","1787.52","1787.52","3575.04","3575.04"
"14646","016721349-0000","6215-N","61.706010000000006","786.75","786.75","1573.5","1573.5"
"14647","016721349-0030","6215-N-C3","61.706010000000006","786.75","786.75","1573.5","1573.5"
"14648","016721314-0000","6215-P6","77.99415","994.43","994.43","1988.86","1988.86"
"8337","016721357-0000","6215-RSR","82.9725","1057.9","1057.9","2115.8","2115.8"
"14649","038897628-0040","6215-S1-C4","65.94399","840.79","840.79","1681.58","1681.58"
"14650","038897636-0030","6215-TB-P6-C3","224.90653500000002","2867.56","2867.56","5735.12","5735.12"
"8338","019105177-0000","6215-Z","51.098295","651.5","651.5","1303","1303"
"8339","019105177-0030","6215-Z-C3","51.098295","651.5","651.5","1303","1303"
"14651","038476568-0000","6215-Z-N","52.89816","674.45","674.45","1348.9","1348.9"
"8340","016721365-0000","6216","55.336275","705.54","705.54","1411.08","1411.08"
"8341","016721373-0000","6216-2RSR","74.52207000000001","950.16","950.16","1900.32","1900.32"
"8342","016721373-0030","6216-2RSR-C3","74.52207000000001","950.16","950.16","1900.32","1900.32"
"8343","016721390-0000","6216-2Z","65.47168500000001","834.76","834.76","1669.52","1669.52"
"8344","016721390-0030","6216-2Z-C3","65.47168500000001","834.76","834.76","1669.52","1669.52"
"8345","016721365-0020","6216-C2","58.66794","748.02","748.02","1496.04","1496.04"
"8346","016721365-0030","6216-C3","55.336275","705.54","705.54","1411.08","1411.08"
"8347","016721365-0040","6216-C4","60.96563999999999","777.31","777.31","1554.62","1554.62"
"14652","039013910-0040","6216-J20AA-C4","450.1466250000001","5739.37","5739.37","11478.74","11478.74"
"14653","071007431-0030","6216-J20AB-C3","355.5885","4533.75","4533.75","9067.5","9067.5"
"14654","019105290-0000","6216-M","144.09132","1837.16","1837.16","3674.32","3674.32"
"14655","019105290-0030","6216-M-C3","144.09132","1837.16","1837.16","3674.32","3674.32"
"14656","038476576-0030","6216-M-P5-C3","155.311755","1980.22","1980.22","3960.44","3960.44"
"14657","038404990-0000","6216-N","73.44981","936.49","936.49","1872.98","1872.98"
"14658","038404990-0030","6216-N-C3","69.1863","882.13","882.13","1764.26","1764.26"
"8348","019105355-0000","6216-RSR","71.61165","913.05","913.05","1826.1","1826.1"
"14659","038897687-0030","6216-S1-C3","59.497665000000005","758.6","758.6","1517.2","1517.2"
"14660","038405008-0000","6216-TB-P5","273.49012500000003","3487","3487","6974","6974"
"8349","019105371-0000","6216-Z","60.30186","768.85","768.85","1537.7","1537.7"
"8350","019105371-0030","6216-Z-C3","60.30186","768.85","768.85","1537.7","1537.7"
"8351","019105371-0040","6216-Z-C4","65.752515","838.34","838.34","1676.68","1676.68"
"14661","019105398-0000","6216-Z-N","71.56059","912.4","912.4","1824.8","1824.8"
"8352","016721438-0000","6217","66.901365","852.99","852.99","1705.98","1705.98"
"8353","016721446-0000","6217-2RSR","90.09537","1148.72","1148.72","2297.44","2297.44"
"2723","016721446-0030","6217-2RSR C3","90.09537","1148.72","1148.72","2297.44","2297.44"
"8354","016721462-0000","6217-2Z","81.49176","1039.02","1039.02","2078.04","2078.04"
"8355","016721462-0030","6217-2Z-C3","81.49176","1039.02","1039.02","2078.04","2078.04"
"8356","016721462-0040","6217-2Z-C4","92.08671","1174.11","1174.11","2348.22","2348.22"
"14662","098576925-0030","6217-B-C3","66.901365","852.99","852.99","1705.98","1705.98"
"8357","016721438-0030","6217-C3","66.901365","852.99","852.99","1705.98","1705.98"
"8358","016721438-0040","6217-C4","70.79469","902.63","902.63","1805.26","1805.26"
"14663","039265110-0030","6217-J20AA-C3","501.35925","6392.33","6392.33","12784.66","12784.66"
"14664","019105410-0000","6217-M","162.49845","2071.86","2071.86","4143.72","4143.72"
"14665","019105410-0030","6217-M-C3","162.49845","2071.86","2071.86","4143.72","4143.72"
"14666","019105410-0040","6217-M-C4","185.29674","2362.53","2362.53","4725.06","4725.06"
"14667","039013936-0030","6217-M-J20AA-C3","561.5490000000001","7159.75","7159.75","14319.5","14319.5"
"14668","038476606-0020","6217-M-P5-C2","248.25372","3165.23","3165.23","6330.46","6330.46"
"14669","019105479-0000","6217-N","83.725635","1067.5","1067.5","2135","2135"
"14670","019105479-0030","6217-N-C3","83.725635","1067.5","1067.5","2135","2135"
"14671","038405040-0000","6217-TB-P5","205.79733","2623.92","2623.92","5247.84","5247.84"
"14672","038911140-0040","6217-TVH-C4","80.636505","1028.12","1028.12","2056.24","2056.24"
"8359","019105517-0000","6217-Z","75.019905","956.5","956.5","1913","1913"
"8360","019105517-0030","6217-Z-C3","75.019905","956.5","956.5","1913","1913"
"8361","016721500-0000","6218","82.627845","1053.51","1053.51","2107.02","2107.02"
"8362","016721519-0000","6218-2RSR","111.476745","1421.33","1421.33","2842.66","2842.66"
"8363","016721519-0030","6218-2RSR-C3","111.476745","1421.33","1421.33","2842.66","2842.66"
"8364","016721535-0000","6218-2Z","99.12022500000002","1263.78","1263.78","2527.56","2527.56"
"8365","016721535-0030","6218-2Z-C3","99.12022500000002","1263.78","1263.78","2527.56","2527.56"
"8366","016721500-0020","6218-C2","87.60619499999999","1116.98","1116.98","2233.96","2233.96"
"8367","016721500-0030","6218-C3","82.627845","1053.51","1053.51","2107.02","2107.02"
"8368","016721500-0040","6218-C4","88.091265","1123.16","1123.16","2246.32","2246.32"
"14673","016721500-0050","6218-C5","108.60462","1384.71","1384.71","2769.42","2769.42"
"14674","039074358-0030","6218-J20AA-C3","550.3935","7017.52","7017.52","14035.04","14035.04"
"14675","019105606-0000","6218-M","221.613165","2825.57","2825.57","5651.14","5651.14"
"14679","019105606-0030","6218-M-C3","221.613165","2825.57","2825.57","5651.14","5651.14"
"14680","019105606-0040","6218-M-C4","234.04627500000004","2984.09","2984.09","5968.18","5968.18"
"14681","039013960-0030","6218-M-J20AA-C3","611.0411250000001","7790.77","7790.77","15581.54","15581.54"
"14676","038049422-0000","6218-MA","221.613165","2825.57","2825.57","5651.14","5651.14"
"14677","038049422-0030","6218-MA-C3","221.613165","2825.57","2825.57","5651.14","5651.14"
"14678","038049422-0040","6218-MA-C4","234.04627500000004","2984.09","2984.09","5968.18","5968.18"
"14682","019105649-0000","6218-N","98.46921","1255.48","1255.48","2510.96","2510.96"
"14683","019105649-0030","6218-N-C3","98.46921","1255.48","1255.48","2510.96","2510.96"
"8369","038405067-0000","6218-RSR","95.95450500000001","1223.42","1223.42","2446.84","2446.84"
"8370","019105657-0000","6218-Z","90.09537","1148.72","1148.72","2297.44","2297.44"
"8371","019105657-0030","6218-Z-C3","90.09537","1148.72","1148.72","2297.44","2297.44"
"8372","016721594-0000","6219","105.08148000000001","1339.79","1339.79","2679.58","2679.58"
"8373","019105673-0000","6219-2RSR","145.814595","1859.14","1859.14","3718.28","3718.28"
"8374","019105673-0030","6219-2RSR-C3","145.814595","1859.14","1859.14","3718.28","3718.28"
"8375","016721608-0000","6219-2Z","119.59528499999999","1524.84","1524.84","3049.68","3049.68"
"8376","016721608-0030","6219-2Z-C3","119.59528499999999","1524.84","1524.84","3049.68","3049.68"
"8377","016721594-0030","6219-C3","105.08148000000001","1339.79","1339.79","2679.58","2679.58"
"8378","016721594-0040","6219-C4","106.83028499999999","1362.09","1362.09","2724.18","2724.18"
"14684","069541604-0030","6219-J20AA-C3","572.5796250000001","7300.39","7300.39","14600.78","14600.78"
"14685","081877536-0030","6219-J20C-C3","641.18595","8175.12","8175.12","16350.24","16350.24"
"14686","038405075-0030","6219-M-C3","246.23685","3139.52","3139.52","6279.04","6279.04"
"14687","039241653-0030","6219-M-J20AA-C3","637.2371250000001","8124.77","8124.77","16249.54","16249.54"
"8379","016721659-0000","6219-Z","118.16560500000001","1506.61","1506.61","3013.22","3013.22"
"8380","016721659-0030","6219-Z-C3","118.16560500000001","1506.61","1506.61","3013.22","3013.22"
"8381","016721667-0000","6220","116.13597","1480.73","1480.73","2961.46","2961.46"
"8382","016721675-0000","6220-2RSR","158.66895","2023.03","2023.03","4046.06","4046.06"
"8383","016721675-0030","6220-2RSR-C3","158.66895","2023.03","2023.03","4046.06","4046.06"
"14693","076591441-0030","6220-2RSR-J20AA-C3","891.0525000000001","11360.92","11360.92","22721.84","22721.84"
"8384","016721683-0000","6220-2Z","134.74734","1718.03","1718.03","3436.06","3436.06"
"8385","016721683-0030","6220-2Z-C3","134.74734","1718.03","1718.03","3436.06","3436.06"
"8386","016721683-0040","6220-2Z-C4","156.85632","1999.92","1999.92","3999.84","3999.84"
"8387","016721667-0030","6220-C3","116.13597","1480.73","1480.73","2961.46","2961.46"
"8388","016721667-0040","6220-C4","139.67463","1780.85","1780.85","3561.7","3561.7"
"14704","039014002-0030","6220-J20AA-C3","719.9737500000001","9179.67","9179.67","18359.34","18359.34"
"14705","019105886-0000","6220-M","283.15323","3610.2","3610.2","7220.4","7220.4"
"14707","019105886-0030","6220-M-C3","283.15323","3610.2","3610.2","7220.4","7220.4"
"14708","039014029-0030","6220-M-J20AA-C3","960.330375","12244.21","12244.21","24488.42","24488.42"
"14709","039014029-0040","6220-M-J20AA-C4","1079.9745000000003","13769.67","13769.67","27539.34","27539.34"
"14706","039611531-0030","6220-MAS-P5-S1-C3","324.4863","4137.2","4137.2","8274.4","8274.4"
"14710","019105959-0000","6220-N","134.87499","1719.66","1719.66","3439.32","3439.32"
"14711","019105959-0030","6220-N-C3","134.87499","1719.66","1719.66","3439.32","3439.32"
"8389","019105967-0000","6220-RSR","153.294885","1954.51","1954.51","3909.02","3909.02"
"8390","016721829-0000","6220-Z","125.416125","1599.06","1599.06","3198.12","3198.12"
"8391","016721829-0030","6220-Z-C3","125.416125","1599.06","1599.06","3198.12","3198.12"
"14688","059614005-0000","62200-A-2RSR","9.254625","118","118","236","236"
"14689","059614536-0000","62201-A-2RSR","9.739695","124.18","124.18","248.36","248.36"
"14690","059614536-0030","62201-A-2RSR-C3","9.739695","124.18","124.18","248.36","248.36"
"14691","059614838-0000","62202-A-2RSR","10.403475000000002","132.64","132.64","265.28","265.28"
"14692","059614838-0030","62202-A-2RSR-C3","10.39071","132.48","132.48","264.96","264.96"
"14694","059650133-0000","62203-A-2RSR","11.552325","147.29","147.29","294.58","294.58"
"8392","016721756-0030","62204-2RSR-C3","12.956475","165.2","165.2","330.4","330.4"
"14695","059655437-0000","62204-A-2RSR","12.956475","165.2","165.2","330.4","330.4"
"14696","059655437-0030","62204-A-2RSR-C3","12.956475","165.2","165.2","330.4","330.4"
"14697","059656948-0000","62205-A-2RSR","14.398920000000002","183.59","183.59","367.18","367.18"
"14698","059656948-0030","62205-A-2RSR-C3","14.398920000000002","183.59","183.59","367.18","367.18"
"14699","059664070-0000","62206-A-2RSR","17.69229","225.58","225.58","451.16","451.16"
"14700","059664070-0030","62206-A-2RSR-C3","17.69229","225.58","225.58","451.16","451.16"
"14701","064775887-0000","62207-A-2RSR","22.54299","287.42","287.42","574.84","574.84"
"14702","064800393-0000","62208-A-2RSR","27.559635000000004","351.39","351.39","702.78","702.78"
"14703","064775976-0000","62209-A-2RSR","34.491029999999995","439.76","439.76","879.52","879.52"
"8393","016721837-0000","6221","153.856545","1961.67","1961.67","3923.34","3923.34"
"8394","079468268-0000","6221-2RSR","198.253215","2527.73","2527.73","5055.46","5055.46"
"8395","079468268-0030","6221-2RSR-C3","198.253215","2527.73","2527.73","5055.46","5055.46"
"8396","019105991-0000","6221-2Z","176.527185","2250.72","2250.72","4501.44","4501.44"
"8397","019105991-0030","6221-2Z-C3","176.527185","2250.72","2250.72","4501.44","4501.44"
"11306","039011011-0030","6221-2Z-L038-C3","176.527185","2250.72","2250.72","4501.44","4501.44"
"8398","016721837-0030","6221-C3","153.856545","1961.67","1961.67","3923.34","3923.34"
"14713","038534835-0000","6221-M","301.61142","3845.55","3845.55","7691.1","7691.1"
"14714","038534835-0030","6221-M-C3","301.61142","3845.55","3845.55","7691.1","7691.1"
"14712","064776026-0000","62210-A-2RSR","39.431084999999996","502.75","502.75","1005.5","1005.5"
"8399","016721861-0000","62211-2RSR","47.77939499999999","609.19","609.19","1218.38","1218.38"
"8400","016721870-0000","62212-2RSR","60.263565","768.36","768.36","1536.72","1536.72"
"8401","016721888-0000","6222","171.242475","2183.34","2183.34","4366.68","4366.68"
"8402","016721896-0000","6222-2Z","202.797555","2585.67","2585.67","5171.34","5171.34"
"8403","016721896-0030","6222-2Z-C3","202.797555","2585.67","2585.67","5171.34","5171.34"
"8404","016721896-0040","6222-2Z-C4","232.78254","2967.98","2967.98","5935.96","5935.96"
"8405","016721888-0020","6222-C2","181.50553500000004","2314.2","2314.2","4628.4","4628.4"
"8406","016721888-0030","6222-C3","171.242475","2183.34","2183.34","4366.68","4366.68"
"8407","016721888-0040","6222-C4","183.61176","2341.05","2341.05","4682.1","4682.1"
"14715","039265307-0030","6222-J20AA-C3","762.6948750000001","9724.36","9724.36","19448.72","19448.72"
"14716","019106122-0000","6222-M","320.04408","4080.56","4080.56","8161.12","8161.12"
"14719","019106122-0030","6222-M-C3","320.04408","4080.56","4080.56","8161.12","8161.12"
"14720","019106122-0040","6222-M-C4","368.05324500000006","4692.68","4692.68","9385.36","9385.36"
"14717","038405172-0030","6222-MA-C3","320.04408","4080.56","4080.56","8161.12","8161.12"
"14718","038405172-0040","6222-MA-C4","368.05324500000006","4692.68","4692.68","9385.36","9385.36"
"8408","019106203-0000","6222-Z","200.66579999999993","2558.49","2558.49","5116.98","5116.98"
"8409","019106203-0030","6222-Z-C3","200.66579999999993","2558.49","2558.49","5116.98","5116.98"
"8410","016721942-0000","6224","222.95349","2842.66","2842.66","5685.32","5685.32"
"8411","039053660-0000","6224-2RSR","305.56857","3896","3896","7792","7792"
"8412","039053660-0030","6224-2RSR-C3","305.56857","3896","3896","7792","7792"
"8413","016721942-0030","6224-C3","222.95349","2842.66","2842.66","5685.32","5685.32"
"8414","016721942-0040","6224-C4","232.52723999999998","2964.72","2964.72","5929.44","5929.44"
"14721","039241009-0030","6224-J20AA-C3","915.972","11678.64","11678.64","23357.28","23357.28"
"14722","038405199-0000","6224-M","393.95342999999997","5022.91","5022.91","10045.82","10045.82"
"14725","038405199-0030","6224-M-C3","393.95342999999997","5022.91","5022.91","10045.82","10045.82"
"14723","038405202-0000","6224-MA","393.95342999999997","5022.91","5022.91","10045.82","10045.82"
"14724","038405202-0030","6224-MA-C3","393.95342999999997","5022.91","5022.91","10045.82","10045.82"
"8415","016721977-0000","6226","261.35061","3332.22","3332.22","6664.44","6664.44"
"8416","019106270-0000","6226-2Z","306.398295","3906.58","3906.58","7813.16","7813.16"
"8417","019106270-0030","6226-2Z-C3","306.398295","3906.58","3906.58","7813.16","7813.16"
"8418","016721977-0030","6226-C3","261.35061","3332.22","3332.22","6664.44","6664.44"
"8419","016721977-0040","6226-C4","306.64083","3909.67","3909.67","7819.34","7819.34"
"14726","039241025-0030","6226-J20AA-C3","1032.66075","13166.42","13166.42","26332.84","26332.84"
"14727","039241025-4001","6226-J20AA-R152-203","1263.98475","16115.81","16115.81","32231.62","32231.62"
"14728","038405210-0030","6226-M-C3","467.74789499999997","5963.79","5963.79","11927.58","11927.58"
"14729","038405210-0040","6226-M-C4","486.46138500000006","6202.38","6202.38","12404.76","12404.76"
"14730","016721977-4001","6226-R152-203","515.78259","6576.23","6576.23","13152.46","13152.46"
"14731","038897857-4030","6226-S1-C4-J22E","567.212775","7231.96","7231.96","14463.92","14463.92"
"8420","019106343-0030","6226-Z-C3","306.25787999999994","3904.79","3904.79","7809.58","7809.58"
"8421","016721993-0000","6228","345.80385","4409","4409","8818","8818"
"8422","016721993-0030","6228-C3","345.80385","4409","4409","8818","8818"
"8423","016721993-0040","6228-C4","383.01382500000005","4883.43","4883.43","9766.86","9766.86"
"14732","058325468-0030","6228-J20AA-C3","1271.8935000000001","16216.64","16216.64","32433.28","32433.28"
"14733","038405237-0000","6228-M","590.8918500000001","7533.87","7533.87","15067.74","15067.74"
"14736","038405237-0030","6228-M-C3","590.8918500000001","7533.87","7533.87","15067.74","15067.74"
"14737","038405237-0040","6228-M-C4","615.515535","7847.82","7847.82","15695.64","15695.64"
"14734","038405245-0030","6228-MA-C3","590.8918500000001","7533.87","7533.87","15067.74","15067.74"
"14735","038405245-0040","6228-MA-C4","615.515535","7847.82","7847.82","15695.64","15695.64"
"8424","016722060-0000","6230","442.8306150000001","5646.09","5646.09","11292.18","11292.18"
"8425","016722060-0030","6230-C3","442.8306150000001","5646.09","5646.09","11292.18","11292.18"
"8426","016722060-0040","6230-C4","492.384345","6277.9","6277.9","12555.8","12555.8"
"14749","039014061-0030","6230-J20AA-C3","1320.70575","16839","16839","33678","33678"
"14750","019106505-0000","6230-M","605.62266","7721.69","7721.69","15443.38","15443.38"
"14751","019106505-0030","6230-M-C3","605.62266","7721.69","7721.69","15443.38","15443.38"
"14752","019106505-0040","6230-M-C4","689.322765","8788.87","8788.87","17577.74","17577.74"
"14738","064776123-0000","62301-A-2RSR","11.807625","150.55","150.55","301.1","301.1"
"8427","016722094-0000","62302-2RSR","12.075690000000002","153.97","153.97","307.94","307.94"
"8428","016722094-0030","62302-2RSR-C3","12.075690000000002","153.97","153.97","307.94","307.94"
"14739","059671505-0000","62302-A-2RSR","12.075690000000002","153.97","153.97","307.94","307.94"
"14740","059671505-0030","62302-A-2RSR-C3","12.075690000000002","153.97","153.97","307.94","307.94"
"14741","059678933-0000","62303-A-2RSR","13.671315","174.31","174.31","348.62","348.62"
"14742","059678933-0030","62303-A-2RSR-C3","13.671315","174.31","174.31","348.62","348.62"
"14743","059679875-0000","62304-A-2RSR","15.445650000000002","196.93","196.93","393.86","393.86"
"14744","059698381-0000","62305-A-2RSR","20.96013","267.24","267.24","534.48","534.48"
"14745","059698381-0030","62305-A-2RSR-C3","20.96013","267.24","267.24","534.48","534.48"
"14746","064776280-0000","62306-A-2RSR","26.19378","333.97","333.97","667.94","667.94"
"14747","064800865-0000","62307-A-2RSR","34.491029999999995","439.76","439.76","879.52","879.52"
"14748","064776328-0000","62308-A-2RSR","44.57538","568.34","568.34","1136.68","1136.68"
"8429","016722159-0000","62309-2RSR","59.101949999999995","753.55","753.55","1507.1","1507.1"
"8430","016722175-0000","62310-2RSR","71.59888500000001","912.89","912.89","1825.78","1825.78"
"14753","019106530-0000","6232-M","678.268275","8647.92","8647.92","17295.84","17295.84"
"14756","019106530-0030","6232-M-C3","678.268275","8647.92","8647.92","17295.84","17295.84"
"14757","019106530-0040","6232-M-C4","785.366625","10013.42","10013.42","20026.84","20026.84"
"14758","069107009-0030","6232-M-J20AA-C3","2268.687375","28925.76","28925.76","57851.52","57851.52"
"14754","117940070-0000","6232M O-11","639.85839","8158.19","8158.19","16316.38","16316.38"
"14755","117940089-0000","6232M.C3 O-11","639.85839","8158.19","8158.19","16316.38","16316.38"
"14759","019106580-0000","6234-M","795.425445","10141.67","10141.67","20283.34","20283.34"
"14760","019106580-0030","6234-M-C3","795.425445","10141.67","10141.67","20283.34","20283.34"
"14761","019106580-0040","6234-M-C4","859.0462050000002","10952.84","10952.84","21905.68","21905.68"
"14762","085386219-0030","6234-M-J20AA-C3","3198.9783750000006","40786.97","40786.97","81573.94","81573.94"
"14763","085386219-0040","6234-M-J20AA-C4","3455.1524999999997","44053.19","44053.19","88106.38","88106.38"
"14764","019106637-0000","6236-M","883.61883","11266.14","11266.14","22532.28","22532.28"
"14766","019106637-0030","6236-M-C3","883.61883","11266.14","11266.14","22532.28","22532.28"
"14767","019106637-0040","6236-M-C4","984.8069849999999","12556.29","12556.29","25112.58","25112.58"
"14768","039014070-0030","6236-M-J20AA-C3","3291.080625","41961.28","41961.28","83922.56","83922.56"
"14765","019106696-0040","6236-MA-C4","918.9778800000001","11716.97","11716.97","23433.94","23433.94"
"14769","019106734-0000","6238-M","1095.785895","13971.27","13971.27","27942.54","27942.54"
"14772","019106734-0030","6238-M-C3","1095.785895","13971.27","13971.27","27942.54","27942.54"
"14770","117940119-0000","6238M O-11","1033.73523","13180.12","13180.12","26360.24","26360.24"
"14771","117940127-0000","6238M.C3 O-11","1033.73523","13180.12","13180.12","26360.24","26360.24"
"14773","019106815-0000","6240-M","1354.06014","17264.27","17264.27","34528.54","34528.54"
"14774","019106815-0030","6240-M-C3","1354.06014","17264.27","17264.27","34528.54","34528.54"
"14775","019106823-0000","6244-M","1904.58906","24283.51","24283.51","48567.02","48567.02"
"14776","019106823-0030","6244-M-C3","1904.58906","24283.51","24283.51","48567.02","48567.02"
"14777","019106858-0000","6248-M","3281.1156","41834.22","41834.22","83668.44","83668.44"
"14778","019106858-0030","6248-M-C3","3281.1156","41834.22","41834.22","83668.44","83668.44"
"14779","019106890-0000","6252-M","4759.238775","60680.29","60680.29","121360.58","121360.58"
"14780","019106890-0030","6252-M-C3","4759.238775","60680.29","60680.29","121360.58","121360.58"
"14781","019106939-0030","6256-M-C3","7333.020195","93496.01","93496.01","186992.02","186992.02"
"14782","039615995-0000","6264-M","10456.67952","133322.66","133322.66","266645.32","266645.32"
"8431","016722493-0000","6300","4.13586","52.73","52.73","105.46","105.46"
"8432","016722523-0000","6300-2Z","4.95282","63.15","63.15","126.3","126.3"
"8433","016722523-0030","6300-2Z-C3","4.95282","63.15","63.15","126.3","126.3"
"14792","098570560-4030","6300-B-2DRS-L278-C3-SNZ1","5.769779999999999","73.56","73.56","147.12","147.12"
"14793","098570560-8201","6300-B-2DRS-L278-SNZ1","5.769779999999999","73.56","73.56","147.12","147.12"
"14794","098570641-0000","6300-B-2Z-L278","5.769779999999999","73.56","73.56","147.12","147.12"
"14795","098570641-4030","6300-B-2Z-L278-C3-SNZ1","4.95282","63.15","63.15","126.3","126.3"
"14796","098570641-8201","6300-B-2Z-L278-SNZ1","4.95282","63.15","63.15","126.3","126.3"
"14797","098570536-4030","6300-B-C3-SNZ1","4.13586","52.73","52.73","105.46","105.46"
"14798","098570536-8201","6300-B-SNZ1","4.13586","52.73","52.73","105.46","105.46"
"8434","016722493-0030","6300-C3","4.13586","52.73","52.73","105.46","105.46"
"8435","019107226-0000","6300-RSR","4.95282","63.15","63.15","126.3","126.3"
"8436","019107226-0030","6300-RSR-C3","4.95282","63.15","63.15","126.3","126.3"
"8437","019107277-0000","6300-Z","4.67199","59.57","59.57","119.14","119.14"
"8438","019107277-0030","6300-Z-C3","4.67199","59.57","59.57","119.14","119.14"
"14783","059714026-0000","63000-A-2RSR","10.39071","132.48","132.48","264.96","264.96"
"14784","059975520-0000","63001-A-2RSR","10.505595","133.95","133.95","267.9","267.9"
"14785","059722070-0000","63002-A-2RSR","10.505595","133.95","133.95","267.9","267.9"
"14786","059730145-0000","63003-A-2RSR","11.399144999999999","145.34","145.34","290.68","290.68"
"14787","059740841-0000","63004-A-2RSR","12.420345000000001","158.36","158.36","316.72","316.72"
"14788","059740841-0030","63004-A-2RSR-C3","12.420345000000001","158.36","158.36","316.72","316.72"
"14789","059752238-0000","63005-A-2RSR","12.599055000000002","160.64","160.64","321.28","321.28"
"14790","059764090-0000","63006-A-2RSR","17.143395","218.58","218.58","437.16","437.16"
"14791","059766662-0000","63007-A-2RSR","18.700725000000002","238.43","238.43","476.86","476.86"
"8439","016722620-0000","63008-2RSR","21.1899","270.17","270.17","540.34","540.34"
"8440","016722639-0000","63009-2RSR","31.78485","405.26","405.26","810.52","810.52"
"8441","016722647-0000","6301","3.9954450000000006","50.94","50.94","101.88","101.88"
"8442","016722655-0000","6301-2RSR","4.225215","53.87","53.87","107.74","107.74"
"8443","016722655-0030","6301-2RSR-C3","4.225215","53.87","53.87","107.74","107.74"
"14799","039011399-0000","6301-2RSR-L038","4.225215","53.87","53.87","107.74","107.74"
"11307","039011399-0030","6301-2RSR-L038-C3","4.225215","53.87","53.87","107.74","107.74"
"8444","016722671-0000","6301-2Z","3.62526","46.22","46.22","92.44","92.44"
"8445","016722671-0030","6301-2Z-C3","3.62526","46.22","46.22","92.44","92.44"
"14800","039011437-0000","6301-2Z-L038","3.62526","46.22","46.22","92.44","92.44"
"11308","039011437-0030","6301-2Z-L038-C3","3.62526","46.22","46.22","92.44","92.44"
"8446","016722647-0030","6301-C3","3.9954450000000006","50.94","50.94","101.88","101.88"
"8447","019107412-0000","6301-Z","4.684755","59.73","59.73","119.46","119.46"
"8448","019107412-0030","6301-Z-C3","4.684755","59.73","59.73","119.46","119.46"
"8449","016722698-0000","6302","4.03374","51.43","51.43","102.86","102.86"
"8450","016722701-0000","6302-2RSR","4.608165","58.75","58.75","117.5","117.5"
"8451","016722701-0030","6302-2RSR-C3","4.608165","58.75","58.75","117.5","117.5"
"14801","038898063-0000","6302-2RSR-L038","4.608165","58.75","58.75","117.5","117.5"
"11309","038898063-0030","6302-2RSR-L038-C3","4.608165","58.75","58.75","117.5","117.5"
"8452","016722728-0000","6302-2Z","3.98268","50.78","50.78","101.56","101.56"
"8453","016722728-0030","6302-2Z-C3","3.98268","50.78","50.78","101.56","101.56"
"14802","039011615-0000","6302-2Z-L038","3.98268","50.78","50.78","101.56","101.56"
"11310","039011615-0030","6302-2Z-L038-C3","3.98268","50.78","50.78","101.56","101.56"
"10990","095233733-0030","6302-C-2HRS-L038-C3>V","4.608165","58.75","58.75","117.5","117.5"
"10989","095233733-0000","6302-C-2HRS-L038>V","4.608165","58.75","58.75","117.5","117.5"
"14804","094983500-0040","6302-C-2Z-C4>V","4.786875","61.03","61.03","122.06","122.06"
"11311","095233776-0030","6302-C-2Z-L038-C3>V","3.98268","50.78","50.78","101.56","101.56"
"14805","094983488-0030","6302-C-C3>V","4.03374","51.43","51.43","102.86","102.86"
"14807","095233792-0030","6302-C-Z-C3>V","5.20812","66.4","66.4","132.8","132.8"
"14806","095233792-0000","6302-C-Z>V","5.20812","66.4","66.4","132.8","132.8"
"8454","016722698-0030","6302-C3","4.03374","51.43","51.43","102.86","102.86"
"14803","094983488-0000","6302-C>V","4.03374","51.43","51.43","102.86","102.86"
"8455","016722760-0000","6302-RSR","5.501714999999999","70.15","70.15","140.3","140.3"
"8456","016722760-0030","6302-RSR-C3","5.501714999999999","70.15","70.15","140.3","140.3"
"8457","016722779-0000","6302-Z","5.20812","66.4","66.4","132.8","132.8"
"8458","016722779-0030","6302-Z-C3","5.20812","66.4","66.4","132.8","132.8"
"8459","016722787-0000","6303","4.888995","62.33","62.33","124.66","124.66"
"8460","016722795-0000","6303-2RSR","5.323005","67.87","67.87","135.74","135.74"
"8461","016722795-0030","6303-2RSR-C3","5.323005","67.87","67.87","135.74","135.74"
"14808","039011836-0000","6303-2RSR-L038","4.429455","56.48","56.48","112.96","112.96"
"11312","039011836-0030","6303-2RSR-L038-C3","4.429455","56.48","56.48","112.96","112.96"
"8462","016722817-0000","6303-2Z","4.557105","58.1","58.1","116.2","116.2"
"8463","016722817-0030","6303-2Z-C3","4.557105","58.1","58.1","116.2","116.2"
"14809","039019594-0000","6303-2Z-L038","3.6763199999999996","46.87","46.87","93.74","93.74"
"11313","039019594-0030","6303-2Z-L038-C3","3.6763199999999996","46.87","46.87","93.74","93.74"
"10993","095234110-0030","6303-C-2HRS-L038-C3>V","4.429455","56.48","56.48","112.96","112.96"
"10992","095234110-0000","6303-C-2HRS-L038>V","4.429455","56.48","56.48","112.96","112.96"
"10994","095234152-0030","6303-C-2HRS-L138-C3>V","4.429455","56.48","56.48","112.96","112.96"
"10991","094983623-0000","6303-C-2HRS>V","4.429455","56.48","56.48","112.96","112.96"
"11314","095220810-0030","6303-C-2Z-L038-C3>V","3.6763199999999996","46.87","46.87","93.74","93.74"
"14811","095220810-0000","6303-C-2Z-L038>V","3.6763199999999996","46.87","46.87","93.74","93.74"
"14812","094983615-0030","6303-C-C3>V","4.888995","62.33","62.33","124.66","124.66"
"14813","095220828-0000","6303-C-Z>V","5.501714999999999","70.15","70.15","140.3","140.3"
"8464","016722787-0030","6303-C3","4.888995","62.33","62.33","124.66","124.66"
"8465","016722787-0040","6303-C4","5.08047","64.78","64.78","129.56","129.56"
"14810","094983615-0000","6303-C>V","4.888995","62.33","62.33","124.66","124.66"
"14814","038452197-0000","6303-P5","124.77787500000002","1590.92","1590.92","3181.84","3181.84"
"8466","019107935-0000","6303-RSR","6.037845000000001","76.98","76.98","153.96","153.96"
"8467","019107935-0030","6303-RSR-C3","6.037845000000001","76.98","76.98","153.96","153.96"
"14815","038476851-0040","6303-TVH-C4","8.654670000000001","110.35","110.35","220.7","220.7"
"8468","019108010-0000","6303-Z","5.501714999999999","70.15","70.15","140.3","140.3"
"8469","019108010-0030","6303-Z-C3","5.501714999999999","70.15","70.15","140.3","140.3"
"8470","016722841-0000","6304","5.23365","66.73","66.73","133.46","133.46"
"8471","016722850-0000","6304-2RSR","6.037845000000001","76.98","76.98","153.96","153.96"
"8472","016722850-0030","6304-2RSR-C3","6.037845000000001","76.98","76.98","153.96","153.96"
"14816","038898179-0000","6304-2RSR-L038","6.037845000000001","76.98","76.98","153.96","153.96"
"11315","038898179-0030","6304-2RSR-L038-C3","6.037845000000001","76.98","76.98","153.96","153.96"
"14817","038902036-0000","6304-2RSR-L207","6.037845000000001","76.98","76.98","153.96","153.96"
"8473","016722884-0000","6304-2Z","5.13153","65.43","65.43","130.86","130.86"
"8474","016722884-0030","6304-2Z-C3","5.13153","65.43","65.43","130.86","130.86"
"14818","038898233-0000","6304-2Z-L038","5.13153","65.43","65.43","130.86","130.86"
"11316","038898233-0030","6304-2Z-L038-C3","5.13153","65.43","65.43","130.86","130.86"
"10995","094983640-0040","6304-C-2HRS-C4>V","7.02075","89.51","89.51","179.02","179.02"
"10997","095234209-0030","6304-C-2HRS-L038-C3>V","6.037845000000001","76.98","76.98","153.96","153.96"
"10996","095234209-0000","6304-C-2HRS-L038>V","6.037845000000001","76.98","76.98","153.96","153.96"
"14820","094983658-0030","6304-C-2Z-C3>V","5.13153","65.43","65.43","130.86","130.86"
"11317","095234349-0030","6304-C-2Z-L038-C3>V","5.13153","65.43","65.43","130.86","130.86"
"14821","095234349-0000","6304-C-2Z-L038>V","5.13153","65.43","65.43","130.86","130.86"
"14822","094992967-0030","6304-C-C3>V","5.23365","66.73","66.73","133.46","133.46"
"14823","094992967-0040","6304-C-C4>V","5.4378899999999994","69.33","69.33","138.66","138.66"
"8475","016722841-0020","6304-C2","5.54001","70.64","70.64","141.28","141.28"
"8476","016722841-0030","6304-C3","5.23365","66.73","66.73","133.46","133.46"
"8477","016722841-0040","6304-C4","6.050610000000002","77.15","77.15","154.3","154.3"
"14819","094992967-0000","6304-C>V","5.23365","66.73","66.73","133.46","133.46"
"14824","038452316-0030","6304-MA-C3","39.34173","501.61","501.61","1003.22","1003.22"
"14825","016722914-0000","6304-N","6.61227","84.31","84.31","168.62","168.62"
"14826","038377160-0000","6304-NR","7.454759999999999","95.05","95.05","190.1","190.1"
"8478","016722922-0000","6304-RSR","6.71439","85.61","85.61","171.22","171.22"
"8479","016722922-0030","6304-RSR-C3","6.71439","85.61","85.61","171.22","171.22"
"14827","019108311-0000","6304-TB","19.696395","251.13","251.13","502.26","502.26"
"14828","038452324-0030","6304-TB-P6-C3","22.325984999999996","284.66","284.66","569.32","569.32"
"14829","038377179-0030","6304-TVH-C3","7.544115","96.19","96.19","192.38","192.38"
"14830","038377179-0040","6304-TVH-C4","7.544115","96.19","96.19","192.38","192.38"
"8480","016722957-0000","6304-Z","6.318675","80.56","80.56","161.12","161.12"
"8481","016722957-0030","6304-Z-C3","6.318675","80.56","80.56","161.12","161.12"
"14831","038452332-0000","6304-Z-N","9.535455","121.58","121.58","243.16","243.16"
"8482","016722965-0000","6305","6.178260000000001","78.77","78.77","157.54","157.54"
"8483","016722973-0000","6305-2RSR","7.4419949999999995","94.89","94.89","189.78","189.78"
"8484","016722973-0030","6305-2RSR-C3","7.4419949999999995","94.89","94.89","189.78","189.78"
"8485","016722973-0040","6305-2RSR-C4","10.607715","135.25","135.25","270.5","270.5"
"14832","038898241-0000","6305-2RSR-L038","7.4419949999999995","94.89","94.89","189.78","189.78"
"11318","038898241-0030","6305-2RSR-L038-C3","7.4419949999999995","94.89","94.89","189.78","189.78"
"11319","038898241-0040","6305-2RSR-L038-C4","10.607715","135.25","135.25","270.5","270.5"
"14833","055833268-0000","6305-2RSR-L237","9.586514999999999","122.23","122.23","244.46","244.46"
"8486","016722990-0000","6305-2Z","6.497385","82.84","82.84","165.68","165.68"
"8487","016722990-0030","6305-2Z-C3","6.497385","82.84","82.84","165.68","165.68"
"14834","038898284-0000","6305-2Z-L038","6.497385","82.84","82.84","165.68","165.68"
"11320","038898284-0030","6305-2Z-L038-C3","6.497385","82.84","82.84","165.68","165.68"
"10999","095562370-0030","6305-C-2HRS-C3>V","7.4419949999999995","94.89","94.89","189.78","189.78"
"11000","095562370-0040","6305-C-2HRS-C4>V","7.735590000000001","98.63","98.63","197.26","197.26"
"11002","095562389-0030","6305-C-2HRS-L038-C3>V","7.4419949999999995","94.89","94.89","189.78","189.78"
"11003","095562389-0040","6305-C-2HRS-L038-C4>V","7.735590000000001","98.63","98.63","197.26","197.26"
"11001","095562389-0000","6305-C-2HRS-L038>V","7.4419949999999995","94.89","94.89","189.78","189.78"
"10998","095562370-0000","6305-C-2HRS>V","7.4419949999999995","94.89","94.89","189.78","189.78"
"14837","095562400-0030","6305-C-2Z-C3>V","6.497385","82.84","82.84","165.68","165.68"
"11321","095562419-0030","6305-C-2Z-L038-C3>V","6.497385","82.84","82.84","165.68","165.68"
"14838","095562419-0000","6305-C-2Z-L038>V","6.497385","82.84","82.84","165.68","165.68"
"14836","095562400-0000","6305-C-2Z>V","6.497385","82.84","82.84","165.68","165.68"
"14839","095562362-0030","6305-C-C3>V","6.178260000000001","78.77","78.77","157.54","157.54"
"14840","095562362-0040","6305-C-C4>V","7.8377099999999995","99.93","99.93","199.86","199.86"
"14841","095562435-0000","6305-C-HRS>V","8.475959999999999","108.07","108.07","216.14","216.14"
"14843","095562443-0030","6305-C-Z-C3>V","7.735590000000001","98.63","98.63","197.26","197.26"
"14842","095562443-0000","6305-C-Z>V","7.735590000000001","98.63","98.63","197.26","197.26"
"8488","016722965-0030","6305-C3","6.178260000000001","78.77","78.77","157.54","157.54"
"8489","016722965-0040","6305-C4","7.8377099999999995","99.93","99.93","199.86","199.86"
"14835","095562362-0000","6305-C>V","6.178260000000001","78.77","78.77","157.54","157.54"
"14845","019108478-0030","6305-M-C3","32.11674","409.49","409.49","818.98","818.98"
"14844","038377187-0030","6305-MA-C3","48.14958","613.91","613.91","1227.82","1227.82"
"14846","016723031-0000","6305-N","8.105775","103.35","103.35","206.7","206.7"
"14847","016723031-0030","6305-N-C3","8.105775","103.35","103.35","206.7","206.7"
"14848","038377195-0000","6305-NR","9.918405","126.46","126.46","252.92","252.92"
"8490","016723040-0000","6305-RSR","8.475959999999999","108.07","108.07","216.14","216.14"
"8491","016723040-0030","6305-RSR-C3","8.948265","114.09","114.09","228.18","228.18"
"14849","019108524-0000","6305-TB","19.696395","251.13","251.13","502.26","502.26"
"14850","038898314-0030","6305-TB-P6-C3","24.674744999999998","314.6","314.6","629.2","629.2"
"14851","038452391-0030","6305-TVH-C3","11.79486","150.38","150.38","300.76","300.76"
"8492","016723066-0000","6305-Z","7.735590000000001","98.63","98.63","197.26","197.26"
"8493","016723066-0030","6305-Z-C3","7.735590000000001","98.63","98.63","197.26","197.26"
"14852","016723082-0000","6305-Z-N","9.03762","115.23","115.23","230.46","230.46"
"8494","016723090-0000","6306","9.03762","115.23","115.23","230.46","230.46"
"8495","016723104-0000","6306-2RSR","9.994995","127.44","127.44","254.88","254.88"
"8496","016723104-0020","6306-2RSR-C2","10.59495","135.09","135.09","270.18","270.18"
"14853","038898330-4030","6306-2RSR-L019-C3-J22R","12.86712","164.06","164.06","328.12","328.12"
"14854","038898349-0000","6306-2RSR-L038","9.994995","127.44","127.44","254.88","254.88"
"2732","038898349-0030","6306-2RSR-L038-C3","9.994995","127.44","127.44","254.88","254.88"
"14855","038452448-0000","6306-2RSR-N","18.458190000000002","235.34","235.34","470.68","470.68"
"8497","016723120-0000","6306-2Z","8.692965","110.84","110.84","221.68","221.68"
"8498","016723120-0030","6306-2Z-C3","8.692965","110.84","110.84","221.68","221.68"
"8499","016723120-0040","6306-2Z-C4","9.82905","125.32","125.32","250.64","250.64"
"14856","038898403-0000","6306-2Z-L038","8.692965","110.84","110.84","221.68","221.68"
"11322","038898403-0030","6306-2Z-L038-C3","8.692965","110.84","110.84","221.68","221.68"
"11323","038898403-4030","6306-2Z-L038-C3-J22R","12.241634999999999","156.08","156.08","312.16","312.16"
"11324","038898403-0040","6306-2Z-L038-C4","9.82905","125.32","125.32","250.64","250.64"
"14857","038282810-0000","6306-2Z-N","14.42445","183.91","183.91","367.82","367.82"
"14858","068973497-0000","6306-2Z-N-L038","14.42445","183.91","183.91","367.82","367.82"
"14859","079167829-0030","6306-C-C3","9.03762","115.23","115.23","230.46","230.46"
"8500","016723090-0030","6306-C3","9.03762","115.23","115.23","230.46","230.46"
"8501","016723090-0040","6306-C4","10.773659999999998","137.36","137.36","274.72","274.72"
"14862","019108796-0030","6306-M-C3","61.706010000000006","786.75","786.75","1573.5","1573.5"
"14860","019108818-0000","6306-MA","61.706010000000006","786.75","786.75","1573.5","1573.5"
"14861","019108818-0030","6306-MA-C3","61.706010000000006","786.75","786.75","1573.5","1573.5"
"14863","016723171-0000","6306-N","10.39071","132.48","132.48","264.96","264.96"
"14864","016723171-0030","6306-N-C3","10.403475000000002","132.64","132.64","265.28","265.28"
"14865","038476959-0000","6306-NR","14.67975","187.17","187.17","374.34","374.34"
"14866","038476959-0030","6306-NR-C3","14.67975","187.17","187.17","374.34","374.34"
"8502","016723180-0000","6306-RSR","11.424674999999999","145.66","145.66","291.32","291.32"
"8503","016723180-0030","6306-RSR-C3","11.424674999999999","145.66","145.66","291.32","291.32"
"14867","038282780-0000","6306-TB","25.747005","328.27","328.27","656.54","656.54"
"14868","038452456-0030","6306-TB-P6-C3","32.11674","409.49","409.49","818.98","818.98"
"8504","016723201-0000","6306-Z","10.837485","138.18","138.18","276.36","276.36"
"8505","016723201-0030","6306-Z-C3","10.837485","138.18","138.18","276.36","276.36"
"14869","016723228-0000","6306-Z-N","12.101220000000003","154.29","154.29","308.58","308.58"
"14870","016723228-0030","6306-Z-N-C3","12.101220000000003","154.29","154.29","308.58","308.58"
"8506","016723236-0000","6307","11.960804999999999","152.5","152.5","305","305"
"8507","016723244-0000","6307-2RSR","13.22454","168.61","168.61","337.22","337.22"
"14871","038898420-0000","6307-2RSR-L038","13.22454","168.61","168.61","337.22","337.22"
"2643","038898420-0030","6307-2RSR-L038-C3","13.22454","168.61","168.61","337.22","337.22"
"8508","016723260-0000","6307-2Z","11.59062","147.78","147.78","295.56","295.56"
"8509","016723260-0030","6307-2Z-C3","11.59062","147.78","147.78","295.56","295.56"
"14872","038898446-0000","6307-2Z-L038","11.59062","147.78","147.78","295.56","295.56"
"11325","038898446-0030","6307-2Z-L038-C3","11.59062","147.78","147.78","295.56","295.56"
"8510","016723236-0020","6307-C2","12.68841","161.78","161.78","323.56","323.56"
"8511","016723236-0030","6307-C3","11.960804999999999","152.5","152.5","305","305"
"14873","019003005-0000","6307-M","46.196535","589.01","589.01","1178.02","1178.02"
"14874","019003005-0030","6307-M-C3","46.196535","589.01","589.01","1178.02","1178.02"
"14875","016723317-0000","6307-N","14.743575","187.98","187.98","375.96","375.96"
"14876","016723317-0030","6307-N-C3","14.743575","187.98","187.98","375.96","375.96"
"14877","038452464-0000","6307-NR","17.909295","228.34","228.34","456.68","456.68"
"8512","019109032-0000","6307-RSR","15.509475","197.75","197.75","395.5","395.5"
"8513","019109032-0030","6307-RSR-C3","15.509475","197.75","197.75","395.5","395.5"
"14878","038282836-0000","6307-TB","34.491029999999995","439.76","439.76","879.52","879.52"
"14879","038452480-0030","6307-TB-P6-C3","34.9761","445.95","445.95","891.9","891.9"
"8514","016723341-0000","6307-Z","14.11809","180.01","180.01","360.02","360.02"
"8515","016723341-0030","6307-Z-C3","14.11809","180.01","180.01","360.02","360.02"
"14880","016723368-0000","6307-Z-N","15.305235","195.14","195.14","390.28","390.28"
"14881","016723368-0030","6307-Z-N-C3","15.305235","195.14","195.14","390.28","390.28"
"14882","038476975-0000","6307-Z-NR","16.556205000000002","211.09","211.09","422.18","422.18"
"8516","016723376-0000","6308","15.037169999999998","191.72","191.72","383.44","383.44"
"8517","016723384-0000","6308-2RSR","16.198785","206.53","206.53","413.06","413.06"
"14883","016723384-4034","6308-2RSR-C3-NA","16.198785","206.53","206.53","413.06","413.06"
"14884","038898519-0000","6308-2RSR-L038","16.198785","206.53","206.53","413.06","413.06"
"2806","038898519-0030","6308-2RSR-L038-C3","16.198785","206.53","206.53","413.06","413.06"
"14885","069251002-0030","6308-2RSR-L138-C3","16.198785","206.53","206.53","413.06","413.06"
"8518","016723406-0000","6308-2Z","15.420119999999999","196.61","196.61","393.22","393.22"
"8519","016723406-0030","6308-2Z-C3","15.420119999999999","196.61","196.61","393.22","393.22"
"8520","016723406-0040","6308-2Z-C4","17.577405","224.11","224.11","448.22","448.22"
"14886","038898586-0000","6308-2Z-L038","15.420119999999999","196.61","196.61","393.22","393.22"
"11326","038898586-0030","6308-2Z-L038-C3","15.420119999999999","196.61","196.61","393.22","393.22"
"11327","038898586-0040","6308-2Z-L038-C4","17.577405","224.11","224.11","448.22","448.22"
"8521","016723376-0030","6308-C3","15.037169999999998","191.72","191.72","383.44","383.44"
"8522","016723376-0040","6308-C4","15.637125000000003","199.37","199.37","398.74","398.74"
"14887","019109318-0000","6308-M","66.60777","849.25","849.25","1698.5","1698.5"
"14889","019109318-0030","6308-M-C3","66.60777","849.25","849.25","1698.5","1698.5"
"14890","038452553-0020","6308-M-P5-C2","69.56925","887.01","887.01","1774.02","1774.02"
"14888","038452561-0030","6308-MA-C3","66.60777","849.25","849.25","1698.5","1698.5"
"14891","016723465-0000","6308-N","19.696395","251.13","251.13","502.26","502.26"
"14892","016723465-0030","6308-N-C3","19.696395","251.13","251.13","502.26","502.26"
"14893","038452588-0000","6308-NR","19.798515","252.43","252.43","504.86","504.86"
"14894","038452588-4300","6308-NR-J22R","27.763875","353.99","353.99","707.98","707.98"
"8523","019109407-0000","6308-RSR","20.679299999999998","263.66","263.66","527.32","527.32"
"8524","019109407-0030","6308-RSR-C3","20.679299999999998","263.66","263.66","527.32","527.32"
"14895","019109423-0000","6308-TB","37.133385","473.45","473.45","946.9","946.9"
"14896","038898594-0030","6308-TB-P6-C3","41.971320000000006","535.13","535.13","1070.26","1070.26"
"8525","016723490-0000","6308-Z","19.109205","243.64","243.64","487.28","487.28"
"8526","016723490-0030","6308-Z-C3","19.109205","243.64","243.64","487.28","487.28"
"14897","016723511-0000","6308-Z-N","19.42833","247.71","247.71","495.42","495.42"
"14898","016723511-0030","6308-Z-N-C3","19.42833","247.71","247.71","495.42","495.42"
"14899","038477009-0000","6308-Z-NR","20.755890000000004","264.64","264.64","529.28","529.28"
"8527","016723520-0000","6309","20.130405","256.66","256.66","513.32","513.32"
"8528","016723538-0000","6309-2RSR","21.560085","274.89","274.89","549.78","549.78"
"14900","038898616-0000","6309-2RSR-L038","21.560085","274.89","274.89","549.78","549.78"
"2646","038898616-0030","6309-2RSR-L038-C3","21.560085","274.89","274.89","549.78","549.78"
"8529","016723554-0000","6309-2Z","19.4028","247.39","247.39","494.78","494.78"
"8530","016723554-0030","6309-2Z-C3","19.4028","247.39","247.39","494.78","494.78"
"8531","016723554-0040","6309-2Z-C4","41.358599999999996","527.32","527.32","1054.64","1054.64"
"14901","038898659-0000","6309-2Z-L038","19.4028","247.39","247.39","494.78","494.78"
"11328","038898659-0030","6309-2Z-L038-C3","19.4028","247.39","247.39","494.78","494.78"
"11329","038898659-4030","6309-2Z-L038-C3-J22R","27.355395000000005","348.78","348.78","697.56","697.56"
"11330","038898659-0040","6309-2Z-L038-C4","41.358599999999996","527.32","527.32","1054.64","1054.64"
"14902","038477017-0000","6309-2Z-N","27.942585","356.27","356.27","712.54","712.54"
"14903","089987896-0000","6309-C-HRS","24.713040000000003","315.09","315.09","630.18","630.18"
"8532","016723520-0030","6309-C3","20.130405","256.66","256.66","513.32","513.32"
"8533","016723520-0040","6309-C4","25.236404999999998","321.76","321.76","643.52","643.52"
"14904","059129000-0030","6309-J20AA-C3","280.85775","3580.94","3580.94","7161.88","7161.88"
"14905","019109636-0000","6309-M","92.87814","1184.2","1184.2","2368.4","2368.4"
"14907","019109636-0030","6309-M-C3","92.87814","1184.2","1184.2","2368.4","2368.4"
"14906","016723589-0030","6309-MA-C3","92.87814","1184.2","1184.2","2368.4","2368.4"
"14908","019109679-0000","6309-N","24.674744999999998","314.6","314.6","629.2","629.2"
"14909","019109679-0030","6309-N-C3","24.674744999999998","314.6","314.6","629.2","629.2"
"8534","019109709-0000","6309-RSR","27.074565","345.2","345.2","690.4","690.4"
"8535","019109709-0030","6309-RSR-C3","27.074565","345.2","345.2","690.4","690.4"
"14910","019109725-0000","6309-TB","49.26013499999999","628.07","628.07","1256.14","1256.14"
"14911","038898683-0030","6309-TB-P6-C3","54.14913","690.4","690.4","1380.8","1380.8"
"8536","016723597-0000","6309-Z","24.572625000000002","313.3","313.3","626.6","626.6"
"8537","016723597-0030","6309-Z-C3","24.572625000000002","313.3","313.3","626.6","626.6"
"11331","038898705-0030","6309-Z-L038-C3","24.572625000000002","313.3","313.3","626.6","626.6"
"14912","019003030-0000","6309-Z-N","25.542765000000003","325.67","325.67","651.34","651.34"
"14913","019003030-0030","6309-Z-N-C3","25.542765000000003","325.67","325.67","651.34","651.34"
"8538","016723619-0000","6310","27.419220000000006","349.6","349.6","699.2","699.2"
"8539","016723627-0000","6310-2RSR","30.163694999999997","384.59","384.59","769.18","769.18"
"8540","016723627-0040","6310-2RSR-C4","31.133835","396.96","396.96","793.92","793.92"
"14914","038898713-0000","6310-2RSR-L038","30.163694999999997","384.59","384.59","769.18","769.18"
"2644","038898713-0030","6310-2RSR-L038-C3","30.163694999999997","384.59","384.59","769.18","769.18"
"11332","038898713-0040","6310-2RSR-L038-C4","31.133835","396.96","396.96","793.92","793.92"
"8541","016723643-0000","6310-2Z","27.01074","344.39","344.39","688.78","688.78"
"8542","016723643-0030","6310-2Z-C3","27.01074","344.39","344.39","688.78","688.78"
"8543","016723643-0040","6310-2Z-C4","30.81471","392.89","392.89","785.78","785.78"
"14915","038898748-0000","6310-2Z-L038","27.01074","344.39","344.39","688.78","688.78"
"11333","038898748-0030","6310-2Z-L038-C3","27.01074","344.39","344.39","688.78","688.78"
"14916","038049449-0000","6310-2Z-N","42.418095","540.83","540.83","1081.66","1081.66"
"14917","085056715-0030","6310-C-2Z-C3","25.134285000000002","320.46","320.46","640.92","640.92"
"14918","085056715-0040","6310-C-2Z-C4","30.81471","392.89","392.89","785.78","785.78"
"14919","089013425-0030","6310-C-M-C3","75.87516000000001","967.41","967.41","1934.82","1934.82"
"14920","088291979-0030","6310-C-N-C3","37.133385","473.45","473.45","946.9","946.9"
"8544","016723619-0030","6310-C3","29.053140000000003","370.43","370.43","740.86","740.86"
"8545","016723619-0040","6310-C4","37.056795","472.47","472.47","944.94","944.94"
"14921","019109938-0000","6310-M","75.87516000000001","967.41","967.41","1934.82","1934.82"
"14923","019109938-0030","6310-M-C3","75.87516000000001","967.41","967.41","1934.82","1934.82"
"14924","077887956-0030","6310-M-J20AA-C3","382.173","4872.71","4872.71","9745.42","9745.42"
"14925","038898780-0020","6310-M-P5-C2","117.68053499999999","1500.43","1500.43","3000.86","3000.86"
"14922","019109989-0030","6310-MA-C3","75.87516000000001","967.41","967.41","1934.82","1934.82"
"14926","019109997-0000","6310-N","37.133385","473.45","473.45","946.9","946.9"
"14927","019109997-0030","6310-N-C3","37.133385","473.45","473.45","946.9","946.9"
"8546","019110006-0000","6310-RSR","39.584265","504.7","504.7","1009.4","1009.4"
"8547","019110006-0030","6310-RSR-C3","39.584265","504.7","504.7","1009.4","1009.4"
"14928","038405415-0030","6310-TB-P6-C3","81.41517","1038.04","1038.04","2076.08","2076.08"
"8548","016723708-0000","6310-Z","33.252825","423.97","423.97","847.94","847.94"
"8549","016723708-0030","6310-Z-C3","33.252825","423.97","423.97","847.94","847.94"
"14929","019110081-0000","6310-Z-N","39.022605","497.54","497.54","995.08","995.08"
"14930","019110081-0030","6310-Z-N-C3","39.022605","497.54","497.54","995.08","995.08"
"8550","016723724-0000","6311","34.77186","443.34","443.34","886.68","886.68"
"8551","016723732-0000","6311-2RSR","45.596579999999996","581.36","581.36","1162.72","1162.72"
"2645","016723732-0030","6311-2RSRC3","45.596579999999996","581.36","581.36","1162.72","1162.72"
"8552","016723759-0000","6311-2Z","41.28201","526.35","526.35","1052.7","1052.7"
"8553","016723759-0030","6311-2Z-C3","41.28201","526.35","526.35","1052.7","1052.7"
"8554","016723759-0040","6311-2Z-C4","53.727885","685.03","685.03","1370.06","1370.06"
"14931","089029950-0000","6311-C-M","91.23145500000001","1163.2","1163.2","2326.4","2326.4"
"8555","016723724-0030","6311-C3","34.77186","443.34","443.34","886.68","886.68"
"8556","016723724-0040","6311-C4","42.89040000000001","546.85","546.85","1093.7","1093.7"
"14932","065088620-0030","6311-J20AA-C3","458.5548750000001","5846.57","5846.57","11693.14","11693.14"
"14933","019110162-0000","6311-M","91.23145500000001","1163.2","1163.2","2326.4","2326.4"
"14935","019110162-0030","6311-M-C3","91.23145500000001","1163.2","1163.2","2326.4","2326.4"
"14936","038405440-0000","6311-M-P5","96.17151","1226.19","1226.19","2452.38","2452.38"
"14937","038405440-0020","6311-M-P5-C2","101.91576","1299.43","1299.43","2598.86","2598.86"
"14938","038405458-0030","6311-M-P6-C3","96.17151","1226.19","1226.19","2452.38","2452.38"
"14934","019110200-0030","6311-MA-C3","91.23145500000001","1163.2","1163.2","2326.4","2326.4"
"14939","019110235-0000","6311-N","44.29455","564.76","564.76","1129.52","1129.52"
"14940","019110235-0030","6311-N-C3","44.29455","564.76","564.76","1129.52","1129.52"
"8557","016723805-0000","6311-RSR","44.32008","565.08","565.08","1130.16","1130.16"
"8558","016723805-0030","6311-RSR-C3","44.32008","565.08","565.08","1130.16","1130.16"
"14941","038898845-0030","6311-TB-P6-C3","116.63380500000001","1487.08","1487.08","2974.16","2974.16"
"8559","019110286-0000","6311-Z","44.95833","573.22","573.22","1146.44","1146.44"
"8560","019110286-0030","6311-Z-C3","44.95833","573.22","573.22","1146.44","1146.44"
"14942","019110308-0000","6311-Z-N","51.58336499999999","657.69","657.69","1315.38","1315.38"
"8561","016723821-0000","6312","44.93280000000001","572.89","572.89","1145.78","1145.78"
"8562","016723830-0000","6312-2RSR","59.25513","755.5","755.5","1511","1511"
"2733","016723830-0030","6312-2RSR C3","59.25513","755.5","755.5","1511","1511"
"8563","016723856-0000","6312-2Z","53.1024","677.06","677.06","1354.12","1354.12"
"8564","016723856-0030","6312-2Z-C3","53.1024","677.06","677.06","1354.12","1354.12"
"8565","016723856-0040","6312-2Z-C4","59.472135","758.27","758.27","1516.54","1516.54"
"11334","073330698-0030","6312-2Z-L038-C3","53.1024","677.06","677.06","1354.12","1354.12"
"14943","038477068-0000","6312-2Z-N","72.04566","918.58","918.58","1837.16","1837.16"
"11004","081666772-0040","6312-C-2HRS-C4","66.595005","849.09","849.09","1698.18","1698.18"
"11335","088998622-0030","6312-C-2Z-L038-C3","53.1024","677.06","677.06","1354.12","1354.12"
"8566","016723821-0030","6312-C3","44.93280000000001","572.89","572.89","1145.78","1145.78"
"8567","016723821-0040","6312-C4","56.44683","719.7","719.7","1439.4","1439.4"
"14944","066176557-0030","6312-J20AA-C3","485.51400000000007","6190.3","6190.3","12380.6","12380.6"
"14945","019110448-0000","6312-M","122.00787","1555.6","1555.6","3111.2","3111.2"
"14946","019110448-0030","6312-M-C3","122.00787","1555.6","1555.6","3111.2","3111.2"
"14947","038405490-0020","6312-M-P5-C2","140.300115","1788.83","1788.83","3577.66","3577.66"
"14948","019110480-0000","6312-N","61.706010000000006","786.75","786.75","1573.5","1573.5"
"14949","019110480-0030","6312-N-C3","61.706010000000006","786.75","786.75","1573.5","1573.5"
"8568","019110499-0000","6312-RSR","60.391215","769.99","769.99","1539.98","1539.98"
"8569","019110499-0030","6312-RSR-C3","60.391215","769.99","769.99","1539.98","1539.98"
"14950","038477092-0030","6312-TB-P6-C3","167.40021","2134.35","2134.35","4268.7","4268.7"
"8570","016723929-0000","6312-Z","55.83411","711.88","711.88","1423.76","1423.76"
"8571","016723929-0030","6312-Z-C3","55.83411","711.88","711.88","1423.76","1423.76"
"8572","016723929-0040","6312-Z-C4","58.067985","740.37","740.37","1480.74","1480.74"
"14951","019110545-0000","6312-Z-N","62.85486","801.4","801.4","1602.8","1602.8"
"14952","019110545-0030","6312-Z-N-C3","72.04566","918.58","918.58","1837.16","1837.16"
"8573","016723937-0000","6313","62.85486","801.4","801.4","1602.8","1602.8"
"8574","016723945-0000","6313-2RSR","81.08328","1033.81","1033.81","2067.62","2067.62"
"2718","016723945-0030","6313-2RSR C3","81.08328","1033.81","1033.81","2067.62","2067.62"
"8575","016723961-0000","6313-2Z","76.79424","979.13","979.13","1958.26","1958.26"
"8576","016723961-0030","6313-2Z-C3","76.79424","979.13","979.13","1958.26","1958.26"
"8577","016723961-0040","6313-2Z-C4","79.896135","1018.68","1018.68","2037.36","2037.36"
"14953","038477114-0000","6313-2Z-N","84.07029","1071.9","1071.9","2143.8","2143.8"
"8578","016723937-0030","6313-C3","62.85486","801.4","801.4","1602.8","1602.8"
"8579","016723937-0040","6313-C4","72.569025","925.26","925.26","1850.52","1850.52"
"14954","066119421-0030","6313-J20AA-C3","538.946625","6871.57","6871.57","13743.14","13743.14"
"14955","019110685-0000","6313-M","140.33841","1789.31","1789.31","3578.62","3578.62"
"14956","019110685-0030","6313-M-C3","140.33841","1789.31","1789.31","3578.62","3578.62"
"14957","039015424-0030","6313-M-J20AA-C3","586.1355000000001","7473.23","7473.23","14946.46","14946.46"
"14958","038405555-0020","6313-M-P5-C2","151.62267000000003","1933.19","1933.19","3866.38","3866.38"
"14959","019110723-0000","6313-N","73.88382","942.02","942.02","1884.04","1884.04"
"14960","019110723-0030","6313-N-C3","73.88382","942.02","942.02","1884.04","1884.04"
"14961","038477122-0000","6313-NR","75.913455","967.9","967.9","1935.8","1935.8"
"8580","019110740-0000","6313-RSR","77.547375","988.73","988.73","1977.46","1977.46"
"8581","019110740-0030","6313-RSR-C3","85.29572999999999","1087.52","1087.52","2175.04","2175.04"
"14962","038899019-0030","6313-S1-C3","70.398975","897.59","897.59","1795.18","1795.18"
"14963","038899019-0040","6313-S1-C4","73.232805","933.72","933.72","1867.44","1867.44"
"8582","019110774-0000","6313-Z","72.569025","925.26","925.26","1850.52","1850.52"
"8583","019110774-0030","6313-Z-C3","72.569025","925.26","925.26","1850.52","1850.52"
"14964","019110782-0000","6313-Z-N","84.07029","1071.9","1071.9","2143.8","2143.8"
"14965","019110782-0030","6313-Z-N-C3","84.07029","1071.9","1071.9","2143.8","2143.8"
"8584","016724011-0000","6314","76.79424","979.13","979.13","1958.26","1958.26"
"8585","016724020-0000","6314-2RSR","97.128885","1238.39","1238.39","2476.78","2476.78"
"2760","016724020-0030","6314-2RSR C3","97.128885","1238.39","1238.39","2476.78","2476.78"
"8586","016724038-0000","6314-2Z","90.75915","1157.18","1157.18","2314.36","2314.36"
"8587","016724038-0030","6314-2Z-C3","90.75915","1157.18","1157.18","2314.36","2314.36"
"8588","016724038-0040","6314-2Z-C4","105.66867","1347.28","1347.28","2694.56","2694.56"
"8589","016724011-0020","6314-C2","85.41061499999999","1088.99","1088.99","2177.98","2177.98"
"8590","016724011-0030","6314-C3","76.79424","979.13","979.13","1958.26","1958.26"
"8591","016724011-0040","6314-C4","82.13001000000001","1047.16","1047.16","2094.32","2094.32"
"14966","039266826-0030","6314-J20AA-C3","583.83225","7443.86","7443.86","14887.72","14887.72"
"14967","019110839-0000","6314-M","172.35303000000002","2197.5","2197.5","4395","4395"
"14969","019110839-0030","6314-M-C3","172.35303000000002","2197.5","2197.5","4395","4395"
"14970","019110839-0040","6314-M-C4","179.24613","2285.39","2285.39","4570.78","4570.78"
"14971","039015440-0030","6314-M-J20AA-C3","653.92875","8337.59","8337.59","16675.18","16675.18"
"14968","038405628-0030","6314-MA-C3","172.35303000000002","2197.5","2197.5","4395","4395"
"14972","019110898-0000","6314-N","88.627395","1130","1130","2260","2260"
"14973","019110898-0030","6314-N-C3","88.627395","1130","1130","2260","2260"
"14974","038477149-0030","6314-N-M-C3","359.347515","4581.68","4581.68","9163.36","9163.36"
"14975","038913780-0040","6314-S1-C4","86.01056999999999","1096.63","1096.63","2193.26","2193.26"
"14976","038899060-0030","6314-TB-P6-C3","230.10188999999997","2933.8","2933.8","5867.6","5867.6"
"8592","019110952-0000","6314-Z","83.61075000000001","1066.04","1066.04","2132.08","2132.08"
"8593","019110952-0030","6314-Z-C3","83.61075000000001","1066.04","1066.04","2132.08","2132.08"
"14977","019110995-0000","6314-Z-N","111.15762000000001","1417.26","1417.26","2834.52","2834.52"
"8594","016724089-0000","6315","92.87814","1184.2","1184.2","2368.4","2368.4"
"8595","016724097-0000","6315-2RSR","118.61238","1512.31","1512.31","3024.62","3024.62"
"2724","016724097-0030","6315-2RSR C3","118.61238","1512.31","1512.31","3024.62","3024.62"
"8596","016724119-0000","6315-2Z","106.83028499999999","1362.09","1362.09","2724.18","2724.18"
"8597","016724119-0030","6315-2Z-C3","106.83028499999999","1362.09","1362.09","2724.18","2724.18"
"8598","016724119-0040","6315-2Z-C4","113.83827000000001","1451.44","1451.44","2902.88","2902.88"
"8599","016724089-0030","6315-C3","92.87814","1184.2","1184.2","2368.4","2368.4"
"8600","016724089-0040","6315-C4","97.57565999999997","1244.09","1244.09","2488.18","2488.18"
"14978","039266907-0030","6315-J20AA-C3","642.801","8195.71","8195.71","16391.42","16391.42"
"14979","071353771-0030","6315-J20AB-C3","662.1011250000001","8441.79","8441.79","16883.58","16883.58"
"14980","019111053-0000","6315-M","172.35303000000002","2197.5","2197.5","4395","4395"
"14981","019111053-0030","6315-M-C3","172.35303000000002","2197.5","2197.5","4395","4395"
"14982","019111053-0040","6315-M-C4","191.88348","2446.51","2446.51","4893.02","4893.02"
"14983","039015513-0030","6315-M-J20AA-C3","719.932125","9179.13","9179.13","18358.26","18358.26"
"14984","039015513-0040","6315-M-J20AA-C4","763.125","9729.84","9729.84","19459.68","19459.68"
"14985","038477157-0040","6315-S1-C4","104.00922","1326.12","1326.12","2652.24","2652.24"
"8601","019111150-0000","6315-Z","100.03930500000003","1275.5","1275.5","2551","2551"
"8602","019111150-0030","6315-Z-C3","100.03930500000003","1275.5","1275.5","2551","2551"
"11336","038899124-0030","6315-Z-L038-C3","100.03930500000003","1275.5","1275.5","2551","2551"
"8603","016724151-0000","6316","111.476745","1421.33","1421.33","2842.66","2842.66"
"8604","016724160-0000","6316-2RSR","141.84468","1808.52","1808.52","3617.04","3617.04"
"2720","016724160-0030","6316-2RSR C3","141.84468","1808.52","1808.52","3617.04","3617.04"
"8605","016724186-0000","6316-2Z","127.87977000000001","1630.47","1630.47","3260.94","3260.94"
"8606","016724186-0030","6316-2Z-C3","127.87977000000001","1630.47","1630.47","3260.94","3260.94"
"8607","016724186-0040","6316-2Z-C4","144.640215","1844.16","1844.16","3688.32","3688.32"
"8608","016724151-0030","6316-C3","111.476745","1421.33","1421.33","2842.66","2842.66"
"8609","016724151-0040","6316-C4","118.61238","1512.31","1512.31","3024.62","3024.62"
"14986","039016307-0030","6316-J20AA-C3","679.777875","8667.17","8667.17","17334.34","17334.34"
"14987","070947139-0030","6316-J20AB-C3","645.798","8233.92","8233.92","16467.84","16467.84"
"14988","019111240-0000","6316-M","254.94258000000005","3250.52","3250.52","6501.04","6501.04"
"14990","019111240-0030","6316-M-C3","254.94258000000005","3250.52","3250.52","6501.04","6501.04"
"14991","019111240-0040","6316-M-C4","265.15458","3380.72","3380.72","6761.44","6761.44"
"14992","039015548-0030","6316-M-J20AA-C3","775.2795000000001","9884.81","9884.81","19769.62","19769.62"
"14993","039015548-0040","6316-M-J20AA-C4","821.8023749999999","10477.98","10477.98","20955.96","20955.96"
"14989","038405725-0030","6316-MA-C3","254.94258000000005","3250.52","3250.52","6501.04","6501.04"
"14994","038405695-0030","6316-P6-C3","147.703815","1883.22","1883.22","3766.44","3766.44"
"8610","019111339-0000","6316-Z","118.61238","1512.31","1512.31","3024.62","3024.62"
"8611","019111339-0030","6316-Z-C3","118.61238","1512.31","1512.31","3024.62","3024.62"
"8612","016724232-0000","6317","140.529885","1791.76","1791.76","3583.52","3583.52"
"8613","016724240-0000","6317-2RSR","183.61176","2341.05","2341.05","4682.1","4682.1"
"8614","016724240-0030","6317-2RSR-C3","183.61176","2341.05","2341.05","4682.1","4682.1"
"8615","016724259-0000","6317-2Z","157.71157499999998","2010.82","2010.82","4021.64","4021.64"
"8616","016724259-0030","6317-2Z-C3","157.71157499999998","2010.82","2010.82","4021.64","4021.64"
"8617","016724259-0040","6317-2Z-C4","164.01748500000002","2091.22","2091.22","4182.44","4182.44"
"8618","016724232-0030","6317-C3","140.529885","1791.76","1791.76","3583.52","3583.52"
"8619","016724232-0040","6317-C4","145.380585","1853.6","1853.6","3707.2","3707.2"
"14995","039266966-0030","6317-J20AA-C3","717.934125","9153.66","9153.66","18307.32","18307.32"
"14996","019111401-0000","6317-M","221.613165","2825.57","2825.57","5651.14","5651.14"
"14997","019111401-0030","6317-M-C3","221.613165","2825.57","2825.57","5651.14","5651.14"
"14998","019111401-0040","6317-M-C4","230.47207500000002","2938.52","2938.52","5877.04","5877.04"
"14999","039015610-0030","6317-M-J20AA-C3","804.0701250000001","10251.89","10251.89","20503.78","20503.78"
"15000","038477190-0020","6317-M-P5-C2","299.73496500000005","3821.62","3821.62","7643.24","7643.24"
"8620","019111444-0000","6317-Z","146.503905","1867.92","1867.92","3735.84","3735.84"
"8621","019111444-0030","6317-Z-C3","146.503905","1867.92","1867.92","3735.84","3735.84"
"8622","016724291-0000","6318","160.17522","2042.23","2042.23","4084.46","4084.46"
"8623","038405784-0000","6318-2RSR","209.0907","2665.91","2665.91","5331.82","5331.82"
"8624","038405784-0030","6318-2RSR-C3","209.0907","2665.91","2665.91","5331.82","5331.82"
"8625","016724305-0000","6318-2Z","185.83287","2369.37","2369.37","4738.74","4738.74"
"8626","016724305-0030","6318-2Z-C3","185.83287","2369.37","2369.37","4738.74","4738.74"
"8627","016724305-0040","6318-2Z-C4","216.64758","2762.26","2762.26","5524.52","5524.52"
"8628","016724291-0030","6318-C3","160.17522","2042.23","2042.23","4084.46","4084.46"
"8629","016724291-0040","6318-C4","167.234265","2132.24","2132.24","4264.48","4264.48"
"15001","039266982-0030","6318-J20AA-C3","778.096125","9920.73","9920.73","19841.46","19841.46"
"15002","019111487-0000","6318-M","297.896805","3798.18","3798.18","7596.36","7596.36"
"15003","019111487-0030","6318-M-C3","297.896805","3798.18","3798.18","7596.36","7596.36"
"15004","019111487-0040","6318-M-C4","309.80654999999996","3950.03","3950.03","7900.06","7900.06"
"15005","039015742-0030","6318-M-J20AA-C3","872.2241250000001","11120.86","11120.86","22241.72","22241.72"
"15006","016724291-4002","6318-R66-84","172.978515","2205.48","2205.48","4410.96","4410.96"
"8630","019111568-0000","6318-Z","190.97716500000004","2434.96","2434.96","4869.92","4869.92"
"8631","019111568-0030","6318-Z-C3","190.97716500000004","2434.96","2434.96","4869.92","4869.92"
"8632","016724348-0000","6319","194.040765","2474.02","2474.02","4948.04","4948.04"
"8633","016724356-0000","6319-2Z","242.81583","3095.9","3095.9","6191.8","6191.8"
"8634","016724356-0030","6319-2Z-C3","242.81583","3095.9","3095.9","6191.8","6191.8"
"15007","038910470-0030","6319-2Z-S1-C3","283.063875","3609.06","3609.06","7218.12","7218.12"
"8635","016724348-0030","6319-C3","194.040765","2474.02","2474.02","4948.04","4948.04"
"8636","016724348-0040","6319-C4","216.86458499999998","2765.02","2765.02","5530.04","5530.04"
"15008","039015823-0030","6319-J20AA-C3","832.375125","10612.78","10612.78","21225.56","21225.56"
"15009","070495688-0030","6319-J20AB-C3","877.6215000000001","11189.67","11189.67","22379.34","22379.34"
"15010","019111592-0000","6319-M","393.95342999999997","5022.91","5022.91","10045.82","10045.82"
"15012","019111592-0030","6319-M-C3","393.95342999999997","5022.91","5022.91","10045.82","10045.82"
"15013","019111592-0040","6319-M-C4","409.70543999999995","5223.74","5223.74","10447.48","10447.48"
"15014","039015840-0030","6319-M-J20AA-C3","932.2751250000001","11886.51","11886.51","23773.02","23773.02"
"15015","039015840-0040","6319-M-J20AA-C4","1006.8532500000001","12837.38","12837.38","25674.76","25674.76"
"15011","038405822-0040","6319-MA-C4","430.94640000000004","5494.57","5494.57","10989.14","10989.14"
"8637","038405849-0000","6319-Z","228.11055","2908.41","2908.41","5816.82","5816.82"
"8638","038405849-0030","6319-Z-C3","228.11055","2908.41","2908.41","5816.82","5816.82"
"2844","039267008-0030","63192RSRC3","254.802165","3248.73","3248.73","6497.46","6497.46"
"8639","016724402-0000","6320","238.7055","3043.5","3043.5","6087","6087"
"8640","076841553-0030","6320-2RSR-C3","346.73569499999996","4420.88","4420.88","8841.76","8841.76"
"8641","019003102-0000","6320-2Z","292.52274","3729.66","3729.66","7459.32","7459.32"
"8642","019003102-0030","6320-2Z-C3","292.52274","3729.66","3729.66","7459.32","7459.32"
"8643","016724402-0030","6320-C3","238.7055","3043.5","3043.5","6087","6087"
"8644","016724402-0040","6320-C4","261.133605","3329.45","3329.45","6658.9","6658.9"
"15016","039267016-0030","6320-J20AA-C3","935.9103749999999","11932.86","11932.86","23865.72","23865.72"
"15017","059208422-0030","6320-J20C-C3","1257.518445","16033.36","16033.36","32066.72","32066.72"
"15018","016724429-0000","6320-M","418.57711500000005","5336.86","5336.86","10673.72","10673.72"
"15020","016724429-0030","6320-M-C3","418.57711500000005","5336.86","5336.86","10673.72","10673.72"
"15021","016724429-0040","6320-M-C4","435.32479499999994","5550.39","5550.39","11100.78","11100.78"
"15022","039015882-0030","6320-M-J20AA-C3","1048.242375","13365.09","13365.09","26730.18","26730.18"
"15023","016724429-4001","6320-M-R114-139","643.113465","8199.7","8199.7","16399.4","16399.4"
"15019","038477220-0030","6320-MA-C3","418.57711500000005","5336.86","5336.86","10673.72","10673.72"
"15024","016724402-4001","6320-R114-139","257.80194","3286.97","3286.97","6573.94","6573.94"
"8645","019111746-0000","6320-Z","258.682725","3298.2","3298.2","6596.4","6596.4"
"8646","019111746-0030","6320-Z-C3","258.682725","3298.2","3298.2","6596.4","6596.4"
"8647","019111746-0040","6320-Z-C4","267.54163500000004","3411.16","3411.16","6822.32","6822.32"
"8648","016724445-0000","6321","298.04998500000005","3800.14","3800.14","7600.28","7600.28"
"8649","016724445-0030","6321-C3","298.04998500000005","3800.14","3800.14","7600.28","7600.28"
"8650","016724445-0040","6321-C4","309.98526000000004","3952.31","3952.31","7904.62","7904.62"
"15025","038405881-0030","6321-M-C3","541.631715","6905.8","6905.8","13811.6","13811.6"
"8651","016724470-0000","6322","353.067135","4501.61","4501.61","9003.22","9003.22"
"8652","019111770-0000","6322-2Z","443.162505","5650.32","5650.32","11300.64","11300.64"
"8653","019111770-0040","6322-2Z-C4","467.87554499999993","5965.41","5965.41","11930.82","11930.82"
"8654","016724470-0030","6322-C3","353.067135","4501.61","4501.61","9003.22","9003.22"
"8655","016724470-0040","6322-C4","383.01382500000005","4883.43","4883.43","9766.86","9766.86"
"15026","039267040-0030","6322-J20AA-C3","1016.4408750000002","12959.62","12959.62","25919.24","25919.24"
"15027","070951632-0030","6322-J20AB-C3","914.792625","11663.61","11663.61","23327.22","23327.22"
"15028","019111819-0000","6322-M","566.242635","7219.59","7219.59","14439.18","14439.18"
"15030","019111819-0030","6322-M-C3","566.242635","7219.59","7219.59","14439.18","14439.18"
"15031","039015955-0030","6322-M-J20AA-C3","1273.5307500000001","16237.52","16237.52","32475.04","32475.04"
"15032","039015955-0040","6322-M-J20AA-C4","4945.7715","63058.59","63058.59","126117.18","126117.18"
"15029","038405911-0030","6322-MA-C3","566.242635","7219.59","7219.59","14439.18","14439.18"
"8656","019111878-0000","6322-Z","458.28902999999997","5843.19","5843.19","11686.38","11686.38"
"2843","019111770-0030","63222ZC3","443.162505","5650.32","5650.32","11300.64","11300.64"
"8657","016724500-0000","6324","434.90355","5545.02","5545.02","11090.04","11090.04"
"8658","016724500-0030","6324-C3","434.90355","5545.02","5545.02","11090.04","11090.04"
"8659","016724500-0040","6324-C4","472.5092400000001","6024.49","6024.49","12048.98","12048.98"
"15033","039015980-0030","6324-J20AA-C3","1075.257","13709.53","13709.53","27419.06","27419.06"
"15034","066731178-0040","6324-J20C-C4","914.61225","11661.31","11661.31","23322.62","23322.62"
"15035","019111940-0000","6324-M","713.9592149999999","9102.98","9102.98","18205.96","18205.96"
"15036","019111940-0030","6324-M-C3","713.9592149999999","9102.98","9102.98","18205.96","18205.96"
"15037","019111940-0040","6324-M-C4","763.24488","9731.37","9731.37","19462.74","19462.74"
"15038","039016005-0030","6324-M-J20AA-C3","1634.50275","20839.91","20839.91","41679.82","41679.82"
"11337","092831320-0030","6326-2Z-L038-C3","533.5897649999999","6803.27","6803.27","13606.54","13606.54"
"8660","038910535-0030","6326-C3","498.67749000000003","6358.14","6358.14","12716.28","12716.28"
"15039","039016048-0030","6326-J20AA-C3","1143.16125","14575.31","14575.31","29150.62","29150.62"
"15040","019003110-0000","6326-M","818.64498","10437.72","10437.72","20875.44","20875.44"
"15041","019003110-0030","6326-M-C3","818.64498","10437.72","10437.72","20875.44","20875.44"
"15042","019003110-0040","6326-M-C4","882.5848649999999","11252.96","11252.96","22505.92","22505.92"
"15043","039016064-0030","6326-M-J20AA-C3","1446.3161250000003","18440.53","18440.53","36881.06","36881.06"
"15044","039016064-0040","6326-M-J20AA-C4","1533.1320000000003","19547.43","19547.43","39094.86","39094.86"
"15045","039016064-0050","6326-M-J20AA-C5","1686.4507500000002","21502.25","21502.25","43004.5","43004.5"
"15046","019112050-0000","6328-M","958.9578600000002","12226.71","12226.71","24453.42","24453.42"
"15049","019112050-0030","6328-M-C3","958.9578600000002","12226.71","12226.71","24453.42","24453.42"
"15050","019112050-0040","6328-M-C4","1058.665275","13497.98","13497.98","26995.96","26995.96"
"15051","039041735-0030","6328-M-J20AA-C3","2431.302375","30999.11","30999.11","61998.22","61998.22"
"15052","064612279-0030","6328-M-J20C-C3","2236.798185","28519.18","28519.18","57038.36","57038.36"
"15047","117937860-0000","6328M O-11","958.9578600000002","12226.71","12226.71","24453.42","24453.42"
"15048","117930016-0000","6328M.C3 O-11","958.9578600000002","12226.71","12226.71","24453.42","24453.42"
"15053","019112084-0000","6330-M","1169.4399449999999","14910.36","14910.36","29820.72","29820.72"
"15056","019112084-0030","6330-M-C3","1169.4399449999999","14910.36","14910.36","29820.72","29820.72"
"15057","019112084-0040","6330-M-C4","1344.81828","17146.43","17146.43","34292.86","34292.86"
"15058","039060063-0030","6330-M-J20AA-C3","3416.2470000000003","43557.15","43557.15","87114.3","87114.3"
"15059","039060063-0040","6330-M-J20AA-C4","3757.891125","47913.11","47913.11","95826.22","95826.22"
"15060","064378152-0030","6330-M-J20C-C3","3802.9998599999994","48488.25","48488.25","96976.5","96976.5"
"15054","117937878-0000","6330M O-11","1169.4399449999999","14910.36","14910.36","29820.72","29820.72"
"15055","117908371-0000","6330M.C3 O-11","1169.4399449999999","14910.36","14910.36","29820.72","29820.72"
"15061","016724569-0000","6332-M","1441.921635","18384.5","18384.5","36769","36769"
"15063","016724569-0030","6332-M-C3","1441.921635","18384.5","18384.5","36769","36769"
"15064","016724569-0040","6332-M-C4","1658.1607350000002","21141.55","21141.55","42283.1","42283.1"
"15065","057994307-0030","6332-M-J20AA-C3","3841.1550000000007","48974.73","48974.73","97949.46","97949.46"
"15062","117930024-0000","6332M.C3 O-11","1441.921635","18384.5","18384.5","36769","36769"
"15066","019112165-0000","6334-M","1788.4147950000001","22802.29","22802.29","45604.58","45604.58"
"15067","019112165-0030","6334-M-C3","1788.4147950000001","22802.29","22802.29","45604.58","45604.58"
"15068","019112165-0040","6334-M-C4","2056.64574","26222.23","26222.23","52444.46","52444.46"
"15069","082003556-0040","6334-M-J20AA-C4","4456.4835","56820.16","56820.16","113640.32","113640.32"
"15070","019112211-0000","6336-M","2338.8798899999997","29820.72","29820.72","59641.44","59641.44"
"15071","019112211-0030","6336-M-C3","2338.8798899999997","29820.72","29820.72","59641.44","59641.44"
"15072","039088707-0040","6336-M-J20C-C4","4509.989385000001","57502.36","57502.36","115004.72","115004.72"
"15073","019112246-0000","6338-M","2554.86369","32574.51","32574.51","65149.02","65149.02"
"15074","019112246-0030","6338-M-C3","2554.86369","32574.51","32574.51","65149.02","65149.02"
"15075","019112246-0040","6338-M-C4","2938.0306950000004","37459.89","37459.89","74919.78","74919.78"
"15076","066761077-0030","6338-M-J20AA-C3","5904.131625","75277.68","75277.68","150555.36","150555.36"
"15077","066335280-0040","6338-M-J20C-C4","5245.100205000001","66875.03","66875.03","133750.06","133750.06"
"15078","019112300-0000","6340-M","4185.43926","53364.35","53364.35","106728.7","106728.7"
"15079","019112300-0030","6340-M-C3","4185.43926","53364.35","53364.35","106728.7","106728.7"
"15080","019112335-0000","6344-M","6888.376950000002","87826.81","87826.81","175653.62","175653.62"
"15081","019112335-0030","6344-M-C3","6888.376950000002","87826.81","87826.81","175653.62","175653.62"
"15082","038452642-0000","6348-M","8946.720435","114070.69","114070.69","228141.38","228141.38"
"15083","038452642-0030","6348-M-C3","8946.720435","114070.69","114070.69","228141.38","228141.38"
"15084","038452650-0030","6352-M-C3","10020.333525","127759.25","127759.25","255518.5","255518.5"
"8661","016724615-0000","6403","17.69229","225.58","225.58","451.16","451.16"
"8662","019112416-0000","6403-2RSR","21.72603","277.01","277.01","554.02","554.02"
"8663","019112416-0030","6403-2RSR-C3","21.72603","277.01","277.01","554.02","554.02"
"8664","016724615-0030","6403-C3","17.69229","225.58","225.58","451.16","451.16"
"15085","068682760-0000","6404-A","22.453635000000002","286.28","286.28","572.56","572.56"
"15086","068682760-0030","6404-A-C3","22.453635000000002","286.28","286.28","572.56","572.56"
"15087","068682794-0000","6405-A","25.91295","330.39","330.39","660.78","660.78"
"15088","068682794-0030","6405-A-C3","25.91295","330.39","330.39","660.78","660.78"
"15089","068683570-0000","6406-A","32.435865","413.56","413.56","827.12","827.12"
"15090","068683570-0030","6406-A-C3","32.435865","413.56","413.56","827.12","827.12"
"8665","016724690-0000","6407","41.996849999999995","535.46","535.46","1070.92","1070.92"
"8666","055297455-0000","6407-2Z","50.44728","643.2","643.2","1286.4","1286.4"
"8667","016724690-0030","6407-C3","41.996849999999995","535.46","535.46","1070.92","1070.92"
"8668","016724712-0000","6408","51.953550000000014","662.41","662.41","1324.82","1324.82"
"15091","093998929-0000","6408-C","51.953550000000014","662.41","662.41","1324.82","1324.82"
"15092","093998945-0000","6408-C-2Z","64.70578499999999","825","825","1650","1650"
"15093","093998929-0030","6408-C-C3","51.953550000000014","662.41","662.41","1324.82","1324.82"
"8669","016724712-0030","6408-C3","51.953550000000014","662.41","662.41","1324.82","1324.82"
"8670","016724739-0000","6409","61.693245","786.59","786.59","1573.18","1573.18"
"15094","093998953-0000","6409-C","61.693245","786.59","786.59","1573.18","1573.18"
"15095","093999062-0030","6409-C-2Z-C3","70.90957499999999","904.1","904.1","1808.2","1808.2"
"15096","093998953-0030","6409-C-C3","61.693245","786.59","786.59","1573.18","1573.18"
"8671","016724739-0030","6409-C3","61.693245","786.59","786.59","1573.18","1573.18"
"8672","016724755-0000","6410","75.65815500000001","964.64","964.64","1929.28","1929.28"
"8673","016724755-0030","6410-C3","75.65815500000001","964.64","964.64","1929.28","1929.28"
"15097","093329474-0030","6410-C3>A","75.65815500000001","964.64","964.64","1929.28","1929.28"
"8674","016724771-0000","6411","89.81454000000001","1145.14","1145.14","2290.28","2290.28"
"15098","093999178-0000","6411-C","89.81454000000001","1145.14","1145.14","2290.28","2290.28"
"15099","093999178-0030","6411-C-C3","89.81454000000001","1145.14","1145.14","2290.28","2290.28"
"15100","093999208-0000","6411-C-N","119.14851","1519.14","1519.14","3038.28","3038.28"
"8675","016724771-0030","6411-C3","89.81454000000001","1145.14","1145.14","2290.28","2290.28"
"15101","019112513-0000","6411-N","119.14851","1519.14","1519.14","3038.28","3038.28"
"8676","016724798-0000","6412","109.83006000000002","1400.33","1400.33","2800.66","2800.66"
"8677","016724798-0030","6412-C3","109.83006000000002","1400.33","1400.33","2800.66","2800.66"
"15102","019112564-0000","6412-N","123.118425","1569.76","1569.76","3139.52","3139.52"
"15103","019112564-0030","6412-N-C3","123.118425","1569.76","1569.76","3139.52","3139.52"
"8678","016724801-0000","6413","134.26227","1711.84","1711.84","3423.68","3423.68"
"8679","016724801-0030","6413-C3","134.26227","1711.84","1711.84","3423.68","3423.68"
"8680","016724801-0040","6413-C4","149.88663","1911.05","1911.05","3822.1","3822.1"
"15104","038911922-0040","6413-M-C4","331.35387","4224.76","4224.76","8449.52","8449.52"
"15105","019112637-0030","6413-N-C3","155.27346000000003","1979.74","1979.74","3959.48","3959.48"
"8681","016724828-0000","6414","191.04099","2435.77","2435.77","4871.54","4871.54"
"8682","016724828-0030","6414-C3","191.04099","2435.77","2435.77","4871.54","4871.54"
"8683","016724828-0040","6414-C4","198.01068","2524.64","2524.64","5049.28","5049.28"
"15106","038382148-0030","6414-M-C3","344.73159000000004","4395.33","4395.33","8790.66","8790.66"
"15107","016724844-0000","6415-M","301.956075","3849.94","3849.94","7699.88","7699.88"
"15108","016724844-0030","6415-M-C3","301.956075","3849.94","3849.94","7699.88","7699.88"
"15109","019112718-0000","6416-M","353.76921","4510.56","4510.56","9021.12","9021.12"
"15110","019112718-0030","6416-M-C3","353.76921","4510.56","4510.56","9021.12","9021.12"
"15111","019112734-0000","6417-M","418.57711500000005","5336.86","5336.86","10673.72","10673.72"
"15112","019112734-0030","6417-M-C3","418.57711500000005","5336.86","5336.86","10673.72","10673.72"
"15113","019112769-0000","6418-M","492.384345","6277.9","6277.9","12555.8","12555.8"
"15114","019112769-0030","6418-M-C3","492.384345","6277.9","6277.9","12555.8","12555.8"
"8684","038905655-0030","NJ1007-XL-M1-C3","78.79834500000001","1004.68","1004.68","2009.36","2009.36"
"8685","019220162-0000","NJ1011-E-XL-M1","117.46352999999998","1497.66","1497.66","2995.32","2995.32"
"8686","019220219-0000","NJ1014-XL-M1A","122.83759500000002","1566.18","1566.18","3132.36","3132.36"
"8687","019220227-0000","NJ1015-XL-M1","236.96945999999997","3021.36","3021.36","6042.72","6042.72"
"8688","038259320-0030","NJ1016-XL-MPA-C3","264.7461","3375.51","3375.51","6751.02","6751.02"
"8689","038259338-0030","NJ1018-XL-M1-C3","247.89629999999997","3160.68","3160.68","6321.36","6321.36"
"8690","019220332-0000","NJ1022-XL-M1","268.894725","3428.41","3428.41","6856.82","6856.82"
"8691","019220332-0030","NJ1022-XL-M1-C3","268.894725","3428.41","3428.41","6856.82","6856.82"
"8692","019220367-0000","NJ1024-XL-M1","320.05684499999995","4080.72","4080.72","8161.44","8161.44"
"8693","019220367-0030","NJ1024-XL-M1-C3","320.05684499999995","4080.72","4080.72","8161.44","8161.44"
"8694","019220510-0000","NJ1034-XL-M1","639.83286","8157.87","8157.87","16315.74","16315.74"
"8695","019220510-0030","NJ1034-XL-M1-C3","639.83286","8157.87","8157.87","16315.74","16315.74"
"8696","038259389-0030","NJ1036-XL-M1-C3","1242.583395","15842.94","15842.94","31685.88","31685.88"
"8697","019220570-0000","NJ1038-XL-M1","1526.374875","19461.28","19461.28","38922.56","38922.56"
"8698","038259400-0030","NJ1040-XL-M1-C3","1804.141275","23002.8","23002.8","46005.6","46005.6"
"8699","038192314-0030","NJ1060-M1-C3","6395.11182","81537.68","81537.68","163075.36","163075.36"
"8700","038192322-0000","NJ1064-M1","7236.567854999999","92266.24","92266.24","184532.48","184532.48"
"8701","072586486-0000","NJ1064-MPAX-J30PC","8319.448335000001","106072.97","106072.97","212145.94","212145.94"
"8702","039041611-0030","NJ1068-M1-C3","8078.011125","102994.64","102994.64","205989.28","205989.28"
"8703","055559832-0000","NJ1076-M1A","9657.399045","123131.84","123131.84","246263.68","246263.68"
"8704","081493096-0000","NJ1080-TB-M1-J30PC","11665.88244","148740","148740","297480","297480"
"8705","019221282-0000","NJ202-E-XL-M1A","40.89906","521.46","521.46","1042.92","1042.92"
"8706","019221282-0030","NJ202-E-XL-M1A-C3","40.911824999999986","521.63","521.63","1043.26","1043.26"
"8707","016734262-0000","NJ202-E-XL-TVP2","20.19423","257.48","257.48","514.96","514.96"
"8708","016734262-0030","NJ202-E-XL-TVP2-C3","20.19423","257.48","257.48","514.96","514.96"
"8709","038727005-0030","NJ203-E-XL-M1A-C3","50.5494","644.5","644.5","1289","1289"
"8710","016734270-0000","NJ203-E-XL-TVP2","20.19423","257.48","257.48","514.96","514.96"
"8711","016734270-0030","NJ203-E-XL-TVP2-C3","20.19423","257.48","257.48","514.96","514.96"
"8712","019221380-0030","NJ204-E-XL-M1A-C3","53.625764999999994","683.73","683.73","1367.46","1367.46"
"8713","016734289-0000","NJ204-E-XL-TVP2","21.585615","275.22","275.22","550.44","550.44"
"8714","016734289-0030","NJ204-E-XL-TVP2-C3","21.585615","275.22","275.22","550.44","550.44"
"8715","019221444-0000","NJ205-E-XL-JP1","33.380475","425.6","425.6","851.2","851.2"
"8716","038995913-0000","NJ205-E-XL-JP3","33.380475","425.6","425.6","851.2","851.2"
"8717","038995913-0030","NJ205-E-XL-JP3-C3","33.380475","425.6","425.6","851.2","851.2"
"8718","019221479-0000","NJ205-E-XL-M1","48.7623","621.72","621.72","1243.44","1243.44"
"8719","019221479-0030","NJ205-E-XL-M1-C3","48.7623","621.72","621.72","1243.44","1243.44"
"8720","016734297-0000","NJ205-E-XL-TVP2","24.049260000000004","306.63","306.63","613.26","613.26"
"8721","016734297-0030","NJ205-E-XL-TVP2-C3","24.049260000000004","306.63","306.63","613.26","613.26"
"8722","019221533-0000","NJ206-E-XL-JP1","36.35472000000001","463.52","463.52","927.04","927.04"
"8723","019007310-0000","NJ206-E-XL-M1","56.29365","717.74","717.74","1435.48","1435.48"
"8724","019007310-0030","NJ206-E-XL-M1-C3","56.29365","717.74","717.74","1435.48","1435.48"
"8725","019007337-0030","NJ206-E-XL-M1A-C3","56.29365","717.74","717.74","1435.48","1435.48"
"8726","016734319-0000","NJ206-E-XL-TVP2","28.05747","357.73","357.73","715.46","715.46"
"8727","016734319-0030","NJ206-E-XL-TVP2-C3","28.05747","357.73","357.73","715.46","715.46"
"8728","019221614-0000","NJ207-E-XL-JP1","36.571724999999994","466.29","466.29","932.58","932.58"
"8729","038995930-0000","NJ207-E-XL-JP3","36.86532","470.03","470.03","940.06","940.06"
"8730","019007353-0000","NJ207-E-XL-M1","58.987065","752.09","752.09","1504.18","1504.18"
"8731","019007353-0030","NJ207-E-XL-M1-C3","58.987065","752.09","752.09","1504.18","1504.18"
"8732","016734335-0000","NJ207-E-XL-TVP2","30.572174999999998","389.8","389.8","779.6","779.6"
"8733","016734335-0030","NJ207-E-XL-TVP2-C3","30.572174999999998","389.8","389.8","779.6","779.6"
"8734","038995964-0000","NJ208-E-XL-JP3","40.77141","519.84","519.84","1039.68","1039.68"
"8735","038995964-0030","NJ208-E-XL-JP3-C3","40.77141","519.84","519.84","1039.68","1039.68"
"8736","019007370-0000","NJ208-E-XL-M1","66.50565","847.95","847.95","1695.9","1695.9"
"8737","019007370-0030","NJ208-E-XL-M1-C3","66.50565","847.95","847.95","1695.9","1695.9"
"8738","038259486-0030","NJ208-E-XL-M1A-C3","66.50565","847.95","847.95","1695.9","1695.9"
"8739","016734360-0000","NJ208-E-XL-TVP2","35.295224999999995","450.01","450.01","900.02","900.02"
"8740","016734360-0030","NJ208-E-XL-TVP2-C3","35.295224999999995","450.01","450.01","900.02","900.02"
"8741","016734360-0050","NJ208-E-XL-TVP2-C5","37.22274","474.59","474.59","949.18","949.18"
"8742","019221797-0000","NJ209-E-XL-JP1","43.720124999999996","557.43","557.43","1114.86","1114.86"
"8743","019221819-0000","NJ209-E-XL-M1","74.36889000000001","948.2","948.2","1896.4","1896.4"
"8744","019221819-0030","NJ209-E-XL-M1-C3","74.36889000000001","948.2","948.2","1896.4","1896.4"
"8745","038906074-0030","NJ209-E-XL-M1A-C3","74.36889000000001","948.2","948.2","1896.4","1896.4"
"8746","016734394-0000","NJ209-E-XL-TVP2","40.89906","521.46","521.46","1042.92","1042.92"
"8747","016734394-0030","NJ209-E-XL-TVP2-C3","40.89906","521.46","521.46","1042.92","1042.92"
"8748","038998955-0000","NJ210-E-XL-JP3","51.3153","654.27","654.27","1308.54","1308.54"
"8749","019007388-0000","NJ210-E-XL-M1","74.36889000000001","948.2","948.2","1896.4","1896.4"
"8750","019007388-0030","NJ210-E-XL-M1-C3","74.36889000000001","948.2","948.2","1896.4","1896.4"
"8751","038479800-0030","NJ210-E-XL-M1A-C3","74.36889000000001","948.2","948.2","1896.4","1896.4"
"8752","016734416-0000","NJ210-E-XL-TVP2","41.05224","523.42","523.42","1046.84","1046.84"
"8753","016734416-0030","NJ210-E-XL-TVP2-C3","41.05224","523.42","523.42","1046.84","1046.84"
"8754","039296563-0000","NJ211-E-XL-JP3","56.49789","720.35","720.35","1440.7","1440.7"
"8755","039296563-0030","NJ211-E-XL-JP3-C3","56.49789","720.35","720.35","1440.7","1440.7"
"8756","019007400-0000","NJ211-E-XL-M1","88.20615","1124.63","1124.63","2249.26","2249.26"
"8757","019007400-0030","NJ211-E-XL-M1-C3","88.20615","1124.63","1124.63","2249.26","2249.26"
"8758","016734440-0000","NJ211-E-XL-TVP2","47.958104999999996","611.47","611.47","1222.94","1222.94"
"8759","016734440-0030","NJ211-E-XL-TVP2-C3","47.958104999999996","611.47","611.47","1222.94","1222.94"
"8760","016734440-0050","NJ211-E-XL-TVP2-C5","73.079625","931.77","931.77","1863.54","1863.54"
"8761","019007426-0000","NJ212-E-XL-M1","105.04318500000002","1339.3","1339.3","2678.6","2678.6"
"8762","019007426-0030","NJ212-E-XL-M1-C3","105.04318500000002","1339.3","1339.3","2678.6","2678.6"
"8763","019007426-0040","NJ212-E-XL-M1-C4","135.25794000000002","1724.54","1724.54","3449.08","3449.08"
"8764","038259532-0030","NJ212-E-XL-M1A-C3","105.04318500000002","1339.3","1339.3","2678.6","2678.6"
"8765","038259532-0040","NJ212-E-XL-M1A-C4","107.16217500000002","1366.32","1366.32","2732.64","2732.64"
"8766","016734491-0000","NJ212-E-XL-TVP2","57.97863","739.23","739.23","1478.46","1478.46"
"8767","016734491-0030","NJ212-E-XL-TVP2-C3","57.97863","739.23","739.23","1478.46","1478.46"
"8768","093329571-0030","NJ212-E-XL-TVP2-C3>A","57.97863","739.23","739.23","1478.46","1478.46"
"8769","016734491-0040","NJ212-E-XL-TVP2-C4","63.786705","813.28","813.28","1626.56","1626.56"
"8770","039076512-0000","NJ213-E-XL-JP3","81.21092999999998","1035.44","1035.44","2070.88","2070.88"
"8771","039076512-0030","NJ213-E-XL-JP3-C3","81.21092999999998","1035.44","1035.44","2070.88","2070.88"
"8772","019007442-0000","NJ213-E-XL-M1","117.71883","1500.92","1500.92","3001.84","3001.84"
"8773","019007442-0030","NJ213-E-XL-M1-C3","117.71883","1500.92","1500.92","3001.84","3001.84"
"8774","016734530-0000","NJ213-E-XL-TVP2","67.641735","862.43","862.43","1724.86","1724.86"
"8775","016734530-0030","NJ213-E-XL-TVP2-C3","67.641735","862.43","862.43","1724.86","1724.86"
"8776","016734530-0040","NJ213-E-XL-TVP2-C4","78.17286000000001","996.7","996.7","1993.4","1993.4"
"8777","039076539-0000","NJ214-E-XL-JP3","87.37642500000001","1114.05","1114.05","2228.1","2228.1"
"8778","039076539-0030","NJ214-E-XL-JP3-C3","87.37642500000001","1114.05","1114.05","2228.1","2228.1"
"8779","019007450-0000","NJ214-E-XL-M1","135.83236499999998","1731.86","1731.86","3463.72","3463.72"
"8780","019007450-0030","NJ214-E-XL-M1-C3","135.83236499999998","1731.86","1731.86","3463.72","3463.72"
"8781","019007450-0040","NJ214-E-XL-M1-C4","146.69538","1870.37","1870.37","3740.74","3740.74"
"8782","038779480-0030","NJ214-E-XL-M1-F1-T51F-C3","175.53151499999998","2238.03","2238.03","4476.06","4476.06"
"8783","019007477-0030","NJ214-E-XL-M1A-C3","135.83236499999998","1731.86","1731.86","3463.72","3463.72"
"8784","019007477-0040","NJ214-E-XL-M1A-C4","146.69538","1870.37","1870.37","3740.74","3740.74"
"8785","016734556-0000","NJ214-E-XL-TVP2","72.773265","927.86","927.86","1855.72","1855.72"
"8786","016734556-0030","NJ214-E-XL-TVP2-C3","72.773265","927.86","927.86","1855.72","1855.72"
"8787","016734556-0040","NJ214-E-XL-TVP2-C4","77.93032500000001","993.61","993.61","1987.22","1987.22"
"8788","019222211-0000","NJ215-E-XL-JP1","104.26452000000002","1329.37","1329.37","2658.74","2658.74"
"8789","019007493-0000","NJ215-E-XL-M1","151.11207","1926.68","1926.68","3853.36","3853.36"
"8790","019007493-0030","NJ215-E-XL-M1-C3","151.11207","1926.68","1926.68","3853.36","3853.36"
"8791","038906139-0030","NJ215-E-XL-MPA-C3","164.272785","2094.48","2094.48","4188.96","4188.96"
"8792","038906139-0040","NJ215-E-XL-MPA-C4","165.81735","2114.17","2114.17","4228.34","4228.34"
"8793","016734580-0000","NJ215-E-XL-TVP2","82.09171500000002","1046.67","1046.67","2093.34","2093.34"
"8794","016734580-0030","NJ215-E-XL-TVP2-C3","82.09171500000002","1046.67","1046.67","2093.34","2093.34"
"8795","016734580-0040","NJ215-E-XL-TVP2-C4","86.67435","1105.1","1105.1","2210.2","2210.2"
"8796","019222270-0030","NJ216-E-XL-JP1-C3","114.87223499999999","1464.62","1464.62","2929.24","2929.24"
"8797","019007531-0000","NJ216-E-XL-M1","166.48112999999998","2122.63","2122.63","4245.26","4245.26"
"8798","019007531-0030","NJ216-E-XL-M1-C3","166.48112999999998","2122.63","2122.63","4245.26","4245.26"
"8799","019007531-0040","NJ216-E-XL-M1-C4","172.73598","2202.38","2202.38","4404.76","4404.76"
"8800","038259583-0030","NJ216-E-XL-M1A-C3","166.48112999999998","2122.63","2122.63","4245.26","4245.26"
"8801","016734599-0000","NJ216-E-XL-TVP2","94.33335000000001","1202.75","1202.75","2405.5","2405.5"
"8802","016734599-0030","NJ216-E-XL-TVP2-C3","94.33335000000001","1202.75","1202.75","2405.5","2405.5"
"8803","065305663-0030","NJ217-E-XL-JP3-C3","116.08491","1480.08","1480.08","2960.16","2960.16"
"8804","016734602-0000","NJ217-E-XL-M1","169.02136500000003","2155.02","2155.02","4310.04","4310.04"
"8805","016734602-0030","NJ217-E-XL-M1-C3","179.15677499999998","2284.25","2284.25","4568.5","4568.5"
"8806","038259613-0030","NJ217-E-XL-M1A-C3","189.27942","2413.31","2413.31","4826.62","4826.62"
"8807","016734637-0000","NJ217-E-XL-TVP2","108.78333000000002","1386.99","1386.99","2773.98","2773.98"
"8808","016734637-0030","NJ217-E-XL-TVP2-C3","108.78333000000002","1386.99","1386.99","2773.98","2773.98"
"8809","019222467-0000","NJ218-E-XL-M1","227.893545","2905.64","2905.64","5811.28","5811.28"
"8810","019222467-0030","NJ218-E-XL-M1-C3","227.893545","2905.64","2905.64","5811.28","5811.28"
"8811","038259630-0040","NJ218-E-XL-M1-F1-C4","261.746325","3337.27","3337.27","6674.54","6674.54"
"8812","038384272-0030","NJ218-E-XL-M1A-C3","227.893545","2905.64","2905.64","5811.28","5811.28"
"8813","016734653-0000","NJ218-E-XL-TVP2","128.122305","1633.56","1633.56","3267.12","3267.12"
"8814","016734653-0030","NJ218-E-XL-TVP2-C3","128.122305","1633.56","1633.56","3267.12","3267.12"
"8815","019222572-0000","NJ219-E-XL-M1","281.54484","3589.7","3589.7","7179.4","7179.4"
"8816","019222572-0030","NJ219-E-XL-M1-C3","281.54484","3589.7","3589.7","7179.4","7179.4"
"8817","019222572-0040","NJ219-E-XL-M1-C4","319.48241999999993","4073.4","4073.4","8146.8","8146.8"
"8818","019222653-0000","NJ219-E-XL-TVP2","156.256365","1992.27","1992.27","3984.54","3984.54"
"8819","019222653-0030","NJ219-E-XL-TVP2-C3","156.256365","1992.27","1992.27","3984.54","3984.54"
"8820","016734831-0000","NJ220-E-XL-M1","294.45025499999997","3754.24","3754.24","7508.48","7508.48"
"8821","016734831-0030","NJ220-E-XL-M1-C3","294.45025499999997","3754.24","3754.24","7508.48","7508.48"
"8822","016734831-0040","NJ220-E-XL-M1-C4","312.14254500000004","3979.82","3979.82","7959.64","7959.64"
"8823","039015696-0040","NJ220-E-XL-M1-F1-C4","323.96293499999996","4130.53","4130.53","8261.06","8261.06"
"8824","038479834-0030","NJ220-E-XL-M1A-C3","294.45025499999997","3754.24","3754.24","7508.48","7508.48"
"8825","016734858-0000","NJ220-E-XL-TVP2","176.36123999999998","2248.61","2248.61","4497.22","4497.22"
"8826","016734858-0030","NJ220-E-XL-TVP2-C3","176.36123999999998","2248.61","2248.61","4497.22","4497.22"
"8827","016734858-0040","NJ220-E-XL-TVP2-C4","193.87482","2471.9","2471.9","4943.8","4943.8"
"8828","019007582-0000","NJ2203-E-XL-TVP2","25.644885","326.97","326.97","653.94","653.94"
"8829","019007582-0030","NJ2203-E-XL-TVP2-C3","25.644885","326.97","326.97","653.94","653.94"
"8830","038453290-0000","NJ2204-E-XL-M1A","51.20041499999999","652.81","652.81","1305.62","1305.62"
"8831","038453290-0030","NJ2204-E-XL-M1A-C3","51.20041499999999","652.81","652.81","1305.62","1305.62"
"8832","038453290-0040","NJ2204-E-XL-M1A-C4","62.382554999999996","795.38","795.38","1590.76","1590.76"
"8833","016734670-0000","NJ2204-E-XL-TVP2","25.593825","326.32","326.32","652.64","652.64"
"8834","016734670-0030","NJ2204-E-XL-TVP2-C3","25.593825","326.32","326.32","652.64","652.64"
"8835","019004370-0000","NJ2205-E-XL-M1","58.987065","752.09","752.09","1504.18","1504.18"
"8836","019004370-0030","NJ2205-E-XL-M1-C3","58.987065","752.09","752.09","1504.18","1504.18"
"8837","019004370-0040","NJ2205-E-XL-M1-C4","66.91413000000001","853.16","853.16","1706.32","1706.32"
"8838","019007620-0040","NJ2205-E-XL-M1A-C4","66.91413000000001","853.16","853.16","1706.32","1706.32"
"8839","016734696-0000","NJ2205-E-XL-TVP2","27.49581","350.57","350.57","701.14","701.14"
"8840","016734696-0030","NJ2205-E-XL-TVP2-C3","27.49581","350.57","350.57","701.14","701.14"
"8841","019007639-0000","NJ2206-E-XL-M1","67.78215","864.22","864.22","1728.44","1728.44"
"8842","019007639-0030","NJ2206-E-XL-M1-C3","67.78215","864.22","864.22","1728.44","1728.44"
"8843","019007639-0040","NJ2206-E-XL-M1-C4","71.701005","914.19","914.19","1828.38","1828.38"
"8844","019007655-0000","NJ2206-E-XL-M1A","67.78215","864.22","864.22","1728.44","1728.44"
"8845","019007655-0030","NJ2206-E-XL-M1A-C3","67.78215","864.22","864.22","1728.44","1728.44"
"8846","019007655-0040","NJ2206-E-XL-M1A-C4","73.156215","932.74","932.74","1865.48","1865.48"
"8847","016734718-0000","NJ2206-E-XL-TVP2","32.142269999999996","409.81","409.81","819.62","819.62"
"8848","016734718-0030","NJ2206-E-XL-TVP2-C3","32.142269999999996","409.81","409.81","819.62","819.62"
"8849","016734718-0040","NJ2206-E-XL-TVP2-C4","40.0821","511.05","511.05","1022.1","1022.1"
"8850","038453320-0040","NJ2206-E-XL-TVP2-QP51-C4","57.327614999999994","730.93","730.93","1461.86","1461.86"
"8851","019222874-0000","NJ2207-E-XL-JP1","47.792159999999996","609.35","609.35","1218.7","1218.7"
"8852","038998971-0000","NJ2207-E-XL-JP3","47.792159999999996","609.35","609.35","1218.7","1218.7"
"8853","038998971-0030","NJ2207-E-XL-JP3-C3","47.792159999999996","609.35","609.35","1218.7","1218.7"
"8854","019007671-0000","NJ2207-E-XL-M1","69.23736","882.78","882.78","1765.56","1765.56"
"8855","019007671-0030","NJ2207-E-XL-M1-C3","69.23736","882.78","882.78","1765.56","1765.56"
"8856","038259656-0030","NJ2207-E-XL-M1A-C3","69.23736","882.78","882.78","1765.56","1765.56"
"8857","038259656-0040","NJ2207-E-XL-M1A-C4","75.862395","967.25","967.25","1934.5","1934.5"
"8858","016734750-0000","NJ2207-E-XL-TVP2","36.41854500000001","464.34","464.34","928.68","928.68"
"8859","016734750-0030","NJ2207-E-XL-TVP2-C3","36.41854500000001","464.34","464.34","928.68","928.68"
"8860","019222947-0030","NJ2208-E-XL-JP1-C3","51.62166","658.18","658.18","1316.36","1316.36"
"8861","019007698-0000","NJ2208-E-XL-M1","76.807005","979.29","979.29","1958.58","1958.58"
"8862","019007698-0030","NJ2208-E-XL-M1-C3","76.807005","979.29","979.29","1958.58","1958.58"
"8863","038259672-0040","NJ2208-E-XL-M1A-C4","96.68211","1232.7","1232.7","2465.4","2465.4"
"8864","016734793-0000","NJ2208-E-XL-TVP2","43.439295","553.85","553.85","1107.7","1107.7"
"8865","016734793-0030","NJ2208-E-XL-TVP2-C3","43.439295","553.85","553.85","1107.7","1107.7"
"8866","016734793-0040","NJ2208-E-XL-TVP2-C4","48.63465","620.09","620.09","1240.18","1240.18"
"8867","038259680-0040","NJ2208-E-XL-TVP2-QP51-C4","59.701905000000004","761.2","761.2","1522.4","1522.4"
"8868","038259699-0000","NJ2209-E-XL-JP1","62.77827","800.42","800.42","1600.84","1600.84"
"8869","066828554-0000","NJ2209-E-XL-JP3","62.77827","800.42","800.42","1600.84","1600.84"
"8870","019223048-0030","NJ2209-E-XL-M1-C3","90.97615499999999","1159.95","1159.95","2319.9","2319.9"
"8871","016734815-0000","NJ2209-E-XL-TVP2","48.31552500000001","616.02","616.02","1232.04","1232.04"
"8872","016734815-0030","NJ2209-E-XL-TVP2-C3","48.31552500000001","616.02","616.02","1232.04","1232.04"
"8873","019223757-0000","NJ221-E-XL-M1","332.68143","4241.69","4241.69","8483.38","8483.38"
"8874","019223757-0030","NJ221-E-XL-M1-C3","332.68143","4241.69","4241.69","8483.38","8483.38"
"8875","016735099-0000","NJ221-E-XL-TVP2","207.20147999999995","2641.82","2641.82","5283.64","5283.64"
"8876","016735099-0030","NJ221-E-XL-TVP2-C3","207.20147999999995","2641.82","2641.82","5283.64","5283.64"
"8877","038999064-0000","NJ2210-E-XL-JP3","66.314175","845.51","845.51","1691.02","1691.02"
"8878","038999064-0030","NJ2210-E-XL-JP3-C3","66.314175","845.51","845.51","1691.02","1691.02"
"8879","019223170-0000","NJ2210-E-XL-M1","92.125005","1174.59","1174.59","2349.18","2349.18"
"8880","019223170-0030","NJ2210-E-XL-M1-C3","92.125005","1174.59","1174.59","2349.18","2349.18"
"8881","038259710-0040","NJ2210-E-XL-M1A-C4","101.26474499999999","1291.13","1291.13","2582.26","2582.26"
"8882","016734874-0000","NJ2210-E-XL-TVP2","51.95355","662.41","662.41","1324.82","1324.82"
"8883","016734874-0030","NJ2210-E-XL-TVP2-C3","51.95355","662.41","662.41","1324.82","1324.82"
"8884","016734874-0040","NJ2210-E-XL-TVP2-C4","57.11061","728.16","728.16","1456.32","1456.32"
"8885","019007736-0000","NJ2211-E-XL-M1","115.29347999999999","1469.99","1469.99","2939.98","2939.98"
"8886","019007736-0030","NJ2211-E-XL-M1-C3","115.29347999999999","1469.99","1469.99","2939.98","2939.98"
"8887","093331126-0030","NJ2211-E-XL-M1-C3>A","115.29347999999999","1469.99","1469.99","2939.98","2939.98"
"8888","093331126-0000","NJ2211-E-XL-M1>A","115.29347999999999","1469.99","1469.99","2939.98","2939.98"
"8889","016734904-0000","NJ2211-E-XL-TVP2","61.60388999999999","785.45","785.45","1570.9","1570.9"
"8890","016734904-0030","NJ2211-E-XL-TVP2-C3","61.60388999999999","785.45","785.45","1570.9","1570.9"
"8891","093329636-0030","NJ2211-E-XL-TVP2-C3>A","61.60388999999999","785.45","785.45","1570.9","1570.9"
"8892","019223250-0000","NJ2212-E-XL-M1","135.83236499999998","1731.86","1731.86","3463.72","3463.72"
"8893","019223250-0030","NJ2212-E-XL-M1-C3","135.83236499999998","1731.86","1731.86","3463.72","3463.72"
"8894","019223250-0040","NJ2212-E-XL-M1-C4","141.551085","1804.78","1804.78","3609.56","3609.56"
"8895","019223277-0030","NJ2212-E-XL-M1A-C3","135.83236499999998","1731.86","1731.86","3463.72","3463.72"
"8896","016734939-0000","NJ2212-E-XL-TVP2","72.45414","923.79","923.79","1847.58","1847.58"
"8897","016734939-0030","NJ2212-E-XL-TVP2-C3","72.45414","923.79","923.79","1847.58","1847.58"
"8898","019223323-0000","NJ2213-E-XL-JP1","97.21824","1239.53","1239.53","2479.06","2479.06"
"8899","038259770-0000","NJ2213-E-XL-M1","140.88730500000003","1796.31","1796.31","3592.62","3592.62"
"8900","038259770-0030","NJ2213-E-XL-M1-C3","140.88730500000003","1796.31","1796.31","3592.62","3592.62"
"8901","038259796-0030","NJ2213-E-XL-M1A-C3","140.88730500000003","1796.31","1796.31","3592.62","3592.62"
"8902","016734955-0000","NJ2213-E-XL-TVP2","83.24056499999999","1061.32","1061.32","2122.64","2122.64"
"8903","016734955-0030","NJ2213-E-XL-TVP2-C3","83.24056499999999","1061.32","1061.32","2122.64","2122.64"
"8904","016734955-0040","NJ2213-E-XL-TVP2-C4","100.549905","1282.01","1282.01","2564.02","2564.02"
"8905","016734955-0050","NJ2213-E-XL-TVP2-C5","138.39813","1764.58","1764.58","3529.16","3529.16"
"8906","016734971-0000","NJ2214-E-XL-M1","161.40066000000002","2057.86","2057.86","4115.72","4115.72"
"8907","016734971-0030","NJ2214-E-XL-M1-C3","161.40066000000002","2057.86","2057.86","4115.72","4115.72"
"8908","038259826-0030","NJ2214-E-XL-M1A-C3","161.40066000000002","2057.86","2057.86","4115.72","4115.72"
"8909","016734980-0000","NJ2214-E-XL-TVP2","86.34246","1100.87","1100.87","2201.74","2201.74"
"8910","016734980-0030","NJ2214-E-XL-TVP2-C3","86.34246","1100.87","1100.87","2201.74","2201.74"
"8911","016734980-0040","NJ2214-E-XL-TVP2-C4","98.175615","1251.74","1251.74","2503.48","2503.48"
"8912","019223447-0000","NJ2215-E-XL-M1","192.126015","2449.61","2449.61","4899.22","4899.22"
"8913","019223447-0030","NJ2215-E-XL-M1-C3","192.126015","2449.61","2449.61","4899.22","4899.22"
"8914","016734998-0000","NJ2215-E-XL-TVP2","98.36709","1254.18","1254.18","2508.36","2508.36"
"8915","016734998-0030","NJ2215-E-XL-TVP2-C3","98.36709","1254.18","1254.18","2508.36","2508.36"
"8916","016735005-0000","NJ2216-E-XL-M1","222.82584","2841.03","2841.03","5682.06","5682.06"
"8917","016735005-0030","NJ2216-E-XL-M1-C3","222.82584","2841.03","2841.03","5682.06","5682.06"
"8918","016735005-0040","NJ2216-E-XL-M1-C4","294.71832","3757.66","3757.66","7515.32","7515.32"
"8919","016735030-0000","NJ2216-E-XL-TVP2","114.80841","1463.81","1463.81","2927.62","2927.62"
"8920","016735030-0030","NJ2216-E-XL-TVP2-C3","114.80841","1463.81","1463.81","2927.62","2927.62"
"8921","019223579-0000","NJ2217-E-XL-M1","255.96378","3263.54","3263.54","6527.08","6527.08"
"8922","019223579-0030","NJ2217-E-XL-M1-C3","255.96378","3263.54","3263.54","6527.08","6527.08"
"8923","038479850-0030","NJ2217-E-XL-M1A-C3","267.00550499999997","3404.32","3404.32","6808.64","6808.64"
"8924","016735048-0000","NJ2217-E-XL-TVP2","132.615585","1690.85","1690.85","3381.7","3381.7"
"8925","016735048-0030","NJ2217-E-XL-TVP2-C3","132.615585","1690.85","1690.85","3381.7","3381.7"
"8926","019223641-0000","NJ2218-E-XL-M1","292.16532","3725.11","3725.11","7450.22","7450.22"
"8927","019223641-0030","NJ2218-E-XL-M1-C3","292.16532","3725.11","3725.11","7450.22","7450.22"
"8928","016735064-0000","NJ2218-E-XL-TVP2","160.57093500000002","2047.28","2047.28","4094.56","4094.56"
"8929","016735064-0030","NJ2218-E-XL-TVP2-C3","170.23404000000002","2170.48","2170.48","4340.96","4340.96"
"8930","019223706-0000","NJ2219-E-XL-M1","330.294375","4211.25","4211.25","8422.5","8422.5"
"8931","019223706-0030","NJ2219-E-XL-M1-C3","330.294375","4211.25","4211.25","8422.5","8422.5"
"8932","016735080-0000","NJ2219-E-XL-TVP2","217.656015","2775.11","2775.11","5550.22","5550.22"
"8933","016735080-0030","NJ2219-E-XL-TVP2-C3","217.656015","2775.11","2775.11","5550.22","5550.22"
"8934","016735170-0000","NJ222-E-XL-M1","357.968895","4564.1","4564.1","9128.2","9128.2"
"8935","016735170-0030","NJ222-E-XL-M1-C3","357.968895","4564.1","4564.1","9128.2","9128.2"
"8936","038259893-0030","NJ222-E-XL-M1A-C3","357.968895","4564.1","4564.1","9128.2","9128.2"
"8937","016735188-0000","NJ222-E-XL-TVP2","226.9617","2893.76","2893.76","5787.52","5787.52"
"8938","016735188-0030","NJ222-E-XL-TVP2-C3","226.9617","2893.76","2893.76","5787.52","5787.52"
"8939","016735102-0000","NJ2220-E-XL-M1","398.38288499999993","5079.38","5079.38","10158.76","10158.76"
"8940","016735102-0030","NJ2220-E-XL-M1-C3","398.38288499999993","5079.38","5079.38","10158.76","10158.76"
"8941","016735102-0040","NJ2220-E-XL-M1-C4","413.21581499999996","5268.5","5268.5","10537","10537"
"8942","038259907-0030","NJ2220-E-XL-M1A-C3","398.38288499999993","5079.38","5079.38","10158.76","10158.76"
"8943","016735110-0000","NJ2220-E-XL-TVP2","231.774105","2955.12","2955.12","5910.24","5910.24"
"8944","016735110-0030","NJ2220-E-XL-TVP2-C3","231.774105","2955.12","2955.12","5910.24","5910.24"
"8945","019223919-0000","NJ2222-E-XL-M1","588.606915","7504.74","7504.74","15009.48","15009.48"
"8946","019223919-0030","NJ2222-E-XL-M1-C3","588.606915","7504.74","7504.74","15009.48","15009.48"
"8947","019223919-0040","NJ2222-E-XL-M1-C4","630.18252","8034.83","8034.83","16069.66","16069.66"
"8948","089955668-0030","NJ2222-E-XL-MPAX-J30PC-C3","736.4383799999999","9389.59","9389.59","18779.18","18779.18"
"8949","019223951-0000","NJ2222-E-XL-TVP2","337.110885","4298.16","4298.16","8596.32","8596.32"
"8950","019223951-0030","NJ2222-E-XL-TVP2-C3","337.110885","4298.16","4298.16","8596.32","8596.32"
"8951","016735129-0000","NJ2224-E-XL-M1","729.5835749999999","9302.19","9302.19","18604.38","18604.38"
"8952","016735129-0030","NJ2224-E-XL-M1-C3","729.5835749999999","9302.19","9302.19","18604.38","18604.38"
"8953","089956257-0030","NJ2224-E-XL-MPAX-J30PC-C3","912.7868550000002","11638.03","11638.03","23276.06","23276.06"
"8954","019224044-0000","NJ2224-E-XL-TVP2","506.70667499999996","6460.51","6460.51","12921.02","12921.02"
"8955","019224044-0030","NJ2224-E-XL-TVP2-C3","506.70667499999996","6460.51","6460.51","12921.02","12921.02"
"8956","016735153-0000","NJ2226-E-XL-M1","872.755815","11127.64","11127.64","22255.28","22255.28"
"8957","016735153-0030","NJ2226-E-XL-M1-C3","872.755815","11127.64","11127.64","22255.28","22255.28"
"8958","038259966-0030","NJ2226-E-XL-M1A-C3","872.755815","11127.64","11127.64","22255.28","22255.28"
"8959","016735161-0000","NJ2226-E-XL-TVP2","588.606915","7504.74","7504.74","15009.48","15009.48"
"8960","016735161-0030","NJ2226-E-XL-TVP2-C3","588.606915","7504.74","7504.74","15009.48","15009.48"
"8961","019224125-0000","NJ2228-E-XL-M1","912.6336750000002","11636.08","11636.08","23272.16","23272.16"
"8962","019224125-0030","NJ2228-E-XL-M1-C3","912.6336750000002","11636.08","11636.08","23272.16","23272.16"
"8963","019224125-0040","NJ2228-E-XL-M1-C4","924.82425","11791.51","11791.51","23583.02","23583.02"
"8964","016735200-0000","NJ2230-E-XL-M1","1202.87148","15336.61","15336.61","30673.22","30673.22"
"8965","016735200-0030","NJ2230-E-XL-M1-C3","1202.87148","15336.61","15336.61","30673.22","30673.22"
"8966","019224362-0000","NJ2232-E-XL-M1","1279.601895","16314.92","16314.92","32629.84","32629.84"
"8967","019224362-0030","NJ2232-E-XL-M1-C3","1279.601895","16314.92","16314.92","32629.84","32629.84"
"8968","038259974-0030","NJ2232-E-XL-M1A-C3","1279.601895","16314.92","16314.92","32629.84","32629.84"
"8969","019224419-0000","NJ2234-E-XL-M1","1637.9537400000002","20883.91","20883.91","41767.82","41767.82"
"8970","019224419-0030","NJ2234-E-XL-M1-C3","1637.9537400000002","20883.91","20883.91","41767.82","41767.82"
"8971","019224435-0000","NJ2236-E-XL-M1","1893.8536950000005","24146.63","24146.63","48293.26","48293.26"
"8972","019224435-0030","NJ2236-E-XL-M1-C3","1893.8536950000005","24146.63","24146.63","48293.26","48293.26"
"8973","038479907-0030","NJ2236-E-XL-M1A-C3","1893.8536950000005","24146.63","24146.63","48293.26","48293.26"
"8974","016735226-0000","NJ2238-E-M1","2259.5198849999997","28808.88","28808.88","57617.76","57617.76"
"8975","016735226-0030","NJ2238-E-M1-C3","2259.5198849999997","28808.88","28808.88","57617.76","57617.76"
"8976","087580276-0030","NJ2238-E-MPAX-J30PC-C3","2826.975195","36043.93","36043.93","72087.86","72087.86"
"8977","016735269-0000","NJ224-E-XL-M1","435.10779","5547.62","5547.62","11095.24","11095.24"
"8978","016735269-0030","NJ224-E-XL-M1-C3","435.10779","5547.62","5547.62","11095.24","11095.24"
"8979","038259982-0030","NJ224-E-XL-M1A-C3","435.10779","5547.62","5547.62","11095.24","11095.24"
"8980","016735277-0000","NJ224-E-XL-TVP2","281.557605","3589.86","3589.86","7179.72","7179.72"
"8981","016735277-0030","NJ224-E-XL-TVP2-C3","281.557605","3589.86","3589.86","7179.72","7179.72"
"8982","016735242-0000","NJ2240-E-M1","2559.22932","32630.17","32630.17","65260.34","65260.34"
"8983","016735242-0030","NJ2240-E-M1-C3","2559.22932","32630.17","32630.17","65260.34","65260.34"
"8984","092499139-0030","NJ2240-E-MPAX-J30PC-C3","3119.0256300000005","39767.58","39767.58","79535.16","79535.16"
"8985","019224680-0000","NJ226-E-XL-M1","588.606915","7504.74","7504.74","15009.48","15009.48"
"8986","019224680-0030","NJ226-E-XL-M1-C3","588.606915","7504.74","7504.74","15009.48","15009.48"
"8987","016735285-0000","NJ226-E-XL-TVP2","362.15581499999996","4617.49","4617.49","9234.98","9234.98"
"8988","016735285-0030","NJ226-E-XL-TVP2-C3","362.15581499999996","4617.49","4617.49","9234.98","9234.98"
"8989","019224729-0000","NJ228-E-XL-M1","576.03339","7344.43","7344.43","14688.86","14688.86"
"8990","019224729-0030","NJ228-E-XL-M1-C3","576.03339","7344.43","7344.43","14688.86","14688.86"
"8991","038260018-0030","NJ228-E-XL-M1A-C3","576.03339","7344.43","7344.43","14688.86","14688.86"
"8992","019225202-0000","NJ230-E-XL-M1","716.55051","9136.02","9136.02","18272.04","18272.04"
"8993","019225202-0030","NJ230-E-XL-M1-C3","716.55051","9136.02","9136.02","18272.04","18272.04"
"8994","019225202-0040","NJ230-E-XL-M1-C4","767.725395","9788.5","9788.5","19577","19577"
"8995","089953550-0030","NJ230-E-XL-MPAX-J30PC-C3","1030.3780350000002","13137.32","13137.32","26274.64","26274.64"
"8996","038453649-0000","NJ2304-E-XL-M1","63.90159","814.75","814.75","1629.5","1629.5"
"8997","038453649-0030","NJ2304-E-XL-M1-C3","63.90159","814.75","814.75","1629.5","1629.5"
"8998","016735307-0000","NJ2304-E-XL-TVP2","34.414440000000006","438.78","438.78","877.56","877.56"
"8999","016735307-0030","NJ2304-E-XL-TVP2-C3","34.414440000000006","438.78","438.78","877.56","877.56"
"9000","019224796-0000","NJ2305-E-XL-M1","66.50565","847.95","847.95","1695.9","1695.9"
"9001","019224796-0030","NJ2305-E-XL-M1-C3","66.50565","847.95","847.95","1695.9","1695.9"
"9002","038453665-0040","NJ2305-E-XL-M1A-C4","72.04566","918.58","918.58","1837.16","1837.16"
"9003","016735315-0000","NJ2305-E-XL-TVP2","35.84412","457.01","457.01","914.02","914.02"
"9004","016735315-0030","NJ2305-E-XL-TVP2-C3","35.84412","457.01","457.01","914.02","914.02"
"9005","016735315-0040","NJ2305-E-XL-TVP2-C4","40.120395","511.54","511.54","1023.08","1023.08"
"9006","038260026-0000","NJ2306-E-XL-M1","81.77259","1042.6","1042.6","2085.2","2085.2"
"9007","038260026-0030","NJ2306-E-XL-M1-C3","81.77259","1042.6","1042.6","2085.2","2085.2"
"9008","038260034-0030","NJ2306-E-XL-M1A-C3","81.77259","1042.6","1042.6","2085.2","2085.2"
"9009","038260034-0040","NJ2306-E-XL-M1A-C4","87.274305","1112.75","1112.75","2225.5","2225.5"
"9010","016735331-0000","NJ2306-E-XL-TVP2","43.439295","553.85","553.85","1107.7","1107.7"
"9011","016735331-0030","NJ2306-E-XL-TVP2-C3","43.439295","553.85","553.85","1107.7","1107.7"
"9012","016735331-0040","NJ2306-E-XL-TVP2-C4","47.855985000000004","610.16","610.16","1220.32","1220.32"
"9013","038260050-0030","NJ2307-E-XL-JP1-C3","48.66018","620.42","620.42","1240.84","1240.84"
"9014","019224931-0000","NJ2307-E-XL-M1","84.63194999999999","1079.06","1079.06","2158.12","2158.12"
"9015","019224931-0030","NJ2307-E-XL-M1-C3","84.63194999999999","1079.06","1079.06","2158.12","2158.12"
"9016","038260077-0030","NJ2307-E-XL-M1A-C3","84.65747999999999","1079.38","1079.38","2158.76","2158.76"
"9017","016735358-0000","NJ2307-E-XL-TVP2","50.842994999999995","648.25","648.25","1296.5","1296.5"
"9018","016735358-0030","NJ2307-E-XL-TVP2-C3","50.842994999999995","648.25","648.25","1296.5","1296.5"
"9019","019225008-0000","NJ2308-E-XL-M1","115.54878000000001","1473.25","1473.25","2946.5","2946.5"
"9020","019225008-0030","NJ2308-E-XL-M1-C3","115.54878000000001","1473.25","1473.25","2946.5","2946.5"
"9021","019225024-0030","NJ2308-E-XL-M1A-C3","115.54878000000001","1473.25","1473.25","2946.5","2946.5"
"9022","019225024-0040","NJ2308-E-XL-M1A-C4","127.16493","1621.35","1621.35","3242.7","3242.7"
"9023","016735382-0000","NJ2308-E-XL-TVP2","60.901815","776.5","776.5","1553","1553"
"9024","016735382-0030","NJ2308-E-XL-TVP2-C3","60.901815","776.5","776.5","1553","1553"
"9025","016735382-0040","NJ2308-E-XL-TVP2-C4","75.79857","966.43","966.43","1932.86","1932.86"
"9026","038260123-0040","NJ2308-E-XL-TVP2-QP51-C4","83.68734","1067.01","1067.01","2134.02","2134.02"
"9027","016735412-0000","NJ2309-E-XL-JP1","84.74683500000002","1080.52","1080.52","2161.04","2161.04"
"9028","019225105-0000","NJ2309-E-XL-M1","122.83759500000002","1566.18","1566.18","3132.36","3132.36"
"9029","019225105-0030","NJ2309-E-XL-M1-C3","122.83759500000002","1566.18","1566.18","3132.36","3132.36"
"9030","093331827-0030","NJ2309-E-XL-M1-C3>A","122.83759500000002","1566.18","1566.18","3132.36","3132.36"
"9031","038260158-0030","NJ2309-E-XL-M1A-C3","122.83759500000002","1566.18","1566.18","3132.36","3132.36"
"9032","038260158-0040","NJ2309-E-XL-M1A-C4","133.07512499999999","1696.71","1696.71","3393.42","3393.42"
"9033","095553541-0040","NJ2309-E-XL-M1A-C4>A","133.07512499999999","1696.71","1696.71","3393.42","3393.42"
"9034","016735439-0000","NJ2309-E-XL-TVP2","74.95608","955.69","955.69","1911.38","1911.38"
"9035","016735439-0030","NJ2309-E-XL-TVP2-C3","74.95608","955.69","955.69","1911.38","1911.38"
"9036","093329709-0030","NJ2309-E-XL-TVP2-C3>A","74.95608","955.69","955.69","1911.38","1911.38"
"9037","016735439-0040","NJ2309-E-XL-TVP2-C4","83.2278","1061.15","1061.15","2122.3","2122.3"
"9038","038260166-0040","NJ2309-E-XL-TVP2-QP51-C4","103.02631499999998","1313.59","1313.59","2627.18","2627.18"
"9039","093329709-0000","NJ2309-E-XL-TVP2>A","74.95608","955.69","955.69","1911.38","1911.38"
"9040","016735480-0000","NJ2310-E-XL-M1","168.91924500000002","2153.72","2153.72","4307.44","4307.44"
"9041","016735480-0030","NJ2310-E-XL-M1-C3","159.38379","2032.14","2032.14","4064.28","4064.28"
"9042","093329717-0030","NJ2310-E-XL-M1-C3>A","159.38379","2032.14","2032.14","4064.28","4064.28"
"9043","093329717-0000","NJ2310-E-XL-M1>A","168.91924500000002","2153.72","2153.72","4307.44","4307.44"
"9044","019225261-0030","NJ2310-E-XL-M1A-C3","168.91924500000002","2153.72","2153.72","4307.44","4307.44"
"9045","019225261-0040","NJ2310-E-XL-M1A-C4","209.72895","2674.04","2674.04","5348.08","5348.08"
"9046","016735501-0000","NJ2310-E-XL-TVP2","91.75482000000001","1169.87","1169.87","2339.74","2339.74"
"9047","016735501-0030","NJ2310-E-XL-TVP2-C3","91.75482000000001","1169.87","1169.87","2339.74","2339.74"
"9048","093329725-0030","NJ2310-E-XL-TVP2-C3>A","91.75482000000001","1169.87","1169.87","2339.74","2339.74"
"9049","016735501-0040","NJ2310-E-XL-TVP2-C4","100.85626500000001","1285.92","1285.92","2571.84","2571.84"
"9050","038260182-0040","NJ2310-E-XL-TVP2-QP51-C4","126.079905","1607.52","1607.52","3215.04","3215.04"
"9051","093329725-0000","NJ2310-E-XL-TVP2>A","91.75482000000001","1169.87","1169.87","2339.74","2339.74"
"9052","019225318-0000","NJ2311-E-XL-M1","186.968955","2383.85","2383.85","4767.7","4767.7"
"9053","019225318-0030","NJ2311-E-XL-M1-C3","186.968955","2383.85","2383.85","4767.7","4767.7"
"9054","019225318-0040","NJ2311-E-XL-M1-C4","219.53247","2799.04","2799.04","5598.08","5598.08"
"9055","038260212-0030","NJ2311-E-XL-M1A-C3","186.968955","2383.85","2383.85","4767.7","4767.7"
"9056","038260212-0040","NJ2311-E-XL-M1A-C4","219.53247","2799.04","2799.04","5598.08","5598.08"
"9057","038260204-0040","NJ2311-E-XL-M1A-QP51-C4","256.93392","3275.91","3275.91","6551.82","6551.82"
"9058","019225377-0000","NJ2311-E-XL-TVP2","108.78333000000002","1386.99","1386.99","2773.98","2773.98"
"9059","019225377-0030","NJ2311-E-XL-TVP2-C3","108.78333000000002","1386.99","1386.99","2773.98","2773.98"
"9060","019225377-0040","NJ2311-E-XL-TVP2-C4","135.42388499999998","1726.65","1726.65","3453.3","3453.3"
"9061","038260220-0040","NJ2311-E-XL-TVP2-QP51-C4","232.73147999999998","2967.33","2967.33","5934.66","5934.66"
"9062","019225415-0000","NJ2312-E-XL-M1","225.42989999999998","2874.23","2874.23","5748.46","5748.46"
"9063","019225415-0030","NJ2312-E-XL-M1-C3","225.42989999999998","2874.23","2874.23","5748.46","5748.46"
"9064","019225415-0040","NJ2312-E-XL-M1-C4","261.03148500000003","3328.15","3328.15","6656.3","6656.3"
"9065","019225474-0040","NJ2312-E-XL-M1A-QP51-C4","309.793785","3949.87","3949.87","7899.74","7899.74"
"9066","092234119-0040","NJ2312-E-XL-MPAX-QP51-C4","309.793785","3949.87","3949.87","7899.74","7899.74"
"9067","019225490-0000","NJ2312-E-XL-TVP2","131.492265","1676.53","1676.53","3353.06","3353.06"
"9068","019225490-0030","NJ2312-E-XL-TVP2-C3","131.492265","1676.53","1676.53","3353.06","3353.06"
"9069","019225490-0040","NJ2312-E-XL-TVP2-C4","150.26958","1915.94","1915.94","3831.88","3831.88"
"9070","038260255-0040","NJ2312-E-XL-TVP2-QP51-C4","180.71410500000002","2304.1","2304.1","4608.2","4608.2"
"9071","016735609-0000","NJ2313-E-XL-M1","250.01529000000002","3187.69","3187.69","6375.38","6375.38"
"9072","016735609-0030","NJ2313-E-XL-M1-C3","250.01529000000002","3187.69","3187.69","6375.38","6375.38"
"9073","016735609-0040","NJ2313-E-XL-M1-C4","281.59590000000003","3590.35","3590.35","7180.7","7180.7"
"9074","038260271-0030","NJ2313-E-XL-M1A-C3","250.01529000000002","3187.69","3187.69","6375.38","6375.38"
"9075","038260271-0040","NJ2313-E-XL-M1A-C4","274.84321500000004","3504.25","3504.25","7008.5","7008.5"
"9076","016735625-0000","NJ2313-E-XL-TVP2","159.28167","2030.84","2030.84","4061.68","4061.68"
"9077","016735625-0030","NJ2313-E-XL-TVP2-C3","159.28167","2030.84","2030.84","4061.68","4061.68"
"9078","016735625-0040","NJ2313-E-XL-TVP2-C4","178.40364","2274.65","2274.65","4549.3","4549.3"
"9079","038260298-0040","NJ2313-E-XL-TVP2-QP51-C4","218.89422000000002","2790.9","2790.9","5581.8","5581.8"
"9080","019225610-0000","NJ2314-E-XL-M1","352.00764","4488.1","4488.1","8976.2","8976.2"
"9081","019225610-0030","NJ2314-E-XL-M1-C3","352.00764","4488.1","4488.1","8976.2","8976.2"
"9082","019225610-0040","NJ2314-E-XL-M1-C4","368.57661","4699.35","4699.35","9398.7","9398.7"
"9083","038260310-0040","NJ2314-E-XL-M1A-C4","368.57661","4699.35","4699.35","9398.7","9398.7"
"9084","019225660-0000","NJ2314-E-XL-TVP2","187.35190500000002","2388.74","2388.74","4777.48","4777.48"
"9085","019225660-0030","NJ2314-E-XL-TVP2-C3","187.35190500000002","2388.74","2388.74","4777.48","4777.48"
"9086","019225660-0040","NJ2314-E-XL-TVP2-C4","226.50216000000003","2887.9","2887.9","5775.8","5775.8"
"9087","038057662-0040","NJ2314-E-XL-TVP2-QP51-C4","258.77208","3299.34","3299.34","6598.68","6598.68"
"9088","019225725-0000","NJ2315-E-XL-M1","383.92014","4894.98","4894.98","9789.96","9789.96"
"9089","019225725-0030","NJ2315-E-XL-M1-C3","383.92014","4894.98","4894.98","9789.96","9789.96"
"9090","019225725-0040","NJ2315-E-XL-M1-C4","401.906025","5124.3","5124.3","10248.6","10248.6"
"9091","038260344-0030","NJ2315-E-XL-M1A-C3","383.92014","4894.98","4894.98","9789.96","9789.96"
"9092","038260336-0030","NJ2315-E-XL-M1A-QP51-C3","501.21772500000003","6390.53","6390.53","12781.06","12781.06"
"9093","038260336-0040","NJ2315-E-XL-M1A-QP51-C4","527.590215","6726.78","6726.78","13453.56","13453.56"
"9094","019004460-0000","NJ2315-E-XL-TVP2","245.662425","3132.2","3132.2","6264.4","6264.4"
"9095","019004460-0030","NJ2315-E-XL-TVP2-C3","245.662425","3132.2","3132.2","6264.4","6264.4"
"9096","019004460-0040","NJ2315-E-XL-TVP2-C4","270.04357500000003","3443.06","3443.06","6886.12","6886.12"
"9097","038260352-0030","NJ2315-E-XL-TVP2-QP51-C3","320.75892000000005","4089.68","4089.68","8179.36","8179.36"
"9098","038260352-0040","NJ2315-E-XL-TVP2-QP51-C4","337.60872","4304.51","4304.51","8609.02","8609.02"
"9099","019225849-0000","NJ2316-E-XL-M1","478.61091","6102.29","6102.29","12204.58","12204.58"
"9100","019225849-0030","NJ2316-E-XL-M1-C3","478.61091","6102.29","6102.29","12204.58","12204.58"
"9101","019225849-0040","NJ2316-E-XL-M1-C4","493.45660499999997","6291.57","6291.57","12583.14","12583.14"
"9102","038260387-0040","NJ2316-E-XL-M1A-C4","493.45660499999997","6291.57","6291.57","12583.14","12583.14"
"9103","019225903-0000","NJ2316-E-XL-TVP2","270.03081","3442.89","3442.89","6885.78","6885.78"
"9104","019225903-0030","NJ2316-E-XL-TVP2-C3","270.03081","3442.89","3442.89","6885.78","6885.78"
"9105","019225903-0040","NJ2316-E-XL-TVP2-C4","308.63217","3935.06","3935.06","7870.12","7870.12"
"9106","038260409-0040","NJ2316-E-XL-TVP2-QP51-C4","371.09131499999995","4731.41","4731.41","9462.82","9462.82"
"9107","019225946-0000","NJ2317-E-XL-M1","560.4217950000001","7145.38","7145.38","14290.76","14290.76"
"9108","019225946-0030","NJ2317-E-XL-M1-C3","560.4217950000001","7145.38","7145.38","14290.76","14290.76"
"9109","019225946-0040","NJ2317-E-XL-M1-C4","704.487585","8982.22","8982.22","17964.44","17964.44"
"9110","038260441-0030","NJ2317-E-XL-M1A-C3","560.4217950000001","7145.38","7145.38","14290.76","14290.76"
"9111","038260441-0040","NJ2317-E-XL-M1A-C4","616.077195","7854.98","7854.98","15709.96","15709.96"
"9112","038260433-0030","NJ2317-E-XL-M1A-QP51-C3","731.6642699999999","9328.72","9328.72","18657.44","18657.44"
"9113","038260433-0040","NJ2317-E-XL-M1A-QP51-C4","770.16351","9819.58","9819.58","19639.16","19639.16"
"9114","016735790-0000","NJ2317-E-XL-TVP2","313.878585","4001.95","4001.95","8003.9","8003.9"
"9115","016735790-0030","NJ2317-E-XL-TVP2-C3","313.878585","4001.95","4001.95","8003.9","8003.9"
"9116","016735790-0040","NJ2317-E-XL-TVP2-C4","352.22464500000007","4490.86","4490.86","8981.72","8981.72"
"9117","038260450-0040","NJ2317-E-XL-TVP2-QP51-C4","431.3421150000001","5499.61","5499.61","10999.22","10999.22"
"9118","016735820-0000","NJ2318-E-XL-M1","597.7466549999999","7621.27","7621.27","15242.54","15242.54"
"9119","016735820-0030","NJ2318-E-XL-M1-C3","597.7466549999999","7621.27","7621.27","15242.54","15242.54"
"9120","016735820-0040","NJ2318-E-XL-M1-C4","676.225875","8621.88","8621.88","17243.76","17243.76"
"9121","038260492-0030","NJ2318-E-XL-M1A-C3","597.7466549999999","7621.27","7621.27","15242.54","15242.54"
"9122","038260492-0040","NJ2318-E-XL-M1A-C4","676.225875","8621.88","8621.88","17243.76","17243.76"
"9123","038260484-0040","NJ2318-E-XL-M1A-QP51-C4","821.42775","10473.2","10473.2","20946.4","20946.4"
"9124","019226160-0000","NJ2318-E-XL-TVP2","383.92014","4894.98","4894.98","9789.96","9789.96"
"9125","019226160-0030","NJ2318-E-XL-TVP2-C3","383.92014","4894.98","4894.98","9789.96","9789.96"
"9126","019226160-0040","NJ2318-E-XL-TVP2-C4","399.276435","5090.77","5090.77","10181.54","10181.54"
"9127","019226250-0000","NJ2319-E-XL-M1","579.467175","7388.21","7388.21","14776.42","14776.42"
"9128","019226250-0030","NJ2319-E-XL-M1-C3","579.467175","7388.21","7388.21","14776.42","14776.42"
"9129","038260530-0040","NJ2319-E-XL-M1A-C4","636.99903","8121.74","8121.74","16243.48","16243.48"
"9130","019226292-0000","NJ2319-E-XL-TVP2","448.038735","5712.49","5712.49","11424.98","11424.98"
"9131","019226292-0030","NJ2319-E-XL-TVP2-C3","448.038735","5712.49","5712.49","11424.98","11424.98"
"9132","019226918-0000","NJ232-E-XL-M1","804.4120049999999","10256.25","10256.25","20512.5","20512.5"
"9133","019226918-0030","NJ232-E-XL-M1-C3","804.4120049999999","10256.25","10256.25","20512.5","20512.5"
"9134","019226918-0040","NJ232-E-XL-M1-C4","844.5196350000002","10767.63","10767.63","21535.26","21535.26"
"9135","019226330-0000","NJ2320-E-XL-M1","717.048345","9142.37","9142.37","18284.74","18284.74"
"9136","019226330-0030","NJ2320-E-XL-M1-C3","717.048345","9142.37","9142.37","18284.74","18284.74"
"9137","019226330-0040","NJ2320-E-XL-M1-C4","830.9249100000001","10594.29","10594.29","21188.58","21188.58"
"9138","064053571-0030","NJ2320-E-XL-M1-J30PC-C3","873.8919","11142.12","11142.12","22284.24","22284.24"
"9139","038260590-0030","NJ2320-E-XL-M1A-C3","717.048345","9142.37","9142.37","18284.74","18284.74"
"9140","038260590-0040","NJ2320-E-XL-M1A-C4","830.9249100000001","10594.29","10594.29","21188.58","21188.58"
"9141","038260581-0030","NJ2320-E-XL-M1A-QP51-C3","936.1212750000002","11935.55","11935.55","23871.1","23871.1"
"9142","038260581-0040","NJ2320-E-XL-M1A-QP51-C4","985.3814100000001","12563.61","12563.61","25127.22","25127.22"
"9143","092234216-0030","NJ2320-E-XL-MPAX-J30PC-C3","873.8919","11142.12","11142.12","22284.24","22284.24"
"9144","019226446-0000","NJ2320-E-XL-TVP2","557.3071349999999","7105.67","7105.67","14211.34","14211.34"
"9145","019226446-0030","NJ2320-E-XL-TVP2-C3","557.3071349999999","7105.67","7105.67","14211.34","14211.34"
"9146","019226527-0000","NJ2322-E-XL-M1","1087.8333","13869.87","13869.87","27739.74","27739.74"
"9147","019226527-0030","NJ2322-E-XL-M1-C3","1087.8333","13869.87","13869.87","27739.74","27739.74"
"9148","019226527-0040","NJ2322-E-XL-M1-C4","1204.88835","15362.33","15362.33","30724.66","30724.66"
"9149","038260638-0030","NJ2322-E-XL-M1A-C3","1087.8333","13869.87","13869.87","27739.74","27739.74"
"9150","038260638-0040","NJ2322-E-XL-M1A-C4","1207.505175","15395.69","15395.69","30791.38","30791.38"
"9151","038260620-0030","NJ2322-E-XL-M1A-QP51-C3","1420.2083699999998","18107.66","18107.66","36215.32","36215.32"
"9152","019226594-0000","NJ2322-E-XL-TVP2","844.5196350000002","10767.63","10767.63","21535.26","21535.26"
"9153","019226594-0030","NJ2322-E-XL-TVP2-C3","844.5196350000002","10767.63","10767.63","21535.26","21535.26"
"9154","019226632-0000","NJ2324-E-XL-M1","1499.976855","19124.7","19124.7","38249.4","38249.4"
"9155","019226632-0030","NJ2324-E-XL-M1-C3","1499.976855","19124.7","19124.7","38249.4","38249.4"
"9156","019226632-0040","NJ2324-E-XL-M1-C4","1574.958465","20080.72","20080.72","40161.44","40161.44"
"9157","038479931-0030","NJ2324-E-XL-M1A-C3","1499.976855","19124.7","19124.7","38249.4","38249.4"
"9158","095447172-0030","NJ2324-E-XL-MCA-C3","1802.711595","22984.57","22984.57","45969.14","45969.14"
"9159","019226721-0000","NJ2326-E-XL-M1","1857.984045","23689.3","23689.3","47378.6","47378.6"
"9160","019226721-0030","NJ2326-E-XL-M1-C3","1857.984045","23689.3","23689.3","47378.6","47378.6"
"9161","019226721-0040","NJ2326-E-XL-M1-C4","2042.47659","26041.58","26041.58","52083.16","52083.16"
"9162","016735943-0000","NJ2328-E-XL-M1","2037.44718","25977.45","25977.45","51954.9","51954.9"
"9163","016735943-0030","NJ2328-E-XL-M1-C3","2037.44718","25977.45","25977.45","51954.9","51954.9"
"9164","069590605-0030","NJ2328-E-XL-M1-J30PC-C3","2483.09886","31659.51","31659.51","63319.02","63319.02"
"9165","019226993-0000","NJ2330-E-XL-M1","2380.098075","30346.25","30346.25","60692.5","60692.5"
"9166","019226993-0030","NJ2330-E-XL-M1-C3","2380.098075","30346.25","30346.25","60692.5","60692.5"
"9167","019227078-0000","NJ2332-E-M1","2815.1165100000003","35892.74","35892.74","71785.48","71785.48"
"9168","019227078-0030","NJ2332-E-M1-C3","2815.1165100000003","35892.74","35892.74","71785.48","71785.48"
"9169","061154130-0030","NJ2332-E-M1-J30PC-C3","3430.887345","43743.81","43743.81","87487.62","87487.62"
"9170","038479966-0030","NJ2332-E-M1A-C3","2815.1165100000003","35892.74","35892.74","71785.48","71785.48"
"9171","092264263-0030","NJ2332-E-MPAX-J30PC-C3","3430.887345","43743.81","43743.81","87487.62","87487.62"
"9172","019227132-0030","NJ2334-EX-M1-C3","3244.748115","41370.54","41370.54","82741.08","82741.08"
"9173","081252498-0000","NJ2334-EX-TB-M1","3353.7356850000006","42760.13","42760.13","85520.26","85520.26"
"9174","081252498-0030","NJ2334-EX-TB-M1-C3","3605.2444800000003","45966.87","45966.87","91933.74","91933.74"
"9175","081877226-0030","NJ2334-EX-TB-MPAX-J30PC-C3","4393.8534150000005","56021.63","56021.63","112043.26","112043.26"
"9176","039029611-0030","NJ2338-EX-M1-C3","4596.740325000001","58608.44","58608.44","117216.88","117216.88"
"9177","081370598-0030","NJ2338-EX-TB-M1-C3","5323.477305","67874.34","67874.34","135748.68","135748.68"
"9178","019227256-0000","NJ234-E-XL-M1","906.39159","11556.49","11556.49","23112.98","23112.98"
"9179","019227256-0030","NJ234-E-XL-M1-C3","906.39159","11556.49","11556.49","23112.98","23112.98"
"9180","019227299-0030","NJ234-E-XL-M1A-C3","906.39159","11556.49","11556.49","23112.98","23112.98"
"9181","081288808-0030","NJ2340-EX-TB-M1-C3","6489.67494","82743.36","82743.36","165486.72","165486.72"
"9182","019227310-0000","NJ236-E-XL-M1","999.512265","12743.78","12743.78","25487.56","25487.56"
"9183","019227310-0030","NJ236-E-XL-M1-C3","999.512265","12743.78","12743.78","25487.56","25487.56"
"9184","019227310-0040","NJ236-E-XL-M1-C4","1101.8365050000002","14048.42","14048.42","28096.84","28096.84"
"9185","016735978-0000","NJ238-E-M1","1254.020835","15988.77","15988.77","31977.54","31977.54"
"9186","016735978-0030","NJ238-E-M1-C3","1254.020835","15988.77","15988.77","31977.54","31977.54"
"9187","016735986-0000","NJ240-E-M1","1484.5695000000003","18928.26","18928.26","37856.52","37856.52"
"9188","016735986-0030","NJ240-E-M1-C3","1484.5695000000003","18928.26","18928.26","37856.52","37856.52"
"9189","016735986-0040","NJ240-E-M1-C4","1718.130705","21906.17","21906.17","43812.34","43812.34"
"9190","038908107-0030","NJ240-E-M1A-C3","1484.5695000000003","18928.26","18928.26","37856.52","37856.52"
"9191","019227434-0000","NJ244-E-M1","2143.9200450000003","27334.98","27334.98","54669.96","54669.96"
"9192","019227434-0030","NJ244-E-M1-C3","2143.9200450000003","27334.98","27334.98","54669.96","54669.96"
"9193","019227450-0030","NJ248-E-M1-C3","3120.0213000000003","39780.27","39780.27","79560.54","79560.54"
"9194","078313023-0030","NJ248-E-TB-M1-C3","3120.0213000000003","39780.27","39780.27","79560.54","79560.54"
"9195","061016632-0030","NJ2980-M1-J30PC-C3","3802.476495","48481.58","48481.58","96963.16","96963.16"
"9196","071262652-0030","NJ2988-M1A-J30PC-C3","4952.679585","63146.66","63146.66","126293.32","126293.32"
"9197","016735994-0000","NJ303-E-XL-TVP2","24.802395","316.23","316.23","632.46","632.46"
"9198","016735994-0030","NJ303-E-XL-TVP2-C3","24.802395","316.23","316.23","632.46","632.46"
"9199","019227647-0000","NJ304-E-XL-M1","52.349264999999995","667.45","667.45","1334.9","1334.9"
"9200","019227647-0030","NJ304-E-XL-M1-C3","52.349264999999995","667.45","667.45","1334.9","1334.9"
"9201","016736001-0000","NJ304-E-XL-TVP2","24.17691","308.26","308.26","616.52","616.52"
"9202","016736001-0030","NJ304-E-XL-TVP2-C3","24.17691","308.26","308.26","616.52","616.52"
"9203","016736001-0040","NJ304-E-XL-TVP2-C4","25.185345","321.11","321.11","642.22","642.22"
"9204","019007787-0000","NJ305-E-XL-M1","61.437945","783.33","783.33","1566.66","1566.66"
"9205","019007787-0030","NJ305-E-XL-M1-C3","61.437945","783.33","783.33","1566.66","1566.66"
"9206","038479990-0030","NJ305-E-XL-M1A-C3","61.437945","783.33","783.33","1566.66","1566.66"
"9207","016736028-0000","NJ305-E-XL-TVP2","28.912725","368.64","368.64","737.28","737.28"
"9208","016736028-0030","NJ305-E-XL-TVP2-C3","28.912725","368.64","368.64","737.28","737.28"
"9209","016736028-0040","NJ305-E-XL-TVP2-C4","30.674295000000004","391.1","391.1","782.2","782.2"
"9210","038454033-0040","NJ305-E-XL-TVP2-QP51-C4","39.72468","506.49","506.49","1012.98","1012.98"
"9211","038277913-0000","NJ306-E-XL-JP1","40.682055","518.7","518.7","1037.4","1037.4"
"9212","038277913-0030","NJ306-E-XL-JP1-C3","40.682055","518.7","518.7","1037.4","1037.4"
"9213","019007795-0000","NJ306-E-XL-M1","58.987065","752.09","752.09","1504.18","1504.18"
"9214","019007795-0030","NJ306-E-XL-M1-C3","58.987065","752.09","752.09","1504.18","1504.18"
"9215","019007809-0030","NJ306-E-XL-M1A-C3","58.987065","752.09","752.09","1504.18","1504.18"
"9216","016736087-0000","NJ306-E-XL-TVP2","34.503795000000004","439.92","439.92","879.84","879.84"
"9217","016736087-0030","NJ306-E-XL-TVP2-C3","34.503795000000004","439.92","439.92","879.84","879.84"
"9218","016736087-0040","NJ306-E-XL-TVP2-C4","36.63555","467.1","467.1","934.2","934.2"
"9219","038907879-0040","NJ306-E-XL-TVP2-QP51-C4","39.711915000000005","506.33","506.33","1012.66","1012.66"
"9220","019007817-0000","NJ307-E-XL-M1","76.16875500000002","971.15","971.15","1942.3","1942.3"
"9221","019007817-0030","NJ307-E-XL-M1-C3","76.16875500000002","971.15","971.15","1942.3","1942.3"
"9222","038260786-0030","NJ307-E-XL-M1A-C3","76.16875500000002","971.15","971.15","1942.3","1942.3"
"9223","016736125-0000","NJ307-E-XL-TVP2","35.84412","457.01","457.01","914.02","914.02"
"9224","016736125-0030","NJ307-E-XL-TVP2-C3","35.84412","457.01","457.01","914.02","914.02"
"9225","019227787-0000","NJ308-E-XL-JP1","50.842994999999995","648.25","648.25","1296.5","1296.5"
"9226","019227787-0030","NJ308-E-XL-JP1-C3","50.842994999999995","648.25","648.25","1296.5","1296.5"
"9227","016736141-0000","NJ308-E-XL-M1","90.08260499999997","1148.55","1148.55","2297.1","2297.1"
"9228","016736141-0030","NJ308-E-XL-M1-C3","90.08260499999997","1148.55","1148.55","2297.1","2297.1"
"9229","016736141-0040","NJ308-E-XL-M1-C4","97.66501500000001","1245.23","1245.23","2490.46","2490.46"
"9230","019007841-0030","NJ308-E-XL-M1A-C3","90.08260499999997","1148.55","1148.55","2297.1","2297.1"
"9231","019007841-0040","NJ308-E-XL-M1A-C4","97.690545","1245.55","1245.55","2491.1","2491.1"
"9232","016736184-0000","NJ308-E-XL-TVP2","44.664735","569.48","569.48","1138.96","1138.96"
"9233","016736184-0030","NJ308-E-XL-TVP2-C3","44.664735","569.48","569.48","1138.96","1138.96"
"9234","016736184-0040","NJ308-E-XL-TVP2-C4","49.617554999999996","632.62","632.62","1265.24","1265.24"
"9235","019227817-0040","NJ308-E-XL-TVP2-QP51-C4","61.386885000000014","782.68","782.68","1565.36","1565.36"
"9236","019227825-0000","NJ309-E-XL-JP1","67.11837","855.76","855.76","1711.52","1711.52"
"9237","068186711-0030","NJ309-E-XL-JP3-C3","67.11837","855.76","855.76","1711.52","1711.52"
"9238","016736222-0000","NJ309-E-XL-M1","97.23100499999998","1239.7","1239.7","2479.4","2479.4"
"9239","016736222-0030","NJ309-E-XL-M1-C3","97.23100499999998","1239.7","1239.7","2479.4","2479.4"
"9240","093329750-0030","NJ309-E-XL-M1-C3>A","97.23100499999998","1239.7","1239.7","2479.4","2479.4"
"9241","016736222-0040","NJ309-E-XL-M1-C4","106.88134499999998","1362.74","1362.74","2725.48","2725.48"
"9242","016736265-0000","NJ309-E-XL-TVP2","53.115165","677.22","677.22","1354.44","1354.44"
"9243","016736265-0030","NJ309-E-XL-TVP2-C3","53.115165","677.22","677.22","1354.44","1354.44"
"9244","093329768-0030","NJ309-E-XL-TVP2-C3>A","53.115165","677.22","677.22","1354.44","1354.44"
"9245","016736265-0040","NJ309-E-XL-TVP2-C4","58.463699999999996","745.41","745.41","1490.82","1490.82"
"9246","093329768-0040","NJ309-E-XL-TVP2-C4>A","61.003935000000006","777.8","777.8","1555.6","1555.6"
"9247","038907895-0040","NJ309-E-XL-TVP2-QP51-C4","72.99027","930.63","930.63","1861.26","1861.26"
"9248","019007850-0000","NJ310-E-XL-M1","120.34842","1534.44","1534.44","3068.88","3068.88"
"9249","019007850-0030","NJ310-E-XL-M1-C3","120.34842","1534.44","1534.44","3068.88","3068.88"
"9250","093331134-0030","NJ310-E-XL-M1-C3>A","120.34842","1534.44","1534.44","3068.88","3068.88"
"9251","019007850-0040","NJ310-E-XL-M1-C4","136.981215","1746.51","1746.51","3493.02","3493.02"
"9252","093331134-0040","NJ310-E-XL-M1-C4>A","136.981215","1746.51","1746.51","3493.02","3493.02"
"9253","038260832-0030","NJ310-E-XL-M1A-C3","120.34842","1534.44","1534.44","3068.88","3068.88"
"9254","038260832-0040","NJ310-E-XL-M1A-C4","145.18911","1851.16","1851.16","3702.32","3702.32"
"9255","038260824-0040","NJ310-E-XL-M1A-QP51-C4","165.53652000000002","2110.59","2110.59","4221.18","4221.18"
"9256","016736303-0000","NJ310-E-XL-TVP2","62.77827","800.42","800.42","1600.84","1600.84"
"9257","016736303-0030","NJ310-E-XL-TVP2-C3","62.77827","800.42","800.42","1600.84","1600.84"
"9258","093329776-0030","NJ310-E-XL-TVP2-C3>A","62.77827","800.42","800.42","1600.84","1600.84"
"9259","016736303-0040","NJ310-E-XL-TVP2-C4","67.641735","862.43","862.43","1724.86","1724.86"
"9260","038260840-0040","NJ310-E-XL-TVP2-QP51-C4","86.25310499999999","1099.73","1099.73","2199.46","2199.46"
"9261","039459365-0030","NJ311-E-XL-JP1-C3","93.26109","1189.08","1189.08","2378.16","2378.16"
"9262","038966824-0030","NJ311-E-XL-JP3-C3","93.27385499999998","1189.24","1189.24","2378.48","2378.48"
"9263","038260867-0000","NJ311-E-XL-M1","135.168585","1723.4","1723.4","3446.8","3446.8"
"9264","038260867-0030","NJ311-E-XL-M1-C3","135.168585","1723.4","1723.4","3446.8","3446.8"
"9265","038260867-0040","NJ311-E-XL-M1-C4","161.32406999999998","2056.88","2056.88","4113.76","4113.76"
"9266","038480018-0040","NJ311-E-XL-M1A-C4","161.32406999999998","2056.88","2056.88","4113.76","4113.76"
"9267","016736346-0000","NJ311-E-XL-TVP2","72.45414","923.79","923.79","1847.58","1847.58"
"9268","016736346-0030","NJ311-E-XL-TVP2-C3","72.45414","923.79","923.79","1847.58","1847.58"
"9269","016736346-0040","NJ311-E-XL-TVP2-C4","90.29960999999999","1151.32","1151.32","2302.64","2302.64"
"9270","038907917-0040","NJ311-E-XL-TVP2-QP51-C4","99.567","1269.48","1269.48","2538.96","2538.96"
"9271","039076636-0030","NJ312-E-XL-JP3-C3","112.66389000000001","1436.46","1436.46","2872.92","2872.92"
"9272","019228058-0000","NJ312-E-XL-M1","163.26435","2081.62","2081.62","4163.24","4163.24"
"9273","019228058-0030","NJ312-E-XL-M1-C3","163.26435","2081.62","2081.62","4163.24","4163.24"
"9274","039018059-0040","NJ312-E-XL-M1-F1-C4","184.0713","2346.91","2346.91","4693.82","4693.82"
"9275","038260891-0030","NJ312-E-XL-M1A-C3","163.26435","2081.62","2081.62","4163.24","4163.24"
"9276","038260891-0040","NJ312-E-XL-M1A-C4","163.26435","2081.62","2081.62","4163.24","4163.24"
"9277","016736400-0000","NJ312-E-XL-TVP2","86.77647","1106.4","1106.4","2212.8","2212.8"
"9278","016736400-0030","NJ312-E-XL-TVP2-C3","86.77647","1106.4","1106.4","2212.8","2212.8"
"9279","016736400-0040","NJ312-E-XL-TVP2-C4","112.89366","1439.39","1439.39","2878.78","2878.78"
"9280","038260905-0040","NJ312-E-XL-TVP2-QP51-C4","119.25063","1520.45","1520.45","3040.9","3040.9"
"9281","081726996-0000","NJ313-E-XL-JP3","127.59893999999998","1626.89","1626.89","3253.78","3253.78"
"9282","019228198-0000","NJ313-E-XL-M1","184.875495","2357.16","2357.16","4714.32","4714.32"
"9283","019228198-0030","NJ313-E-XL-M1-C3","184.875495","2357.16","2357.16","4714.32","4714.32"
"9284","019228198-0040","NJ313-E-XL-M1-C4","184.90102500000003","2357.49","2357.49","4714.98","4714.98"
"9285","019228236-0000","NJ313-E-XL-M1-F1-T51F","213.366975","2720.43","2720.43","5440.86","5440.86"
"9286","038260930-0040","NJ313-E-XL-M1A-C4","184.875495","2357.16","2357.16","4714.32","4714.32"
"9287","016736435-0000","NJ313-E-XL-TVP2","105.55378499999999","1345.81","1345.81","2691.62","2691.62"
"9288","016736435-0030","NJ313-E-XL-TVP2-C3","105.55378499999999","1345.81","1345.81","2691.62","2691.62"
"9289","016736435-0040","NJ313-E-XL-TVP2-C4","121.72704","1552.02","1552.02","3104.04","3104.04"
"9290","038260948-0040","NJ313-E-XL-TVP2-QP51-C4","145.06146","1849.53","1849.53","3699.06","3699.06"
"9291","039076644-0000","NJ314-E-XL-JP3","148.3293","1891.2","1891.2","3782.4","3782.4"
"9292","039076644-0030","NJ314-E-XL-JP3-C3","148.3293","1891.2","1891.2","3782.4","3782.4"
"9293","019228333-0000","NJ314-E-XL-M1","214.98812999999998","2741.1","2741.1","5482.2","5482.2"
"9294","019228333-0030","NJ314-E-XL-M1-C3","214.98812999999998","2741.1","2741.1","5482.2","5482.2"
"9295","019228333-0040","NJ314-E-XL-M1-C4","220.22178","2807.83","2807.83","5615.66","5615.66"
"9296","038260956-0040","NJ314-E-XL-M1-F1-C4","247.33463999999998","3153.52","3153.52","6307.04","6307.04"
"9297","019228376-0000","NJ314-E-XL-M1-F1-T51F","253.24483499999997","3228.87","3228.87","6457.74","6457.74"
"9298","019228392-0030","NJ314-E-XL-M1A-C3","214.98812999999998","2741.1","2741.1","5482.2","5482.2"
"9299","016736451-0000","NJ314-E-XL-TVP2","125.569305","1601.01","1601.01","3202.02","3202.02"
"9300","016736451-0030","NJ314-E-XL-TVP2-C3","125.569305","1601.01","1601.01","3202.02","3202.02"
"9301","016736451-0040","NJ314-E-XL-TVP2-C4","143.24883","1826.42","1826.42","3652.84","3652.84"
"9302","039076652-0000","NJ315-E-XL-JP3","174.86773499999998","2229.56","2229.56","4459.12","4459.12"
"9303","019228473-0000","NJ315-E-XL-M1","253.372485","3230.5","3230.5","6461","6461"
"9304","019228473-0030","NJ315-E-XL-M1-C3","253.372485","3230.5","3230.5","6461","6461"
"9305","019228473-0040","NJ315-E-XL-M1-C4","259.53798","3309.11","3309.11","6618.22","6618.22"
"9306","038260980-0040","NJ315-E-XL-M1-F1-C4","290.68458","3706.23","3706.23","7412.46","7412.46"
"9307","038260972-0000","NJ315-E-XL-M1-F1-T51F","299.505195","3818.69","3818.69","7637.38","7637.38"
"9308","016736516-0000","NJ315-E-XL-TVP2","147.44851500000001","1879.97","1879.97","3759.94","3759.94"
"9309","016736516-0030","NJ315-E-XL-TVP2-C3","147.44851500000001","1879.97","1879.97","3759.94","3759.94"
"9310","016736516-0040","NJ315-E-XL-TVP2-C4","163.85154","2089.11","2089.11","4178.22","4178.22"
"9311","019228546-0000","NJ316-E-XL-M1","295.73952","3770.68","3770.68","7541.36","7541.36"
"9312","019228546-0030","NJ316-E-XL-M1-C3","295.73952","3770.68","3770.68","7541.36","7541.36"
"9313","019228546-0040","NJ316-E-XL-M1-C4","341.987115","4360.34","4360.34","8720.68","8720.68"
"9314","038261014-0040","NJ316-E-XL-M1A-C4","341.987115","4360.34","4360.34","8720.68","8720.68"
"9315","016736567-0000","NJ316-E-XL-TVP2","181.83742500000002","2318.43","2318.43","4636.86","4636.86"
"9316","016736567-0030","NJ316-E-XL-TVP2-C3","181.83742500000002","2318.43","2318.43","4636.86","4636.86"
"9317","016736567-0040","NJ316-E-XL-TVP2-C4","192.023895","2448.3","2448.3","4896.6","4896.6"
"9318","019228619-0000","NJ317-E-XL-M1","352.03317","4488.42","4488.42","8976.84","8976.84"
"9319","019228619-0030","NJ317-E-XL-M1-C3","352.03317","4488.42","4488.42","8976.84","8976.84"
"9320","019228619-0040","NJ317-E-XL-M1-C4","407.07585000000006","5190.22","5190.22","10380.44","10380.44"
"9321","038481065-0000","NJ317-E-XL-M1-F1-T51F","469.739235","5989.18","5989.18","11978.36","11978.36"
"9322","038261030-0030","NJ317-E-XL-M1A-C3","352.03317","4488.42","4488.42","8976.84","8976.84"
"9323","016736591-0000","NJ317-E-XL-TVP2","227.995665","2906.94","2906.94","5813.88","5813.88"
"9324","016736591-0030","NJ317-E-XL-TVP2-C3","227.995665","2906.94","2906.94","5813.88","5813.88"
"9325","016736591-0040","NJ317-E-XL-TVP2-C4","236.063145","3009.81","3009.81","6019.62","6019.62"
"9326","019228708-0000","NJ318-E-XL-M1","413.93065499999994","5277.62","5277.62","10555.24","10555.24"
"9327","019228708-0030","NJ318-E-XL-M1-C3","413.93065499999994","5277.62","5277.62","10555.24","10555.24"
"9328","019228708-0040","NJ318-E-XL-M1-C4","478.623675","6102.45","6102.45","12204.9","12204.9"
"9329","038057670-0040","NJ318-E-XL-M1-F1-C4","536.15553","6835.98","6835.98","13671.96","13671.96"
"9330","038575515-0000","NJ318-E-XL-M1-F1-T51F","552.992565","7050.66","7050.66","14101.32","14101.32"
"9331","038261057-0030","NJ318-E-XL-M1A-C3","413.93065499999994","5277.62","5277.62","10555.24","10555.24"
"9332","016736605-0000","NJ318-E-XL-TVP2","255.96378","3263.54","3263.54","6527.08","6527.08"
"9333","016736605-0030","NJ318-E-XL-TVP2-C3","255.96378","3263.54","3263.54","6527.08","6527.08"
"9334","019228830-0000","NJ319-E-XL-M1","450.42579","5742.93","5742.93","11485.86","11485.86"
"9335","019228830-0030","NJ319-E-XL-M1-C3","450.42579","5742.93","5742.93","11485.86","11485.86"
"9336","019228830-0040","NJ319-E-XL-M1-C4","504.996165","6438.7","6438.7","12877.4","12877.4"
"9337","016736613-0000","NJ319-E-XL-TVP2","281.54484","3589.7","3589.7","7179.4","7179.4"
"9338","016736613-0030","NJ319-E-XL-TVP2-C3","281.54484","3589.7","3589.7","7179.4","7179.4"
"9339","016736613-0040","NJ319-E-XL-TVP2-C4","311.14687499999997","3967.12","3967.12","7934.24","7934.24"
"9340","019228902-0000","NJ320-E-XL-M1","531.17718","6772.51","6772.51","13545.02","13545.02"
"9341","019228902-0030","NJ320-E-XL-M1-C3","531.17718","6772.51","6772.51","13545.02","13545.02"
"9342","038261073-0040","NJ320-E-XL-M1-F1-C4","653.989245","8338.36","8338.36","16676.72","16676.72"
"9343","038261090-0040","NJ320-E-XL-M1A-C4","583.92216","7445.01","7445.01","14890.02","14890.02"
"9344","016736656-0000","NJ320-E-XL-TVP2","378.71202","4828.58","4828.58","9657.16","9657.16"
"9345","016736656-0030","NJ320-E-XL-TVP2-C3","378.71202","4828.58","4828.58","9657.16","9657.16"
"9346","016736672-0000","NJ321-E-XL-M1","486.21885","6199.29","6199.29","12398.58","12398.58"
"9347","016736672-0030","NJ321-E-XL-M1-C3","486.21885","6199.29","6199.29","12398.58","12398.58"
"9348","016736672-0040","NJ321-E-XL-M1-C4","562.2216599999999","7168.33","7168.33","14336.66","14336.66"
"9349","019229054-0000","NJ322-E-XL-M1","703.951455","8975.38","8975.38","17950.76","17950.76"
"9350","019229054-0030","NJ322-E-XL-M1-C3","703.951455","8975.38","8975.38","17950.76","17950.76"
"9351","019229054-0040","NJ322-E-XL-M1-C4","755.113575","9627.7","9627.7","19255.4","19255.4"
"9352","038261154-0040","NJ322-E-XL-M1-F1-C4","845.7195449999999","10782.92","10782.92","21565.84","21565.84"
"9353","038261162-0030","NJ322-E-XL-M1A-C3","703.96422","8975.54","8975.54","17951.08","17951.08"
"9354","019229151-0000","NJ322-E-XL-TVP2","486.21885","6199.29","6199.29","12398.58","12398.58"
"9355","019229151-0030","NJ322-E-XL-TVP2-C3","486.21885","6199.29","6199.29","12398.58","12398.58"
"9356","019229194-0000","NJ324-E-XL-M1","716.55051","9136.02","9136.02","18272.04","18272.04"
"9357","019229194-0030","NJ324-E-XL-M1-C3","716.55051","9136.02","9136.02","18272.04","18272.04"
"9358","019229194-0040","NJ324-E-XL-M1-C4","767.725395","9788.5","9788.5","19577","19577"
"9359","038261170-0040","NJ324-E-XL-M1-F1-C4","818.5939200000001","10437.07","10437.07","20874.14","20874.14"
"9360","019004559-0000","NJ324-E-XL-TVP2","588.606915","7504.74","7504.74","15009.48","15009.48"
"9361","019004559-0030","NJ324-E-XL-TVP2-C3","588.606915","7504.74","7504.74","15009.48","15009.48"
"9362","019229330-0000","NJ326-E-XL-M1","934.283115","11912.11","11912.11","23824.22","23824.22"
"9363","019229330-0030","NJ326-E-XL-M1-C3","934.283115","11912.11","11912.11","23824.22","23824.22"
"9364","019229330-0040","NJ326-E-XL-M1-C4","947.2523550000001","12077.47","12077.47","24154.94","24154.94"
"9365","038261197-0040","NJ326-E-XL-M1-F1-C4","1060.89915","13526.46","13526.46","27052.92","27052.92"
"9366","019229364-0000","NJ326-E-XL-TVP2","716.55051","9136.02","9136.02","18272.04","18272.04"
"9367","019229364-0030","NJ326-E-XL-TVP2-C3","716.55051","9136.02","9136.02","18272.04","18272.04"
"9368","019229364-0040","NJ326-E-XL-TVP2-C4","766.89567","9777.92","9777.92","19555.84","19555.84"
"9369","016736729-0000","NJ328-E-XL-M1","1393.7465249999998","17770.27","17770.27","35540.54","35540.54"
"9370","016736729-0030","NJ328-E-XL-M1-C3","1393.7465249999998","17770.27","17770.27","35540.54","35540.54"
"9371","016736729-0040","NJ328-E-XL-M1-C4","1412.9323200000001","18014.89","18014.89","36029.78","36029.78"
"9372","019007884-0000","NJ330-E-XL-M1","1509.9590850000002","19251.98","19251.98","38503.96","38503.96"
"9373","019007884-0030","NJ330-E-XL-M1-C3","1509.9590850000002","19251.98","19251.98","38503.96","38503.96"
"9374","019007906-0000","NJ332-E-M1","1689.103095","21536.06","21536.06","43072.12","43072.12"
"9375","019007906-0030","NJ332-E-M1-C3","1689.103095","21536.06","21536.06","43072.12","43072.12"
"9376","079960170-0030","NJ334-E-TB-M1-C3","2098.553235","26756.55","26756.55","53513.1","53513.1"
"9377","019229488-0030","NJ336-E-M1-C3","2508.054435","31977.69","31977.69","63955.38","63955.38"
"9378","038908310-0030","NJ336-E-M1A-C3","2455.65411","31309.59","31309.59","62619.18","62619.18"
"9379","080091105-0030","NJ336-E-TB-M1-C3","2455.65411","31309.59","31309.59","62619.18","62619.18"
"9380","038908344-0030","NJ340-E-M1-C3","3403.78725","43398.29","43398.29","86796.58","86796.58"
"9381","080113443-0030","NJ340-E-TB-M1-C3","3072.241905","39171.08","39171.08","78342.16","78342.16"
"9382","080121969-0030","NJ344-E-TB-M1-C3","3574.0851150000003","45569.59","45569.59","91139.18","91139.18"
"9383","080151728-0030","NJ348-E-TB-M1-C3","5169.442050000001","65910.39","65910.39","131820.78","131820.78"
"9384","080170595-0030","NJ356-E-TB-M1-C3","6764.786219999999","86251.02","86251.02","172502.04","172502.04"
"9385","084539321-0030","NJ364-E-TB-M1-C3","10012.980884999999","127665.51","127665.51","255331.02","255331.02"
"9386","038261227-0000","NJ405-XL-M","93.58021500000002","1193.15","1193.15","2386.3","2386.3"
"9387","019229623-0000","NJ406-XL-M1","98.737275","1258.9","1258.9","2517.8","2517.8"
"9388","019229623-0030","NJ406-XL-M1-C3","98.737275","1258.9","1258.9","2517.8","2517.8"
"9389","038261243-0030","NJ406-XL-M1A-C3","98.737275","1258.9","1258.9","2517.8","2517.8"
"9390","016736761-0000","NJ407-XL","80.59821","1027.63","1027.63","2055.26","2055.26"
"9391","016736761-0030","NJ407-XL-C3","80.59821","1027.63","1027.63","2055.26","2055.26"
"9392","079727506-0040","NJ407-XL-FPAX-T32-C4","201.29128500000002","2566.46","2566.46","5132.92","5132.92"
"9393","019229674-0000","NJ407-XL-M1","118.30602","1508.4","1508.4","3016.8","3016.8"
"9394","019229674-0030","NJ407-XL-M1-C3","118.30602","1508.4","1508.4","3016.8","3016.8"
"9395","038261251-0030","NJ407-XL-M1A-C3","130.088115","1658.62","1658.62","3317.24","3317.24"
"9396","038261260-0000","NJ408-XL-M1","157.660515","2010.17","2010.17","4020.34","4020.34"
"9397","038261260-0030","NJ408-XL-M1-C3","157.660515","2010.17","2010.17","4020.34","4020.34"
"9398","038261278-0030","NJ408-XL-M1A-C3","157.660515","2010.17","2010.17","4020.34","4020.34"
"9399","019229801-0000","NJ409-XL-M1","168.91924500000002","2153.72","2153.72","4307.44","4307.44"
"9400","019229801-0030","NJ409-XL-M1-C3","168.91924500000002","2153.72","2153.72","4307.44","4307.44"
"9401","019229801-0040","NJ409-XL-M1-C4","178.64617499999997","2277.74","2277.74","4555.48","4555.48"
"9402","038908387-0030","NJ409-XL-M1A-C3","168.91924500000002","2153.72","2153.72","4307.44","4307.44"
"9403","038261286-0000","NJ410-XL-M1","216.96670500000002","2766.33","2766.33","5532.66","5532.66"
"9404","038261286-0030","NJ410-XL-M1-C3","216.96670500000002","2766.33","2766.33","5532.66","5532.66"
"9405","038261294-0030","NJ410-XL-M1A-C3","216.96670500000002","2766.33","2766.33","5532.66","5532.66"
"9406","016736796-0000","NJ411-XL-M1","268.613895","3424.83","3424.83","6849.66","6849.66"
"9407","016736796-0030","NJ411-XL-M1-C3","268.613895","3424.83","3424.83","6849.66","6849.66"
"9408","038908409-0040","NJ411-XL-M1A-C4","295.2927450000001","3764.98","3764.98","7529.96","7529.96"
"9409","019229941-0000","NJ412-XL-M1","295.73952","3770.68","3770.68","7541.36","7541.36"
"9410","038261308-0030","NJ412-XL-M1A-C3","295.73952","3770.68","3770.68","7541.36","7541.36"
"9411","038908417-0000","NJ413-XL-M1","337.86402000000004","4307.77","4307.77","8615.54","8615.54"
"9412","038908417-0030","NJ413-XL-M1-C3","337.86402000000004","4307.77","4307.77","8615.54","8615.54"
"9413","019230036-0000","NJ414-XL-M1","383.92014","4894.98","4894.98","9789.96","9789.96"
"9414","019230036-0030","NJ414-XL-M1-C3","383.92014","4894.98","4894.98","9789.96","9789.96"
"9415","019230036-0040","NJ414-XL-M1-C4","422.03643","5380.96","5380.96","10761.92","10761.92"
"9416","038908425-0030","NJ414-XL-M1A-C3","383.92014","4894.98","4894.98","9789.96","9789.96"
"9417","038908476-0030","NJ415-XL-M1-C3","460.66332","5873.46","5873.46","11746.92","11746.92"
"9418","019230109-0000","NJ416-XL-M1","486.21885","6199.29","6199.29","12398.58","12398.58"
"9419","019230109-0040","NJ416-XL-M1-C4","516.739965","6588.43","6588.43","13176.86","13176.86"
"9420","016736842-0000","NJ417-XL-M1","639.83286","8157.87","8157.87","16315.74","16315.74"
"9421","016736850-0000","NJ418-XL-M1","742.1570999999999","9462.5","9462.5","18925","18925"
"9422","016736850-0030","NJ418-XL-M1-C3","742.1570999999999","9462.5","9462.5","18925","18925"
"9423","016736850-0040","NJ418-XL-M1-C4","786.7197150000001","10030.68","10030.68","20061.36","20061.36"
"9424","019230222-0000","NJ419-XL-M1","921.2245199999999","11745.61","11745.61","23491.22","23491.22"
"9425","019230222-0030","NJ419-XL-M1-C3","921.2245199999999","11745.61","11745.61","23491.22","23491.22"
"9426","019230222-0040","NJ419-XL-M1-C4","1012.711275","12912.07","12912.07","25824.14","25824.14"
"9427","038908549-0000","NJ421-XL-M1","1078.46379","13750.41","13750.41","27500.82","27500.82"
"9428","038908549-0030","NJ421-XL-M1-C3","1078.46379","13750.41","13750.41","27500.82","27500.82"
"9429","038908549-0040","NJ421-XL-M1-C4","1124.0348399999998","14331.44","14331.44","28662.88","28662.88"
"9430","019230281-0000","NJ422-XL-M1","1616.291535","20607.72","20607.72","41215.44","41215.44"
"9431","019230281-0040","NJ422-XL-M1-C4","1685.13318","21485.45","21485.45","42970.9","42970.9"
"9432","016736885-0000","NJ424-XL-M1","1791.4656300000001","22841.19","22841.19","45682.38","45682.38"
"9433","016736885-0030","NJ424-XL-M1-C3","1791.4656300000001","22841.19","22841.19","45682.38","45682.38"
"9434","016736885-0040","NJ424-XL-M1-C4","1973.9030099999998","25167.26","25167.26","50334.52","50334.52"
"2750","016738004-0030","NU 217-E-XL-TVP2 C3","96.12044999999999","1225.54","1225.54","2451.08","2451.08"
"9435","073077755-0000","NU1005-XL-M1","43.63077","556.29","556.29","1112.58","1112.58"
"9436","016737016-0000","NU1006-XL","32.040150000000004","408.51","408.51","817.02","817.02"
"9437","019234724-0000","NU1006-XL-M1","56.29365","717.74","717.74","1435.48","1435.48"
"9438","019234724-0020","NU1006-XL-M1-C2","59.67637500000001","760.87","760.87","1521.74","1521.74"
"9439","016737024-0000","NU1007-XL-M1","61.437945","783.33","783.33","1566.66","1566.66"
"9440","016737024-0030","NU1007-XL-M1-C3","61.437945","783.33","783.33","1566.66","1566.66"
"9441","016737032-0000","NU1008-XL-M1","63.212280000000014","805.96","805.96","1611.92","1611.92"
"9442","016737032-0030","NU1008-XL-M1-C3","63.212280000000014","805.96","805.96","1611.92","1611.92"
"9443","016737040-0000","NU1009-XL-M1","71.701005","914.19","914.19","1828.38","1828.38"
"9444","016737040-0030","NU1009-XL-M1-C3","71.701005","914.19","914.19","1828.38","1828.38"
"9445","016737067-0000","NU1010-XL-M1","76.807005","979.29","979.29","1958.58","1958.58"
"9446","016737067-0030","NU1010-XL-M1-C3","76.807005","979.29","979.29","1958.58","1958.58"
"9447","016737113-0000","NU1011-XL-M1","79.487655","1013.47","1013.47","2026.94","2026.94"
"9448","016737113-0030","NU1011-XL-M1-C3","79.487655","1013.47","1013.47","2026.94","2026.94"
"9449","016737121-0000","NU1012-XL-M1","93.095145","1186.96","1186.96","2373.92","2373.92"
"9450","016737121-0030","NU1012-XL-M1-C3","93.095145","1186.96","1186.96","2373.92","2373.92"
"9451","016737148-0000","NU1013-XL-M1","98.788335","1259.55","1259.55","2519.1","2519.1"
"9452","016737156-0000","NU1014-XL-M1","112.56177000000002","1435.16","1435.16","2870.32","2870.32"
"9453","016737156-0030","NU1014-XL-M1-C3","112.56177000000002","1435.16","1435.16","2870.32","2870.32"
"9454","019004656-0000","NU1015-XL-M1","118.29325500000002","1508.24","1508.24","3016.48","3016.48"
"9455","019004656-0030","NU1015-XL-M1-C3","118.29325500000002","1508.24","1508.24","3016.48","3016.48"
"9456","016737180-0000","NU1016-XL-M1","121.24197000000001","1545.84","1545.84","3091.68","3091.68"
"9457","016737180-0030","NU1016-XL-M1-C3","121.24197000000001","1545.84","1545.84","3091.68","3091.68"
"9458","016737199-0000","NU1017-XL-M1","140.88730500000003","1796.31","1796.31","3592.62","3592.62"
"9459","016737199-0030","NU1017-XL-M1-C3","140.88730500000003","1796.31","1796.31","3592.62","3592.62"
"9460","019004672-0000","NU1018-XL-M1","156.48613500000002","1995.2","1995.2","3990.4","3990.4"
"9461","019004672-0030","NU1018-XL-M1-C3","156.48613500000002","1995.2","1995.2","3990.4","3990.4"
"9462","039018636-0040","NU1018-XL-M1-F1-C4","218.983575","2792.04","2792.04","5584.08","5584.08"
"9463","019235143-0000","NU1019-XL-M1","180.177975","2297.27","2297.27","4594.54","4594.54"
"9464","019235143-0030","NU1019-XL-M1-C3","180.177975","2297.27","2297.27","4594.54","4594.54"
"9465","016737202-0000","NU1020-XL-M1","197.0916","2512.92","2512.92","5025.84","5025.84"
"9466","016737202-0030","NU1020-XL-M1-C3","197.0916","2512.92","2512.92","5025.84","5025.84"
"9467","038262550-0030","NU1020-XL-M1A-C3","197.0916","2512.92","2512.92","5025.84","5025.84"
"9468","016737210-0000","NU1021-XL-M1","209.180055","2667.05","2667.05","5334.1","5334.1"
"9469","016737210-0030","NU1021-XL-M1-C3","209.180055","2667.05","2667.05","5334.1","5334.1"
"9470","016737237-0000","NU1022-XL-M1","242.164815","3087.6","3087.6","6175.2","6175.2"
"9471","016737237-0030","NU1022-XL-M1-C3","242.164815","3087.6","3087.6","6175.2","6175.2"
"9472","038262622-0030","NU1022-XL-M1A-C3","242.164815","3087.6","3087.6","6175.2","6175.2"
"9473","078743036-0040","NU1022-XL-M1A-P5-C4","588.019725","7497.25","7497.25","14994.5","14994.5"
"9474","016737245-0000","NU1024-XL-M1","256.88286","3275.26","3275.26","6550.52","6550.52"
"9475","016737245-0030","NU1024-XL-M1-C3","256.88286","3275.26","3275.26","6550.52","6550.52"
"9476","016737245-0040","NU1024-XL-M1-C4","267.12039","3405.78","3405.78","6811.56","6811.56"
"9477","019235461-0030","NU1024-XL-M1A-C3","256.88286","3275.26","3275.26","6550.52","6550.52"
"9478","016737253-0000","NU1026-XL-M1","310.7639249999999","3962.24","3962.24","7924.48","7924.48"
"9479","016737253-0030","NU1026-XL-M1-C3","310.7639249999999","3962.24","3962.24","7924.48","7924.48"
"9480","038384523-0030","NU1026-XL-M1A-C3","310.7639249999999","3962.24","3962.24","7924.48","7924.48"
"9481","016737270-0000","NU1028-XL-M1","362.15581499999996","4617.49","4617.49","9234.98","9234.98"
"9482","016737270-0030","NU1028-XL-M1-C3","362.15581499999996","4617.49","4617.49","9234.98","9234.98"
"9483","016737270-0040","NU1028-XL-M1-C4","410.4458100000001","5233.18","5233.18","10466.36","10466.36"
"9484","019235542-0030","NU1028-XL-M1A-C3","362.15581499999996","4617.49","4617.49","9234.98","9234.98"
"9485","016737300-0000","NU1030-XL-M1","410.45857500000005","5233.35","5233.35","10466.7","10466.7"
"9486","016737300-0030","NU1030-XL-M1-C3","410.45857500000005","5233.35","5233.35","10466.7","10466.7"
"9487","016737300-0040","NU1030-XL-M1-C4","426.88713","5442.81","5442.81","10885.62","10885.62"
"9488","065315685-0040","NU1030-XL-M1-J20AA-C4","1912.9185","24389.71","24389.71","48779.42","48779.42"
"9489","016737318-0000","NU1032-XL-M1","507.05133","6464.9","6464.9","12929.8","12929.8"
"9490","016737318-0030","NU1032-XL-M1-C3","507.05133","6464.9","6464.9","12929.8","12929.8"
"9491","016737318-0040","NU1032-XL-M1-C4","527.34768","6723.68","6723.68","13447.36","13447.36"
"9492","038262673-0030","NU1032-XL-M1A-C3","507.05133","6464.9","6464.9","12929.8","12929.8"
"9493","016737326-0000","NU1034-XL-M1","603.63132","7696.3","7696.3","15392.6","15392.6"
"9494","016737326-0030","NU1034-XL-M1-C3","639.83286","8157.87","8157.87","16315.74","16315.74"
"9495","039070310-0030","NU1034-XL-M1-J20AA-C3","2867.1438749999998","36556.08","36556.08","73112.16","73112.16"
"9496","082045364-0030","NU1034-XL-M1-J20C-C3","2546.51538","32468.07","32468.07","64936.14","64936.14"
"9497","019235747-0000","NU1034-XL-M1A","639.83286","8157.87","8157.87","16315.74","16315.74"
"9498","019235747-0030","NU1034-XL-M1A-C3","639.83286","8157.87","8157.87","16315.74","16315.74"
"9499","016737342-0000","NU1036-XL-M1","708.751095","9036.58","9036.58","18073.16","18073.16"
"9500","016737342-0030","NU1036-XL-M1-C3","708.751095","9036.58","9036.58","18073.16","18073.16"
"9501","038262720-0040","NU1036-XL-M1-F1-C4","991.878795","12646.45","12646.45","25292.9","25292.9"
"9502","019235828-0000","NU1036-XL-M1A","708.751095","9036.58","9036.58","18073.16","18073.16"
"9503","019235828-0030","NU1036-XL-M1A-C3","708.751095","9036.58","9036.58","18073.16","18073.16"
"9504","038262738-0040","NU1036-XL-M1A-P5-C4","2046.4465050000001","26092.19","26092.19","52184.38","52184.38"
"9505","016737369-0000","NU1038-XL-M1","824.7083550000001","10515.03","10515.03","21030.06","21030.06"
"9506","016737369-0030","NU1038-XL-M1-C3","824.7083550000001","10515.03","10515.03","21030.06","21030.06"
"9507","019235925-0000","NU1038-XL-M1A","824.7083550000001","10515.03","10515.03","21030.06","21030.06"
"9508","016737385-0000","NU1040-XL-M1","955.1794199999999","12178.54","12178.54","24357.08","24357.08"
"9509","016737385-0030","NU1040-XL-M1-C3","955.1794199999999","12178.54","12178.54","24357.08","24357.08"
"9510","019236018-0030","NU1040-XL-M1A-C3","955.1794199999999","12178.54","12178.54","24357.08","24357.08"
"9511","016737393-0000","NU1044-M1","1228.4014799999998","15662.12","15662.12","31324.24","31324.24"
"9512","016737393-0030","NU1044-M1-C3","1228.4014799999998","15662.12","15662.12","31324.24","31324.24"
"9513","019236085-0030","NU1044-M1A-C3","1228.4014799999998","15662.12","15662.12","31324.24","31324.24"
"9514","016737415-0000","NU1048-M1","1632.82221","20818.48","20818.48","41636.96","41636.96"
"9515","016737415-0030","NU1048-M1-C3","1632.82221","20818.48","20818.48","41636.96","41636.96"
"9516","016737431-0000","NU1048-M1A","1632.82221","20818.48","20818.48","41636.96","41636.96"
"9517","016737431-0030","NU1048-M1A-C3","1632.82221","20818.48","20818.48","41636.96","41636.96"
"9518","016737458-0000","NU1052-M1","1970.60964","25125.27","25125.27","50250.54","50250.54"
"9519","016737458-0030","NU1052-M1-C3","1970.60964","25125.27","25125.27","50250.54","50250.54"
"9520","019236239-0000","NU1056-M1","2188.27842","27900.55","27900.55","55801.1","55801.1"
"9521","019236239-0030","NU1056-M1-C3","2188.27842","27900.55","27900.55","55801.1","55801.1"
"9522","019236255-0000","NU1056-M1A","2188.27842","27900.55","27900.55","55801.1","55801.1"
"9523","019236255-0030","NU1056-M1A-C3","2188.27842","27900.55","27900.55","55801.1","55801.1"
"9524","016737466-0000","NU1060-M1","3300.0333299999998","42075.42","42075.42","84150.84","84150.84"
"9525","016737466-0030","NU1060-M1-C3","3300.0333299999998","42075.42","42075.42","84150.84","84150.84"
"9526","016737482-0000","NU1064-M1","4062.1931849999996","51792.96","51792.96","103585.92","103585.92"
"9527","016737482-0030","NU1064-M1-C3","4062.1931849999996","51792.96","51792.96","103585.92","103585.92"
"9528","016737482-0040","NU1064-M1-C4","4224.7044","53864.98","53864.98","107729.96","107729.96"
"9529","019236379-0000","NU1064-M1A","4062.1931849999996","51792.96","51792.96","103585.92","103585.92"
"9530","019004680-0000","NU1068-M1","4735.78947","60381.32","60381.32","120762.64","120762.64"
"9531","019004680-0030","NU1068-M1-C3","4735.78947","60381.32","60381.32","120762.64","120762.64"
"9532","019236450-0000","NU1072-M1","5429.452334999999","69225.52","69225.52","138451.04","138451.04"
"9533","019236450-0030","NU1072-M1-C3","5429.452334999999","69225.52","69225.52","138451.04","138451.04"
"9534","019236522-0000","NU1076-M1","5943.447825000001","75778.96","75778.96","151557.92","151557.92"
"9535","019236522-0030","NU1076-M1-C3","5943.447825000001","75778.96","75778.96","151557.92","151557.92"
"9536","019236557-0000","NU1076-M1A","5943.447825000001","75778.96","75778.96","151557.92","151557.92"
"9537","019236573-0000","NU1080-M1","7500.114044999999","95626.45","95626.45","191252.9","191252.9"
"9538","019236573-0030","NU1080-M1-C3","7500.114044999999","95626.45","95626.45","191252.9","191252.9"
"9539","081490577-0000","NU1080-TB-M1","7500.114044999999","95626.45","95626.45","191252.9","191252.9"
"9540","081490577-0030","NU1080-TB-M1-C3","7500.114044999999","95626.45","95626.45","191252.9","191252.9"
"9541","084093463-0030","NU1080-TB-MPAX-J30PC-C3","8700.279344999999","110928.56","110928.56","221857.12","221857.12"
"9542","019236646-0030","NU1084-M1-C3","8395.144784999999","107038.1","107038.1","214076.2","214076.2"
"9543","081505892-0000","NU1084-TB-M1","8395.144784999999","107038.1","107038.1","214076.2","214076.2"
"9544","081505892-0030","NU1084-TB-M1-C3","8395.144784999999","107038.1","107038.1","214076.2","214076.2"
"9545","019236697-0030","NU1088-M1A-C3","8993.236095","114663.76","114663.76","229327.52","229327.52"
"9546","082054398-0000","NU1088-TB-MPAX-J30PC","9654.424799999999","123093.92","123093.92","246187.84","246187.84"
"9547","081511876-0030","NU1092-TB-M1-C3","8610.19674","109780.01","109780.01","219560.02","219560.02"
"9548","081531613-0030","NU1096-TB-M1-C3","9938.331165","126713.72","126713.72","253427.44","253427.44"
"9549","038909588-0030","NU1996-M1-C3","8570.906069999999","109279.05","109279.05","218558.1","218558.1"
"9550","019237618-0030","NU1996-M1A-C3","8570.906069999999","109279.05","109279.05","218558.1","218558.1"
"9551","019004702-0000","NU202-E-XL-M1A","40.89906","521.46","521.46","1042.92","1042.92"
"9552","019004702-0030","NU202-E-XL-M1A-C3","40.89906","521.46","521.46","1042.92","1042.92"
"9553","016737539-0000","NU202-E-XL-TVP2","18.496485","235.83","235.83","471.66","471.66"
"9554","016737539-0030","NU202-E-XL-TVP2-C3","18.496485","235.83","235.83","471.66","471.66"
"9555","038726327-0000","NU203-E-XL-M1A","43.949895","560.36","560.36","1120.72","1120.72"
"9556","038671271-0030","NU203-E-XL-M1A-S1-C3","47.792159999999996","609.35","609.35","1218.7","1218.7"
"9557","016737555-0000","NU203-E-XL-TVP2","18.904965","241.04","241.04","482.08","482.08"
"9558","016737555-0030","NU203-E-XL-TVP2-C3","18.904965","241.04","241.04","482.08","482.08"
"9559","038048337-0030","NU2030-E-XL-M1-C3","766.81908","9776.94","9776.94","19553.88","19553.88"
"9560","038909596-0030","NU2032-E-XL-M1A-C3","998.4655350000003","12730.44","12730.44","25460.88","25460.88"
"9561","073816299-0030","NU2032-E-XL-MPAX-C3","1031.322645","13149.36","13149.36","26298.72","26298.72"
"9562","038262770-0030","NU2034-E-XL-M1-C3","1073.5365","13687.59","13687.59","27375.18","27375.18"
"9563","039285430-0030","NU2034-E-XL-M1A-C3","1073.5365","13687.59","13687.59","27375.18","27375.18"
"9564","038048345-0030","NU2038-E-XL-M1-C3","1500.181095","19127.31","19127.31","38254.62","38254.62"
"9565","019238010-0000","NU204-E-XL-M1A","45.979530000000004","586.24","586.24","1172.48","1172.48"
"9566","019238010-0030","NU204-E-XL-M1A-C3","45.979530000000004","586.24","586.24","1172.48","1172.48"
"9567","016737563-0000","NU204-E-XL-TVP2","19.287915","245.92","245.92","491.84","491.84"
"9568","016737563-0030","NU204-E-XL-TVP2-C3","19.287915","245.92","245.92","491.84","491.84"
"9569","063219913-0030","NU2040-E-XL-M1A-C3","2406.572685","30683.8","30683.8","61367.6","61367.6"
"9570","077865944-4030","NU2040-E-XL-MPAX-P5-R168-195NA","8466.603255","107949.19","107949.19","215898.38","215898.38"
"9571","019238150-0000","NU205-E-XL-M1","46.043355","587.05","587.05","1174.1","1174.1"
"9572","019238150-0030","NU205-E-XL-M1-C3","46.043355","587.05","587.05","1174.1","1174.1"
"9573","038454718-0040","NU205-E-XL-M1A-C4","47.907045000000004","610.81","610.81","1221.62","1221.62"
"9574","016737580-0000","NU205-E-XL-TVP2","20.679299999999998","263.66","263.66","527.32","527.32"
"9575","016737580-0030","NU205-E-XL-TVP2-C3","20.679299999999998","263.66","263.66","527.32","527.32"
"9576","016737580-0040","NU205-E-XL-TVP2-C4","21.49626","274.08","274.08","548.16","548.16"
"9577","019238290-0000","NU206-E-XL-JP1","35.30799","450.18","450.18","900.36","900.36"
"9578","019238290-0030","NU206-E-XL-JP1-C3","35.30799","450.18","450.18","900.36","900.36"
"9579","038454742-0000","NU206-E-XL-K-TVP2","28.963785","369.29","369.29","738.58","738.58"
"9580","038454742-0030","NU206-E-XL-K-TVP2-C3","28.963785","369.29","369.29","738.58","738.58"
"9581","019238312-0000","NU206-E-XL-M1","51.20041499999999","652.81","652.81","1305.62","1305.62"
"9582","019238312-0030","NU206-E-XL-M1-C3","51.20041499999999","652.81","652.81","1305.62","1305.62"
"9583","038454734-0030","NU206-E-XL-M1A-C3","51.20041499999999","652.81","652.81","1305.62","1305.62"
"9584","016737601-0000","NU206-E-XL-TVP2","24.17691","308.26","308.26","616.52","616.52"
"9585","016737601-0030","NU206-E-XL-TVP2-C3","24.17691","308.26","308.26","616.52","616.52"
"9586","019238444-0030","NU207-E-XL-JP1-C3","38.971545","496.89","496.89","993.78","993.78"
"9587","038995948-0000","NU207-E-XL-JP3","38.971545","496.89","496.89","993.78","993.78"
"9588","019238592-0000","NU207-E-XL-K-TVP2","31.491255000000002","401.51","401.51","803.02","803.02"
"9589","019238592-0030","NU207-E-XL-K-TVP2-C3","31.491255000000002","401.51","401.51","803.02","803.02"
"9590","019238487-0000","NU207-E-XL-M1","61.948545","789.84","789.84","1579.68","1579.68"
"9591","019238487-0030","NU207-E-XL-M1-C3","61.948545","789.84","789.84","1579.68","1579.68"
"9592","038262797-0030","NU207-E-XL-M1A-C3","61.948545","789.84","789.84","1579.68","1579.68"
"9593","016737644-0000","NU207-E-XL-TVP2","28.963785","369.29","369.29","738.58","738.58"
"9594","016737644-0030","NU207-E-XL-TVP2-C3","28.963785","369.29","369.29","738.58","738.58"
"9595","019238410-0030","NU2072-E-M1A-C3","9043.811025","115308.59","115308.59","230617.18","230617.18"
"9596","039285545-0000","NU208-E-XL-JP3","39.303435","501.12","501.12","1002.24","1002.24"
"9597","039285545-0030","NU208-E-XL-JP3-C3","39.303435","501.12","501.12","1002.24","1002.24"
"9598","038262827-0000","NU208-E-XL-K-TVP2","38.49924000000001","490.87","490.87","981.74","981.74"
"9599","038262827-0030","NU208-E-XL-K-TVP2-C3","38.49924000000001","490.87","490.87","981.74","981.74"
"9600","016737679-0000","NU208-E-XL-M1","70.51386000000001","899.05","899.05","1798.1","1798.1"
"9601","016737679-0030","NU208-E-XL-M1-C3","70.51386000000001","899.05","899.05","1798.1","1798.1"
"9602","038262800-0030","NU208-E-XL-M1A-C3","70.51386000000001","899.05","899.05","1798.1","1798.1"
"9603","016737695-0000","NU208-E-XL-TVP2","31.491255000000002","401.51","401.51","803.02","803.02"
"9604","016737695-0030","NU208-E-XL-TVP2-C3","31.491255000000002","401.51","401.51","803.02","803.02"
"9605","016737695-0040","NU208-E-XL-TVP2-C4","32.742225","417.46","417.46","834.92","834.92"
"9606","019238770-0000","NU209-E-XL-JP1","40.89906","521.46","521.46","1042.92","1042.92"
"9607","019238770-0030","NU209-E-XL-JP1-C3","45.44340000000001","579.4","579.4","1158.8","1158.8"
"9608","066815517-0000","NU209-E-XL-JP3","40.89906","521.46","521.46","1042.92","1042.92"
"9609","066815517-0030","NU209-E-XL-JP3-C3","40.89906","521.46","521.46","1042.92","1042.92"
"9610","038262860-0030","NU209-E-XL-K-TVP2-C3","46.068885","587.38","587.38","1174.76","1174.76"
"9611","019238797-0000","NU209-E-XL-M1","78.87493500000001","1005.66","1005.66","2011.32","2011.32"
"9612","019238797-0030","NU209-E-XL-M1-C3","78.87493500000001","1005.66","1005.66","2011.32","2011.32"
"9613","038909766-0030","NU209-E-XL-M1-S1-C3","83.30438999999998","1062.13","1062.13","2124.26","2124.26"
"9614","038909774-0030","NU209-E-XL-M1A-C3","78.87493500000001","1005.66","1005.66","2011.32","2011.32"
"9615","019238851-0000","NU209-E-XL-N-TVP2","45.060449999999996","574.52","574.52","1149.04","1149.04"
"9616","016737725-0000","NU209-E-XL-TVP2","37.414215000000006","477.03","477.03","954.06","954.06"
"9617","016737725-0030","NU209-E-XL-TVP2-C3","37.414215000000006","477.03","477.03","954.06","954.06"
"9618","093522169-0000","NU209-E-XL-TVP2>A","37.414215000000006","477.03","477.03","954.06","954.06"
"9619","039285588-0030","NU210-E-XL-JP3-C3","54.40443","693.66","693.66","1387.32","1387.32"
"9620","038262886-0030","NU210-E-XL-K-TVP2-C3","46.783725000000004","596.49","596.49","1192.98","1192.98"
"9621","019007957-0000","NU210-E-XL-M1","78.87493500000001","1005.66","1005.66","2011.32","2011.32"
"9622","019007957-0030","NU210-E-XL-M1-C3","78.87493500000001","1005.66","1005.66","2011.32","2011.32"
"9623","039042600-4033","NU210-E-XL-M1-F1-J20AA-R65-80NA","257.72812500000003","3286.03","3286.03","6572.06","6572.06"
"9624","038582635-0000","NU210-E-XL-M1-S1","118.74002999999999","1513.94","1513.94","3027.88","3027.88"
"9625","016737750-0000","NU210-E-XL-TVP2","39.21408","499.98","499.98","999.96","999.96"
"9626","016737750-0030","NU210-E-XL-TVP2-C3","39.21408","499.98","499.98","999.96","999.96"
"9627","039296776-0000","NU211-E-XL-JP3","64.25901000000002","819.3","819.3","1638.6","1638.6"
"9628","039296776-0030","NU211-E-XL-JP3-C3","64.25901000000002","819.3","819.3","1638.6","1638.6"
"9629","038262924-0030","NU211-E-XL-K-TVP2-C3","44.588145000000004","568.5","568.5","1137","1137"
"9630","019007973-0000","NU211-E-XL-M1","93.095145","1186.96","1186.96","2373.92","2373.92"
"9631","019007973-0030","NU211-E-XL-M1-C3","93.095145","1186.96","1186.96","2373.92","2373.92"
"9632","019007973-0040","NU211-E-XL-M1-C4","99.23511","1265.25","1265.25","2530.5","2530.5"
"9633","016737814-0000","NU211-E-XL-TVP2","44.588145000000004","568.5","568.5","1137","1137"
"9634","016737814-0030","NU211-E-XL-TVP2-C3","44.588145000000004","568.5","568.5","1137","1137"
"9635","078333130-0000","NU212-E-XL-JP3","74.70078000000001","952.43","952.43","1904.86","1904.86"
"9636","016737822-0000","NU212-E-XL-M1","108.259965","1380.31","1380.31","2760.62","2760.62"
"9637","016737822-0030","NU212-E-XL-M1-C3","108.259965","1380.31","1380.31","2760.62","2760.62"
"9638","016737822-0040","NU212-E-XL-M1-C4","112.5873","1435.49","1435.49","2870.98","2870.98"
"9639","039020002-0040","NU212-E-XL-M1-F1-J20AA-C4","286.79625000000004","3656.65","3656.65","7313.3","7313.3"
"9640","038262932-0030","NU212-E-XL-M1A-C3","108.259965","1380.31","1380.31","2760.62","2760.62"
"9641","016737830-0000","NU212-E-XL-TVP2","53.115165","677.22","677.22","1354.44","1354.44"
"9642","016737830-0030","NU212-E-XL-TVP2-C3","53.115165","677.22","677.22","1354.44","1354.44"
"9643","019239319-0000","NU213-E-XL-JP1","81.64494000000002","1040.97","1040.97","2081.94","2081.94"
"9644","039059014-0000","NU213-E-XL-JP3","81.64494000000002","1040.97","1040.97","2081.94","2081.94"
"9645","039059014-0030","NU213-E-XL-JP3-C3","81.64494000000002","1040.97","1040.97","2081.94","2081.94"
"9646","038263009-0030","NU213-E-XL-K-TVP2-C3","66.53117999999999","848.27","848.27","1696.54","1696.54"
"9647","016737849-0000","NU213-E-XL-M1","118.29325500000002","1508.24","1508.24","3016.48","3016.48"
"9648","016737849-0030","NU213-E-XL-M1-C3","118.29325500000002","1508.24","1508.24","3016.48","3016.48"
"9649","016737849-0040","NU213-E-XL-M1-C4","118.29325500000002","1508.24","1508.24","3016.48","3016.48"
"9650","038262959-0040","NU213-E-XL-M1-F1-C4","168.77883","2151.93","2151.93","4303.86","4303.86"
"9651","060559632-0040","NU213-E-XL-M1-F1-J20AA-C4","472.5825000000001","6025.43","6025.43","12050.86","12050.86"
"9652","038262975-0030","NU213-E-XL-M1A-C3","118.29325500000002","1508.24","1508.24","3016.48","3016.48"
"9653","038262967-0030","NU213-E-XL-M1A-P5-S1-C3","300.00303","3825.04","3825.04","7650.08","7650.08"
"9654","016737873-0000","NU213-E-XL-TVP2","62.77827","800.42","800.42","1600.84","1600.84"
"9655","016737873-0030","NU213-E-XL-TVP2-C3","62.77827","800.42","800.42","1600.84","1600.84"
"9656","093329920-0030","NU213-E-XL-TVP2-C3>A","62.77827","800.42","800.42","1600.84","1600.84"
"9657","039059073-0000","NU214-E-XL-JP3","80.54715","1026.98","1026.98","2053.96","2053.96"
"9658","016737890-0000","NU214-E-XL-M1","132.462405","1688.9","1688.9","3377.8","3377.8"
"9659","016737890-0030","NU214-E-XL-M1-C3","132.462405","1688.9","1688.9","3377.8","3377.8"
"9660","016737890-0040","NU214-E-XL-M1-C4","141.20643000000004","1800.38","1800.38","3600.76","3600.76"
"9661","038263033-0000","NU214-E-XL-M1-F1","145.57206","1856.04","1856.04","3712.08","3712.08"
"9662","038263033-0040","NU214-E-XL-M1-F1-C4","161.107065","2054.12","2054.12","4108.24","4108.24"
"9663","039042790-0040","NU214-E-XL-M1-F1-J20AA-C4","361.92937500000005","4614.6","4614.6","9229.2","9229.2"
"9664","038480174-0000","NU214-E-XL-M1-F1-T51F","161.107065","2054.12","2054.12","4108.24","4108.24"
"9665","016737911-0000","NU214-E-XL-TVP2","65.34403499999999","833.14","833.14","1666.28","1666.28"
"9666","016737911-0030","NU214-E-XL-TVP2-C3","65.34403499999999","833.14","833.14","1666.28","1666.28"
"9667","019008066-0000","NU215-E-XL-M1","137.542875","1753.67","1753.67","3507.34","3507.34"
"9668","019008066-0030","NU215-E-XL-M1-C3","137.542875","1753.67","1753.67","3507.34","3507.34"
"9669","019008066-0040","NU215-E-XL-M1-C4","143.057355","1823.98","1823.98","3647.96","3647.96"
"9670","038263092-0040","NU215-E-XL-M1-F1-C4","172.697685","2201.9","2201.9","4403.8","4403.8"
"9671","070040141-0040","NU215-E-XL-M1-F1-H257A-J20B-C4","512.1700950000001","6530.17","6530.17","13060.34","13060.34"
"9672","039020363-0040","NU215-E-XL-M1-F1-J20AA-C4","422.5631250000001","5387.68","5387.68","10775.36","10775.36"
"9673","016737946-0000","NU215-E-XL-TVP2","70.220265","895.31","895.31","1790.62","1790.62"
"9674","016737946-0030","NU215-E-XL-TVP2-C3","70.220265","895.31","895.31","1790.62","1790.62"
"9675","070690804-0000","NU216-E-XL-JP3","110.12365499999999","1404.08","1404.08","2808.16","2808.16"
"9676","019008090-0000","NU216-E-XL-M1","141.66597000000002","1806.24","1806.24","3612.48","3612.48"
"9677","019008090-0030","NU216-E-XL-M1-C3","141.66597000000002","1806.24","1806.24","3612.48","3612.48"
"9678","039043134-0040","NU216-E-XL-M1-F1-J20AA-C4","431.7345000000001","5504.61","5504.61","11009.22","11009.22"
"9679","019008104-0030","NU216-E-XL-M1A-C3","142.444635","1816.17","1816.17","3632.34","3632.34"
"9680","016737989-0000","NU216-E-XL-TVP2","84.70854","1080.03","1080.03","2160.06","2160.06"
"9681","016737989-0030","NU216-E-XL-TVP2-C3","84.70854","1080.03","1080.03","2160.06","2160.06"
"9682","019008120-0000","NU217-E-XL-M1","176.36123999999998","2248.61","2248.61","4497.22","4497.22"
"9683","019008120-0030","NU217-E-XL-M1-C3","176.36123999999998","2248.61","2248.61","4497.22","4497.22"
"9684","019008120-0040","NU217-E-XL-M1-C4","195.90445499999998","2497.78","2497.78","4995.56","4995.56"
"9685","061508357-0030","NU217-E-XL-M1-J20AA-C3","677.5440000000002","8638.69","8638.69","17277.38","17277.38"
"9686","019008120-4031","NU217-E-XL-M1-R124-173","278.277","3548.03","3548.03","7096.06","7096.06"
"9687","038263173-0030","NU217-E-XL-M1A-C3","176.36123999999998","2248.61","2248.61","4497.22","4497.22"
"9688","016738004-0000","NU217-E-XL-TVP2","96.12044999999999","1225.54","1225.54","2451.08","2451.08"
"9689","039020509-0030","NU217-E-XL-TVP2-F1-C3","149.12072999999998","1901.29","1901.29","3802.58","3802.58"
"9690","016738020-0000","NU218-E-XL-M1","228.22543499999998","2909.87","2909.87","5819.74","5819.74"
"9691","016738020-0030","NU218-E-XL-M1-C3","228.22543499999998","2909.87","2909.87","5819.74","5819.74"
"9692","016738020-0040","NU218-E-XL-M1-C4","237.365175","3026.41","3026.41","6052.82","6052.82"
"9693","039020525-0030","NU218-E-XL-M1-F1-J20AA-C3","760.5303749999999","9696.76","9696.76","19393.52","19393.52"
"9694","019240449-0030","NU218-E-XL-M1A-C3","228.22543499999998","2909.87","2909.87","5819.74","5819.74"
"9695","016738047-0000","NU218-E-XL-TVP2","115.88067","1477.48","1477.48","2954.96","2954.96"
"9696","016738047-0030","NU218-E-XL-TVP2-C3","115.88067","1477.48","1477.48","2954.96","2954.96"
"9697","019008147-0000","NU219-E-XL-M1","236.675865","3017.62","3017.62","6035.24","6035.24"
"9698","019008147-0030","NU219-E-XL-M1-C3","236.675865","3017.62","3017.62","6035.24","6035.24"
"9699","019008147-0040","NU219-E-XL-M1-C4","260.35494","3319.53","3319.53","6639.06","6639.06"
"9700","038263211-0030","NU219-E-XL-M1-F1-C3","241.39891500000002","3077.84","3077.84","6155.68","6155.68"
"9701","054677041-0030","NU219-E-XL-M1-F1-J20AA-C3","668.7750000000001","8526.88","8526.88","17053.76","17053.76"
"9702","097508942-0030","NU219-E-XL-M1-P5-F1-C3","241.93504500000003","3084.67","3084.67","6169.34","6169.34"
"9703","038263220-0030","NU219-E-XL-M1-P6-F1-C3","242.496705","3091.83","3091.83","6183.66","6183.66"
"9704","038263238-0030","NU219-E-XL-M1A-C3","236.675865","3017.62","3017.62","6035.24","6035.24"
"9705","016738080-0000","NU219-E-XL-TVP2","137.81094","1757.09","1757.09","3514.18","3514.18"
"9706","016738080-0030","NU219-E-XL-TVP2-C3","137.81094","1757.09","1757.09","3514.18","3514.18"
"9707","016738233-0000","NU220-E-XL-M1","282.400095","3600.6","3600.6","7201.2","7201.2"
"9708","016738233-0030","NU220-E-XL-M1-C3","282.400095","3600.6","3600.6","7201.2","7201.2"
"9709","016738233-0040","NU220-E-XL-M1-C4","293.65882500000004","3744.15","3744.15","7488.3","7488.3"
"9710","067441106-0030","NU220-E-XL-M1-J20AA-C3","1037.739","13231.17","13231.17","26462.34","26462.34"
"9711","038263246-0030","NU220-E-XL-M1A-C3","282.400095","3600.6","3600.6","7201.2","7201.2"
"9712","016738250-0000","NU220-E-XL-TVP2","164.20896","2093.66","2093.66","4187.32","4187.32"
"9713","016738250-0030","NU220-E-XL-TVP2-C3","164.20896","2093.66","2093.66","4187.32","4187.32"
"9714","016738101-0000","NU2203-E-XL-TVP2","23.18124","295.56","295.56","591.12","591.12"
"9715","016738101-0030","NU2203-E-XL-TVP2-C3","23.18124","295.56","295.56","591.12","591.12"
"9716","016738110-0000","NU2204-E-XL-TVP2","24.802395","316.23","316.23","632.46","632.46"
"9717","016738110-0030","NU2204-E-XL-TVP2-C3","24.802395","316.23","316.23","632.46","632.46"
"9718","019240791-0000","NU2205-E-XL-M1","61.948545","789.84","789.84","1579.68","1579.68"
"9719","019240791-0030","NU2205-E-XL-M1-C3","61.948545","789.84","789.84","1579.68","1579.68"
"9720","016738128-0000","NU2205-E-XL-TVP2","24.215204999999997","308.74","308.74","617.48","617.48"
"9721","016738128-0030","NU2205-E-XL-TVP2-C3","24.215204999999997","308.74","308.74","617.48","617.48"
"9722","019008198-0000","NU2206-E-XL-M1","64.8462","826.79","826.79","1653.58","1653.58"
"9723","019008198-0030","NU2206-E-XL-M1-C3","64.8462","826.79","826.79","1653.58","1653.58"
"9724","019008198-0040","NU2206-E-XL-M1-C4","69.199065","882.29","882.29","1764.58","1764.58"
"9725","038454777-0030","NU2206-E-XL-M1A-C3","64.8462","826.79","826.79","1653.58","1653.58"
"9726","038454777-0040","NU2206-E-XL-M1A-C4","69.199065","882.29","882.29","1764.58","1764.58"
"9727","016738144-0000","NU2206-E-XL-TVP2","29.18079","372.06","372.06","744.12","744.12"
"9728","016738144-0030","NU2206-E-XL-TVP2-C3","29.18079","372.06","372.06","744.12","744.12"
"9729","016738144-0040","NU2206-E-XL-TVP2-C4","30.342405000000003","386.87","386.87","773.74","773.74"
"9730","019008228-0000","NU2207-E-XL-M1","58.987065","752.09","752.09","1504.18","1504.18"
"9731","019008228-0030","NU2207-E-XL-M1-C3","58.987065","752.09","752.09","1504.18","1504.18"
"9732","038263270-0030","NU2207-E-XL-M1A-C3","58.987065","752.09","752.09","1504.18","1504.18"
"9733","016738160-0000","NU2207-E-XL-TVP2","33.840015","431.46","431.46","862.92","862.92"
"9734","016738160-0030","NU2207-E-XL-TVP2-C3","33.840015","431.46","431.46","862.92","862.92"
"9735","016738179-0000","NU2208-E-XL-M1","69.23736","882.78","882.78","1765.56","1765.56"
"9736","016738179-0030","NU2208-E-XL-M1-C3","69.23736","882.78","882.78","1765.56","1765.56"
"9737","016738195-0000","NU2208-E-XL-TVP2","38.563065","491.68","491.68","983.36","983.36"
"9738","016738195-0030","NU2208-E-XL-TVP2-C3","38.563065","491.68","491.68","983.36","983.36"
"9739","016738195-0040","NU2208-E-XL-TVP2-C4","48.417645","617.32","617.32","1234.64","1234.64"
"9740","038263289-0030","NU2209-E-XL-JP1-C3","53.79171","685.84","685.84","1371.68","1371.68"
"9741","061104388-0030","NU2209-E-XL-JP3-C3","53.79171","685.84","685.84","1371.68","1371.68"
"9742","038523744-0000","NU2209-E-XL-M1","77.98138499999999","994.26","994.26","1988.52","1988.52"
"9743","038523744-0030","NU2209-E-XL-M1-C3","77.98138499999999","994.26","994.26","1988.52","1988.52"
"9744","016738225-0000","NU2209-E-XL-TVP2","43.439295","553.85","553.85","1107.7","1107.7"
"9745","016738225-0030","NU2209-E-XL-TVP2-C3","43.439295","553.85","553.85","1107.7","1107.7"
"9746","019241976-0000","NU221-E-XL-M1","286.62530999999996","3654.47","3654.47","7308.94","7308.94"
"9747","019241976-0030","NU221-E-XL-M1-C3","286.62530999999996","3654.47","3654.47","7308.94","7308.94"
"9748","019241976-0040","NU221-E-XL-M1-C4","298.08828000000005","3800.63","3800.63","7601.26","7601.26"
"9749","082168229-0030","NU221-E-XL-M1-J20AA-C3","1053.403875","13430.9","13430.9","26861.8","26861.8"
"9750","019242077-0000","NU221-E-XL-TVP2","204.80166000000003","2611.22","2611.22","5222.44","5222.44"
"9751","019242077-0030","NU221-E-XL-TVP2-C3","204.80166000000003","2611.22","2611.22","5222.44","5222.44"
"9752","039285979-0030","NU2210-E-XL-JP3-C3","77.66226000000002","990.19","990.19","1980.38","1980.38"
"9753","019008287-0000","NU2210-E-XL-M1","112.56177000000002","1435.16","1435.16","2870.32","2870.32"
"9754","019008287-0030","NU2210-E-XL-M1-C3","112.56177000000002","1435.16","1435.16","2870.32","2870.32"
"9755","038263335-0030","NU2210-E-XL-M1A-C3","112.56177000000002","1435.16","1435.16","2870.32","2870.32"
"9756","016738284-0000","NU2210-E-XL-TVP2","48.31552500000001","616.02","616.02","1232.04","1232.04"
"9757","016738284-0030","NU2210-E-XL-TVP2-C3","48.31552500000001","616.02","616.02","1232.04","1232.04"
"9758","019008309-0000","NU2211-E-XL-M1","99.97547999999999","1274.69","1274.69","2549.38","2549.38"
"9759","019008309-0030","NU2211-E-XL-M1-C3","99.97547999999999","1274.69","1274.69","2549.38","2549.38"
"9760","093331193-0030","NU2211-E-XL-M1-C3>A","99.97547999999999","1274.69","1274.69","2549.38","2549.38"
"9761","016738292-0000","NU2211-E-XL-TVP2","55.62987","709.28","709.28","1418.56","1418.56"
"9762","016738292-0030","NU2211-E-XL-TVP2-C3","55.62987","709.28","709.28","1418.56","1418.56"
"9763","093330014-0030","NU2211-E-XL-TVP2-C3>A","55.62987","709.28","709.28","1418.56","1418.56"
"9764","039058999-0000","NU2212-E-XL-JP3","92.01012","1173.13","1173.13","2346.26","2346.26"
"9765","039058999-0030","NU2212-E-XL-JP3-C3","92.01012","1173.13","1173.13","2346.26","2346.26"
"9766","019008325-0000","NU2212-E-XL-M1","126.85856999999999","1617.45","1617.45","3234.9","3234.9"
"9767","019008325-0030","NU2212-E-XL-M1-C3","126.85856999999999","1617.45","1617.45","3234.9","3234.9"
"9768","019008325-0040","NU2212-E-XL-M1-C4","131.91351","1681.9","1681.9","3363.8","3363.8"
"9769","038263351-0030","NU2212-E-XL-M1A-C3","126.85856999999999","1617.45","1617.45","3234.9","3234.9"
"9770","038263351-0040","NU2212-E-XL-M1A-C4","131.92627499999998","1682.06","1682.06","3364.12","3364.12"
"9771","016738330-0000","NU2212-E-XL-TVP2","65.34403499999999","833.14","833.14","1666.28","1666.28"
"9772","016738330-0030","NU2212-E-XL-TVP2-C3","65.34403499999999","833.14","833.14","1666.28","1666.28"
"9773","019008333-0000","NU2213-E-XL-M1","133.08789000000002","1696.87","1696.87","3393.74","3393.74"
"9774","019008333-0030","NU2213-E-XL-M1-C3","133.08789000000002","1696.87","1696.87","3393.74","3393.74"
"9775","016738357-0000","NU2213-E-XL-TVP2","74.95608","955.69","955.69","1911.38","1911.38"
"9776","016738357-0030","NU2213-E-XL-TVP2-C3","74.95608","955.69","955.69","1911.38","1911.38"
"9777","016738357-0040","NU2213-E-XL-TVP2-C4","79.50042000000002","1013.63","1013.63","2027.26","2027.26"
"9778","016738373-0000","NU2214-E-XL-M1","158.66895","2023.03","2023.03","4046.06","4046.06"
"9779","016738373-0030","NU2214-E-XL-M1-C3","158.66895","2023.03","2023.03","4046.06","4046.06"
"9780","016738381-0000","NU2214-E-XL-TVP2","84.70854","1080.03","1080.03","2160.06","2160.06"
"9781","016738381-0030","NU2214-E-XL-TVP2-C3","84.70854","1080.03","1080.03","2160.06","2160.06"
"9782","019241607-0000","NU2215-E-XL-M1","188.756055","2406.64","2406.64","4813.28","4813.28"
"9783","019241607-0030","NU2215-E-XL-M1-C3","188.756055","2406.64","2406.64","4813.28","4813.28"
"9784","038263378-0040","NU2215-E-XL-M1A-C4","196.30017","2502.83","2502.83","5005.66","5005.66"
"9785","016738403-0000","NU2215-E-XL-TVP2","91.75482000000001","1169.87","1169.87","2339.74","2339.74"
"9786","016738403-0030","NU2215-E-XL-TVP2-C3","91.75482000000001","1169.87","1169.87","2339.74","2339.74"
"9787","016738420-0000","NU2216-E-XL-M1","214.93706999999998","2740.45","2740.45","5480.9","5480.9"
"9788","016738420-0030","NU2216-E-XL-M1-C3","214.93706999999998","2740.45","2740.45","5480.9","5480.9"
"9789","016738420-0040","NU2216-E-XL-M1-C4","251.942805","3212.27","3212.27","6424.54","6424.54"
"9790","038910497-0030","NU2216-E-XL-M1A-P6-C3","217.349655","2771.21","2771.21","5542.42","5542.42"
"9791","016738462-0000","NU2216-E-XL-TVP2","108.78333000000002","1386.99","1386.99","2773.98","2773.98"
"9792","016738462-0030","NU2216-E-XL-TVP2-C3","108.78333000000002","1386.99","1386.99","2773.98","2773.98"
"9793","039020851-0020","NU2216-E-XL-TVP2-P5-N12B-C2","202.925205","2587.3","2587.3","5174.6","5174.6"
"9794","016738489-0000","NU2217-E-XL-M1","230.369955","2937.22","2937.22","5874.44","5874.44"
"9795","016738489-0030","NU2217-E-XL-M1-C3","230.369955","2937.22","2937.22","5874.44","5874.44"
"9796","038263416-0030","NU2217-E-XL-M1-F1-C3","322.38007500000003","4110.35","4110.35","8220.7","8220.7"
"9797","038263424-0030","NU2217-E-XL-M1A-C3","230.369955","2937.22","2937.22","5874.44","5874.44"
"9798","016738500-0000","NU2217-E-XL-TVP2","128.122305","1633.56","1633.56","3267.12","3267.12"
"9799","016738500-0030","NU2217-E-XL-TVP2-C3","128.122305","1633.56","1633.56","3267.12","3267.12"
"9800","039020886-0020","NU2217-E-XL-TVP2-P5-N12B-C2","276.92391000000003","3530.78","3530.78","7061.56","7061.56"
"9801","016738519-0000","NU2218-E-XL-M1","263.763195","3362.98","3362.98","6725.96","6725.96"
"9802","016738519-0030","NU2218-E-XL-M1-C3","263.763195","3362.98","3362.98","6725.96","6725.96"
"9803","016738527-0000","NU2218-E-XL-TVP2","149.70792","1908.78","1908.78","3817.56","3817.56"
"9804","016738527-0030","NU2218-E-XL-TVP2-C3","149.70792","1908.78","1908.78","3817.56","3817.56"
"9805","019241941-0000","NU2219-E-XL-M1","281.557605","3589.86","3589.86","7179.72","7179.72"
"9806","019241941-0030","NU2219-E-XL-M1-C3","281.557605","3589.86","3589.86","7179.72","7179.72"
"9807","016738543-0000","NU2219-E-XL-TVP2","186.31794000000005","2375.55","2375.55","4751.1","4751.1"
"9808","016738543-0030","NU2219-E-XL-TVP2-C3","186.31794000000005","2375.55","2375.55","4751.1","4751.1"
"9809","016738705-0000","NU222-E-XL-M1","371.2189650000001","4733.04","4733.04","9466.08","9466.08"
"9810","016738705-0030","NU222-E-XL-M1-C3","371.2189650000001","4733.04","4733.04","9466.08","9466.08"
"9811","016738705-0040","NU222-E-XL-M1-C4","386.06466","4922.32","4922.32","9844.64","9844.64"
"9812","061987034-0030","NU222-E-XL-M1-F1-J20AA-C3","573.7173750000001","7314.9","7314.9","14629.8","14629.8"
"9813","038263491-0030","NU222-E-XL-M1A-C3","371.2189650000001","4733.04","4733.04","9466.08","9466.08"
"9814","038263483-0030","NU222-E-XL-MPA-C3","371.2189650000001","4733.04","4733.04","9466.08","9466.08"
"9815","016738721-0000","NU222-E-XL-TVP2","202.75926","2585.18","2585.18","5170.36","5170.36"
"9816","016738721-0030","NU222-E-XL-TVP2-C3","202.75926","2585.18","2585.18","5170.36","5170.36"
"9817","016738578-0000","NU2220-E-XL-M1","341.578635","4355.13","4355.13","8710.26","8710.26"
"9818","016738578-0030","NU2220-E-XL-M1-C3","341.578635","4355.13","4355.13","8710.26","8710.26"
"9819","069849943-0030","NU2220-E-XL-MPAX-C3","341.578635","4355.13","4355.13","8710.26","8710.26"
"9820","016738594-0000","NU2220-E-XL-TVP2","210.813975","2687.88","2687.88","5375.76","5375.76"
"9821","016738594-0030","NU2220-E-XL-TVP2-C3","210.813975","2687.88","2687.88","5375.76","5375.76"
"9822","038263548-0000","NU2222-E-XL-M1","460.66332","5873.46","5873.46","11746.92","11746.92"
"9823","038263548-0030","NU2222-E-XL-M1-C3","460.66332","5873.46","5873.46","11746.92","11746.92"
"9824","038263556-0030","NU2222-E-XL-M1A-C3","460.66332","5873.46","5873.46","11746.92","11746.92"
"9825","089956451-0030","NU2222-E-XL-MPAX-J30PC-C3","641.862495","8183.75","8183.75","16367.5","16367.5"
"9826","016738624-0000","NU2222-E-XL-TVP2","297.16920000000005","3788.91","3788.91","7577.82","7577.82"
"9827","016738624-0030","NU2222-E-XL-TVP2-C3","297.16920000000005","3788.91","3788.91","7577.82","7577.82"
"9828","016738632-0000","NU2224-E-XL-M1","597.7466549999999","7621.27","7621.27","15242.54","15242.54"
"9829","016738632-0030","NU2224-E-XL-M1-C3","597.7466549999999","7621.27","7621.27","15242.54","15242.54"
"9830","019242433-0030","NU2224-E-XL-M1A-C3","597.7466549999999","7621.27","7621.27","15242.54","15242.54"
"9831","086795848-0000","NU2224-E-XL-MPAX-J30PC","711.712575","9074.34","9074.34","18148.68","18148.68"
"9832","016738659-0000","NU2224-E-XL-TVP2","374.359155","4773.08","4773.08","9546.16","9546.16"
"9833","016738659-0030","NU2224-E-XL-TVP2-C3","374.359155","4773.08","4773.08","9546.16","9546.16"
"9834","016738675-0000","NU2226-E-XL-M1","664.0863600000001","8467.1","8467.1","16934.2","16934.2"
"9835","016738675-0030","NU2226-E-XL-M1-C3","664.0863600000001","8467.1","8467.1","16934.2","16934.2"
"9836","039076105-0030","NU2226-E-XL-M1-J30PC-C3","1171.763175","14939.98","14939.98","29879.96","29879.96"
"9837","019242590-0030","NU2226-E-XL-M1A-C3","664.0863600000001","8467.1","8467.1","16934.2","16934.2"
"9838","086802950-0030","NU2226-E-XL-MPAX-J30PC-C3","1171.737645","14939.65","14939.65","29879.3","29879.3"
"9839","086583611-0030","NU2226-E-XL-N1-M1-J30PC-W10B-C3","1195.1741849999999","15238.47","15238.47","30476.94","30476.94"
"9840","016738683-0000","NU2226-E-XL-TVP2","435.10779","5547.62","5547.62","11095.24","11095.24"
"9841","016738683-0030","NU2226-E-XL-TVP2-C3","435.10779","5547.62","5547.62","11095.24","11095.24"
"9842","016738691-0000","NU2228-E-XL-M1","876.432135","11174.51","11174.51","22349.02","22349.02"
"9843","016738691-0030","NU2228-E-XL-M1-C3","876.432135","11174.51","11174.51","22349.02","22349.02"
"9844","038263645-0030","NU2228-E-XL-M1A-C3","876.432135","11174.51","11174.51","22349.02","22349.02"
"9845","016738730-0000","NU2230-E-XL-M1","956.12403","12190.58","12190.58","24381.16","24381.16"
"9846","016738730-0030","NU2230-E-XL-M1-C3","956.12403","12190.58","12190.58","24381.16","24381.16"
"9847","016738730-0040","NU2230-E-XL-M1-C4","994.36797","12678.19","12678.19","25356.38","25356.38"
"9848","038263661-0030","NU2230-E-XL-M1A-C3","956.12403","12190.58","12190.58","24381.16","24381.16"
"9849","086317016-0030","NU2230-E-XL-MPAX-J30PC-C3","1685.87355","21494.89","21494.89","42989.78","42989.78"
"9850","016738756-0000","NU2232-E-XL-M1","1202.10558","15326.85","15326.85","30653.7","30653.7"
"9851","016738756-0030","NU2232-E-XL-M1-C3","1202.10558","15326.85","15326.85","30653.7","30653.7"
"9852","016738756-0040","NU2232-E-XL-M1-C4","1250.2041","15940.1","15940.1","31880.2","31880.2"
"9853","038263696-0030","NU2232-E-XL-M1A-C3","1202.10558","15326.85","15326.85","30653.7","30653.7"
"9854","016738772-0000","NU2234-E-XL-M1","1454.9291699999999","18550.35","18550.35","37100.7","37100.7"
"9855","016738772-0030","NU2234-E-XL-M1-C3","1454.9291699999999","18550.35","18550.35","37100.7","37100.7"
"9856","039076083-0030","NU2234-E-XL-M1-J30PC-C3","2709.103185","34541.07","34541.07","69082.14","69082.14"
"9857","086556673-0030","NU2234-E-XL-N1-M1-J30PC-W10B-C3","2763.226785","35231.14","35231.14","70462.28","70462.28"
"9858","016738780-0000","NU2236-E-XL-M1","1644.7574849999999","20970.66","20970.66","41941.32","41941.32"
"9859","016738780-0030","NU2236-E-XL-M1-C3","1644.7574849999999","20970.66","20970.66","41941.32","41941.32"
"9860","016738780-0050","NU2236-E-XL-M1-C5","1778.968695","22681.85","22681.85","45363.7","45363.7"
"9861","019243103-0030","NU2236-E-XL-M1-J30PC-C3","2379.9066000000003","30343.81","30343.81","60687.62","60687.62"
"9862","019243111-0000","NU2236-E-XL-M1A","1644.7574849999999","20970.66","20970.66","41941.32","41941.32"
"9863","019243111-0030","NU2236-E-XL-M1A-C3","1644.7574849999999","20970.66","20970.66","41941.32","41941.32"
"9864","088883590-0030","NU2236-E-XL-MPAX-J30PC-C3","3294.9911549999997","42011.14","42011.14","84022.28","84022.28"
"9865","087471736-0000","NU2236-E-XL-N1-MPAX-J30PC","3360.87132","42851.11","42851.11","85702.22","85702.22"
"9866","016738802-0000","NU2238-E-M1","2338.152285","29811.44","29811.44","59622.88","59622.88"
"9867","016738802-0030","NU2238-E-M1-C3","2338.152285","29811.44","29811.44","59622.88","59622.88"
"9868","038193540-0030","NU2238-E-M1A-C3","2338.152285","29811.44","29811.44","59622.88","59622.88"
"9869","073604011-0030","NU224-E-XL-JP3-C3","339.86812499999996","4333.32","4333.32","8666.64","8666.64"
"9870","016738888-0000","NU224-E-XL-M1","408.365115","5206.66","5206.66","10413.32","10413.32"
"9871","016738888-0030","NU224-E-XL-M1-C3","408.365115","5206.66","5206.66","10413.32","10413.32"
"9872","016738888-0040","NU224-E-XL-M1-C4","424.69155000000006","5414.82","5414.82","10829.64","10829.64"
"9873","038263742-0030","NU224-E-XL-M1A-C3","408.365115","5206.66","5206.66","10413.32","10413.32"
"9874","019004818-0000","NU224-E-XL-TVP2","241.47550500000003","3078.81","3078.81","6157.62","6157.62"
"9875","019004818-0020","NU224-E-XL-TVP2-C2","261.06978","3328.64","3328.64","6657.28","6657.28"
"9876","019004818-0030","NU224-E-XL-TVP2-C3","241.47550500000003","3078.81","3078.81","6157.62","6157.62"
"9877","016738810-0000","NU2240-E-M1","2815.1165100000003","35892.74","35892.74","71785.48","71785.48"
"9878","016738810-0030","NU2240-E-M1-C3","2815.1165100000003","35892.74","35892.74","71785.48","71785.48"
"9879","019243189-0030","NU2240-E-M1A-C3","2815.1165100000003","35892.74","35892.74","71785.48","71785.48"
"9880","016738845-0030","NU2244-EX-M1-C3","3838.8567449999996","48945.42","48945.42","97890.84","97890.84"
"9881","019008384-0000","NU2244-EX-M1A","3838.8567449999996","48945.42","48945.42","97890.84","97890.84"
"9882","019008384-0030","NU2244-EX-M1A-C3","3838.8567449999996","48945.42","48945.42","97890.84","97890.84"
"9883","019008384-0040","NU2244-EX-M1A-C4","3992.394165","50903.03","50903.03","101806.06","101806.06"
"9884","079692591-0000","NU2244-EX-TB-M1","3838.8567449999996","48945.42","48945.42","97890.84","97890.84"
"9885","079692591-0030","NU2244-EX-TB-M1-C3","3838.8567449999996","48945.42","48945.42","97890.84","97890.84"
"9886","016738861-0030","NU2248-EX-M1-C3","6000.124425","76501.59","76501.59","153003.18","153003.18"
"9887","019008414-0030","NU2248-EX-M1A-C3","6000.124425","76501.59","76501.59","153003.18","153003.18"
"9888","079743480-0000","NU2248-EX-TB-M1","6000.124425","76501.59","76501.59","153003.18","153003.18"
"9889","079743480-0030","NU2248-EX-TB-M1-C3","6000.124425","76501.59","76501.59","153003.18","153003.18"
"9890","019008449-0000","NU2252-E-M1A","6279.601335","80064.92","80064.92","160129.84","160129.84"
"9891","019008449-0030","NU2252-E-M1A-C3","6279.601335","80064.92","80064.92","160129.84","160129.84"
"9892","079722628-0000","NU2252-E-TB-M1","6279.601335","80064.92","80064.92","160129.84","160129.84"
"9893","079722628-0030","NU2252-E-TB-M1-C3","6279.601335","80064.92","80064.92","160129.84","160129.84"
"9894","038887118-0000","NU2256-E-M1A","6716.381340000002","85633.86","85633.86","171267.72","171267.72"
"9895","038887118-0030","NU2256-E-M1A-C3","6716.381340000002","85633.86","85633.86","171267.72","171267.72"
"9896","079770584-0000","NU2256-E-TB-M1","6716.381340000002","85633.86","85633.86","171267.72","171267.72"
"9897","079770584-0030","NU2256-E-TB-M1-C3","6716.381340000002","85633.86","85633.86","171267.72","171267.72"
"9898","016738896-0000","NU226-E-XL-M1","506.7449700000001","6461","6461","12922","12922"
"9899","016738896-0030","NU226-E-XL-M1-C3","506.7449700000001","6461","6461","12922","12922"
"9900","016738896-0040","NU226-E-XL-M1-C4","379.36303499999997","4836.88","4836.88","9673.76","9673.76"
"9901","039022501-0030","NU226-E-XL-M1-J20AA-C3","1774.6541249999998","22626.84","22626.84","45253.68","45253.68"
"9902","038263777-0030","NU226-E-XL-M1A-C3","506.7449700000001","6461","6461","12922","12922"
"9903","089983270-0030","NU226-E-XL-MPAX-J30PC-C3","751.7691449999999","9585.06","9585.06","19170.12","19170.12"
"9904","016738918-0000","NU226-E-XL-TVP2","294.59067","3756.03","3756.03","7512.06","7512.06"
"9905","016738918-0030","NU226-E-XL-TVP2-C3","294.59067","3756.03","3756.03","7512.06","7512.06"
"9906","079788130-0000","NU2260-EX-TB-M1","6886.092014999999","87797.67","87797.67","175595.34","175595.34"
"9907","019243529-0000","NU2268-E-M1A","9826.356585000001","125286.05","125286.05","250572.1","250572.1"
"9908","019243650-0000","NU2276-E-M1A","11143.71735","142082.4","142082.4","284164.8","284164.8"
"9909","016738934-0000","NU228-E-XL-M1","611.9413350000001","7802.25","7802.25","15604.5","15604.5"
"9910","016738934-0030","NU228-E-XL-M1-C3","611.9413350000001","7802.25","7802.25","15604.5","15604.5"
"9911","038263815-0030","NU228-E-XL-M1A-C3","611.9413350000001","7802.25","7802.25","15604.5","15604.5"
"9912","038263807-0040","NU228-E-XL-M1A-P5-C4","2311.013895","29465.43","29465.43","58930.86","58930.86"
"9913","016739060-0000","NU230-E-XL-M1","675.9705749999999","8618.62","8618.62","17237.24","17237.24"
"9914","016739060-4030","NU230-E-XL-M1-C2","731.140905","9322.05","9322.05","18644.1","18644.1"
"9915","016739060-0030","NU230-E-XL-M1-C3","675.9705749999999","8618.62","8618.62","17237.24","17237.24"
"9916","016739060-0040","NU230-E-XL-M1-C4","703.0196100000002","8963.5","8963.5","17927","17927"
"9917","038263840-0030","NU230-E-XL-M1A-C3","675.9705749999999","8618.62","8618.62","17237.24","17237.24"
"9918","038263840-0040","NU230-E-XL-M1A-C4","703.0196100000002","8963.5","8963.5","17927","17927"
"9919","075177846-4030","NU230-E-XL-N-MPAX-R190-215NA","1201.77369","15322.61","15322.61","30645.22","30645.22"
"9920","019243774-0000","NU2304-E-XL-TVP2","31.797615000000004","405.42","405.42","810.84","810.84"
"9921","019243782-0000","NU2305-E-XL-M1","64.144125","817.84","817.84","1635.68","1635.68"
"9922","019243782-0030","NU2305-E-XL-M1-C3","64.144125","817.84","817.84","1635.68","1635.68"
"9923","019243812-0000","NU2305-E-XL-M1A","64.144125","817.84","817.84","1635.68","1635.68"
"9924","019243812-0030","NU2305-E-XL-M1A-C3","64.144125","817.84","817.84","1635.68","1635.68"
"9925","019243812-0040","NU2305-E-XL-M1A-C4","66.70989","850.55","850.55","1701.1","1701.1"
"9926","016738969-0000","NU2305-E-XL-TVP2","32.70393","416.98","416.98","833.96","833.96"
"9927","016738969-0030","NU2305-E-XL-TVP2-C3","32.70393","416.98","416.98","833.96","833.96"
"9928","019243847-0000","NU2306-E-XL-M1","69.23736","882.78","882.78","1765.56","1765.56"
"9929","019243847-0030","NU2306-E-XL-M1-C3","69.23736","882.78","882.78","1765.56","1765.56"
"9930","038263866-0030","NU2306-E-XL-M1A-C3","69.23736","882.78","882.78","1765.56","1765.56"
"9931","019243880-0000","NU2306-E-XL-TVP2","42.20109","538.06","538.06","1076.12","1076.12"
"9932","019243880-0030","NU2306-E-XL-TVP2-C3","42.20109","538.06","538.06","1076.12","1076.12"
"9933","019243910-0000","NU2307-E-XL-M1","79.51318499999998","1013.79","1013.79","2027.58","2027.58"
"9934","019243910-0030","NU2307-E-XL-M1-C3","79.51318499999998","1013.79","1013.79","2027.58","2027.58"
"9935","038263882-0030","NU2307-E-XL-M1A-C3","79.51318499999998","1013.79","1013.79","2027.58","2027.58"
"9936","016739000-0000","NU2307-E-XL-TVP2","45.992295","586.4","586.4","1172.8","1172.8"
"9937","016739000-0030","NU2307-E-XL-TVP2-C3","45.992295","586.4","586.4","1172.8","1172.8"
"9938","019243952-0000","NU2308-E-XL-M1","106.94517000000002","1363.55","1363.55","2727.1","2727.1"
"9939","019243952-0030","NU2308-E-XL-M1-C3","106.94517000000002","1363.55","1363.55","2727.1","2727.1"
"9940","019243960-0030","NU2308-E-XL-M1A-C3","106.94517000000002","1363.55","1363.55","2727.1","2727.1"
"9941","016739027-0000","NU2308-E-XL-TVP2","55.62987","709.28","709.28","1418.56","1418.56"
"9942","016739027-0030","NU2308-E-XL-TVP2-C3","55.62987","709.28","709.28","1418.56","1418.56"
"9943","019244010-0000","NU2309-E-XL-M1","126.85856999999999","1617.45","1617.45","3234.9","3234.9"
"9944","019244010-0030","NU2309-E-XL-M1-C3","126.85856999999999","1617.45","1617.45","3234.9","3234.9"
"9945","093332084-0030","NU2309-E-XL-M1-C3>A","126.85856999999999","1617.45","1617.45","3234.9","3234.9"
"9946","019244029-0030","NU2309-E-XL-M1A-C3","126.85856999999999","1617.45","1617.45","3234.9","3234.9"
"9947","016739043-0000","NU2309-E-XL-TVP2","67.641735","862.43","862.43","1724.86","1724.86"
"9948","016739043-0030","NU2309-E-XL-TVP2-C3","67.641735","862.43","862.43","1724.86","1724.86"
"9949","093330170-0030","NU2309-E-XL-TVP2-C3>A","67.641735","862.43","862.43","1724.86","1724.86"
"9950","093330170-0000","NU2309-E-XL-TVP2>A","67.641735","862.43","862.43","1724.86","1724.86"
"9951","019244134-0000","NU2310-E-XL-M1","140.77242","1794.85","1794.85","3589.7","3589.7"
"9952","019244134-0030","NU2310-E-XL-M1-C3","140.77242","1794.85","1794.85","3589.7","3589.7"
"9953","093332106-0030","NU2310-E-XL-M1-C3>A","140.77242","1794.85","1794.85","3589.7","3589.7"
"9954","019244150-0030","NU2310-E-XL-M1A-C3","140.77242","1794.85","1794.85","3589.7","3589.7"
"9955","016739094-0000","NU2310-E-XL-TVP2","82.09171500000002","1046.67","1046.67","2093.34","2093.34"
"9956","016739094-0030","NU2310-E-XL-TVP2-C3","82.09171500000002","1046.67","1046.67","2093.34","2093.34"
"9957","093330197-0030","NU2310-E-XL-TVP2-C3>A","82.09171500000002","1046.67","1046.67","2093.34","2093.34"
"9958","093330197-0000","NU2310-E-XL-TVP2>A","82.09171500000002","1046.67","1046.67","2093.34","2093.34"
"9959","016739108-0000","NU2311-E-XL-M1","205.64415000000002","2621.96","2621.96","5243.92","5243.92"
"9960","016739108-0030","NU2311-E-XL-M1-C3","205.64415000000002","2621.96","2621.96","5243.92","5243.92"
"9961","016739108-0040","NU2311-E-XL-M1-C4","213.877575","2726.94","2726.94","5453.88","5453.88"
"9962","016739124-0000","NU2311-E-XL-TVP2","101.43068999999997","1293.24","1293.24","2586.48","2586.48"
"9963","016739124-0030","NU2311-E-XL-TVP2-C3","101.43068999999997","1293.24","1293.24","2586.48","2586.48"
"9964","016739132-0000","NU2312-E-XL-M1","242.76477","3095.25","3095.25","6190.5","6190.5"
"9965","016739132-0030","NU2312-E-XL-M1-C3","242.76477","3095.25","3095.25","6190.5","6190.5"
"9966","016739167-0000","NU2312-E-XL-TVP2","123.297135","1572.04","1572.04","3144.08","3144.08"
"9967","016739167-0030","NU2312-E-XL-TVP2-C3","123.297135","1572.04","1572.04","3144.08","3144.08"
"9968","016739167-0040","NU2312-E-XL-TVP2-C4","128.23719","1635.02","1635.02","3270.04","3270.04"
"9969","019244436-0000","NU2313-E-XL-K-M1","269.252145","3432.96","3432.96","6865.92","6865.92"
"9970","019244444-0000","NU2313-E-XL-K-TVP2","144.88275","1847.26","1847.26","3694.52","3694.52"
"9971","016739183-0000","NU2313-E-XL-M1","269.252145","3432.96","3432.96","6865.92","6865.92"
"9972","016739183-0030","NU2313-E-XL-M1-C3","269.252145","3432.96","3432.96","6865.92","6865.92"
"9973","016739183-0040","NU2313-E-XL-M1-C4","286.29342","3650.24","3650.24","7300.48","7300.48"
"9974","038263980-0030","NU2313-E-XL-M1A-C3","269.252145","3432.96","3432.96","6865.92","6865.92"
"9975","038263980-0040","NU2313-E-XL-M1A-C4","286.29342","3650.24","3650.24","7300.48","7300.48"
"9976","016739191-0000","NU2313-E-XL-TVP2","144.88275","1847.26","1847.26","3694.52","3694.52"
"9977","016739191-0030","NU2313-E-XL-TVP2-C3","144.88275","1847.26","1847.26","3694.52","3694.52"
"9978","016739213-0000","NU2314-E-XL-M1","326.80953","4166.82","4166.82","8333.64","8333.64"
"9979","016739213-0030","NU2314-E-XL-M1-C3","326.80953","4166.82","4166.82","8333.64","8333.64"
"9980","019244495-0030","NU2314-E-XL-M1A-C3","326.80953","4166.82","4166.82","8333.64","8333.64"
"9981","016739221-0000","NU2314-E-XL-TVP2","173.98695","2218.33","2218.33","4436.66","4436.66"
"9982","016739221-0030","NU2314-E-XL-TVP2-C3","173.98695","2218.33","2218.33","4436.66","4436.66"
"9983","019244657-0000","NU2315-E-XL-K-TVP2","227.893545","2905.64","2905.64","5811.28","5811.28"
"9984","019244525-0000","NU2315-E-XL-M1","345.67620000000005","4407.37","4407.37","8814.74","8814.74"
"9985","019244525-0030","NU2315-E-XL-M1-C3","345.67620000000005","4407.37","4407.37","8814.74","8814.74"
"9986","038264030-0040","NU2315-E-XL-M1A-C4","409.06719000000004","5215.61","5215.61","10431.22","10431.22"
"9987","016739230-0000","NU2315-E-XL-TVP2","227.893545","2905.64","2905.64","5811.28","5811.28"
"9988","016739230-0030","NU2315-E-XL-TVP2-C3","227.893545","2905.64","2905.64","5811.28","5811.28"
"9989","019244665-0000","NU2316-E-XL-M1","439.15429499999993","5599.22","5599.22","11198.44","11198.44"
"9990","019244665-0030","NU2316-E-XL-M1-C3","439.15429499999993","5599.22","5599.22","11198.44","11198.44"
"9991","016739256-0000","NU2316-E-XL-TVP2","239.19056999999998","3049.68","3049.68","6099.36","6099.36"
"9992","016739256-0030","NU2316-E-XL-TVP2-C3","239.19056999999998","3049.68","3049.68","6099.36","6099.36"
"9993","019244819-0000","NU2317-E-XL-K-TVP2","287.455035","3665.05","3665.05","7330.1","7330.1"
"9994","016739264-0000","NU2317-E-XL-M1","435.10779","5547.62","5547.62","11095.24","11095.24"
"9995","016739264-0030","NU2317-E-XL-M1-C3","435.10779","5547.62","5547.62","11095.24","11095.24"
"9996","016739302-0000","NU2317-E-XL-TVP2","287.455035","3665.05","3665.05","7330.1","7330.1"
"9997","016739302-0030","NU2317-E-XL-TVP2-C3","287.455035","3665.05","3665.05","7330.1","7330.1"
"9998","019244827-0000","NU2318-E-XL-M1","499.1880900000001","6364.65","6364.65","12729.3","12729.3"
"9999","019244827-0030","NU2318-E-XL-M1-C3","499.1880900000001","6364.65","6364.65","12729.3","12729.3"
"10000","038911086-0030","NU2318-E-XL-M1A-QP51-C3","687.816495","8769.66","8769.66","17539.32","17539.32"
"10001","019244908-0000","NU2318-E-XL-TVP2","338.04273000000006","4310.04","4310.04","8620.08","8620.08"
"10002","019244908-0030","NU2318-E-XL-TVP2-C3","338.04273000000006","4310.04","4310.04","8620.08","8620.08"
"10003","019244908-0040","NU2318-E-XL-TVP2-C4","351.586395","4482.73","4482.73","8965.46","8965.46"
"10004","019244991-0000","NU2319-E-XL-K-M1","769.4359049999999","9810.31","9810.31","19620.62","19620.62"
"10005","019244932-0000","NU2319-E-XL-M1","588.606915","7504.74","7504.74","15009.48","15009.48"
"10006","019244932-0030","NU2319-E-XL-M1-C3","588.606915","7504.74","7504.74","15009.48","15009.48"
"10007","038911523-0030","NU2319-E-XL-MPA-C3","588.606915","7504.74","7504.74","15009.48","15009.48"
"10008","016739329-0000","NU2319-E-XL-TVP2","422.44491","5386.17","5386.17","10772.34","10772.34"
"10009","016739329-0030","NU2319-E-XL-TVP2-C3","422.44491","5386.17","5386.17","10772.34","10772.34"
"10010","016739426-0000","NU232-E-XL-M1","723.609555","9226.02","9226.02","18452.04","18452.04"
"10011","016739426-0030","NU232-E-XL-M1-C3","723.609555","9226.02","9226.02","18452.04","18452.04"
"10012","019245530-0030","NU232-E-XL-M1A-C3","723.609555","9226.02","9226.02","18452.04","18452.04"
"10013","092143091-0030","NU232-E-XL-MPAX-QP11-J30PC-C3","814.9558949999999","10390.69","10390.69","20781.38","20781.38"
"10014","016739345-0000","NU2320-E-XL-M1","724.2988650000001","9234.81","9234.81","18469.62","18469.62"
"10015","016739345-0030","NU2320-E-XL-M1-C3","724.2988650000001","9234.81","9234.81","18469.62","18469.62"
"10016","016739345-0040","NU2320-E-XL-M1-C4","782.72427","9979.73","9979.73","19959.46","19959.46"
"10017","019245033-0000","NU2320-E-XL-M1A","724.2988650000001","9234.81","9234.81","18469.62","18469.62"
"10018","019245033-0030","NU2320-E-XL-M1A-C3","724.2988650000001","9234.81","9234.81","18469.62","18469.62"
"10019","019245033-0040","NU2320-E-XL-M1A-C4","782.72427","9979.73","9979.73","19959.46","19959.46"
"10020","084534893-0030","NU2320-E-XL-N1-M1A-J30PC-C3","953.200845","12153.31","12153.31","24306.62","24306.62"
"10021","016739361-0000","NU2320-E-XL-TVP2","458.78686500000003","5849.53","5849.53","11699.06","11699.06"
"10022","016739361-0030","NU2320-E-XL-TVP2-C3","458.78686500000003","5849.53","5849.53","11699.06","11699.06"
"10023","016739370-0000","NU2322-E-XL-K-M1","946.9332300000001","12073.4","12073.4","24146.8","24146.8"
"10024","019245157-0000","NU2322-E-XL-M1","946.9332300000001","12073.4","12073.4","24146.8","24146.8"
"10025","019245157-0030","NU2322-E-XL-M1-C3","946.9332300000001","12073.4","12073.4","24146.8","24146.8"
"10026","019245165-0030","NU2322-E-XL-M1A-C3","946.9332300000001","12073.4","12073.4","24146.8","24146.8"
"10027","086825062-0030","NU2322-E-XL-MPAX-J30PC-C3","1213.46643","15471.7","15471.7","30943.4","30943.4"
"10028","019245203-0000","NU2322-E-XL-TVP2","742.1570999999999","9462.5","9462.5","18925","18925"
"10029","019245203-0030","NU2322-E-XL-TVP2-C3","742.1570999999999","9462.5","9462.5","18925","18925"
"10030","038264161-0000","NU2324-E-XL-K-M1","1284.00582","16371.07","16371.07","32742.14","32742.14"
"10031","016739388-0000","NU2324-E-XL-M1","1284.00582","16371.07","16371.07","32742.14","32742.14"
"10032","016739388-0030","NU2324-E-XL-M1-C3","1284.00582","16371.07","16371.07","32742.14","32742.14"
"10033","019245254-0000","NU2324-E-XL-M1A","1284.00582","16371.07","16371.07","32742.14","32742.14"
"10034","019245254-0030","NU2324-E-XL-M1A-C3","1284.00582","16371.07","16371.07","32742.14","32742.14"
"10035","095451439-0030","NU2324-E-XL-MCA-C3","1284.00582","16371.07","16371.07","32742.14","32742.14"
"10036","092264140-0030","NU2324-E-XL-MPAX-J30PC-C3","1740.94176","22197.01","22197.01","44394.02","44394.02"
"10037","019245335-0000","NU2326-E-XL-M1","1458.7841999999998","18599.5","18599.5","37199","37199"
"10038","019245335-0030","NU2326-E-XL-M1-C3","1458.7841999999998","18599.5","18599.5","37199","37199"
"10039","019245335-0040","NU2326-E-XL-M1-C4","1535.540145","19578.14","19578.14","39156.28","39156.28"
"10040","061013005-0030","NU2326-E-XL-M1-J30PC-C3","2153.25126","27453.95","27453.95","54907.9","54907.9"
"10041","038264196-0000","NU2326-E-XL-M1A","1458.7841999999998","18599.5","18599.5","37199","37199"
"10042","038264196-0030","NU2326-E-XL-M1A-C3","1458.7841999999998","18599.5","18599.5","37199","37199"
"10043","038264196-0040","NU2326-E-XL-M1A-C4","1535.540145","19578.14","19578.14","39156.28","39156.28"
"10044","096443553-0040","NU2326-E-XL-MCA-C4","1535.540145","19578.14","19578.14","39156.28","39156.28"
"10045","086109049-0030","NU2326-E-XL-MPAX-J30PC-C3","2153.238495","27453.79","27453.79","54907.58","54907.58"
"10046","016739400-0000","NU2328-E-XL-M1","1816.5488550000002","23161","23161","46322","46322"
"10047","016739400-0030","NU2328-E-XL-M1-C3","1816.5488550000002","23161","23161","46322","46322"
"10048","019245467-0030","NU2328-E-XL-M1A-C3","1816.5488550000002","23161","23161","46322","46322"
"10049","086825135-0030","NU2328-E-XL-MPAX-J30PC-C3","2290.104825","29198.84","29198.84","58397.68","58397.68"
"10050","019245572-0000","NU2330-E-XL-M1","2491.2812250000006","31763.84","31763.84","63527.68","63527.68"
"10051","019245572-0030","NU2330-E-XL-M1-C3","2491.2812250000006","31763.84","31763.84","63527.68","63527.68"
"10052","019245580-0000","NU2330-E-XL-M1A","2491.2812250000006","31763.84","31763.84","63527.68","63527.68"
"10053","095464999-0000","NU2330-E-XL-MCA","2042.9871900000003","26048.09","26048.09","52096.18","52096.18"
"10054","019245629-0000","NU2332-E-M1","2815.1165100000003","35892.74","35892.74","71785.48","71785.48"
"10055","019245629-0030","NU2332-E-M1-C3","2815.1165100000003","35892.74","35892.74","71785.48","71785.48"
"10056","019245700-0030","NU2334-EX-M1-C3","3631.017015000001","46295.47","46295.47","92590.94","92590.94"
"10057","081253060-0030","NU2334-EX-TB-M1-C3","3189.89691","40671.19","40671.19","81342.38","81342.38"
"10058","081253311-0030","NU2334-EX-TB-M1-J30PC-C3","3435.227445","43799.15","43799.15","87598.3","87598.3"
"10059","082035326-0030","NU2334-EX-TB-MPAX-J30PC-C3","3435.227445","43799.15","43799.15","87598.3","87598.3"
"10060","019245726-0030","NU2336-EX-M1-C3","3838.8567449999996","48945.42","48945.42","97890.84","97890.84"
"10061","081353596-0000","NU2336-EX-TB-M1","3838.8567449999996","48945.42","48945.42","97890.84","97890.84"
"10062","081353596-0030","NU2336-EX-TB-M1-C3","3838.8567449999996","48945.42","48945.42","97890.84","97890.84"
"10063","081880774-0030","NU2336-EX-TB-MPAX-J30PC-C3","3800.7404549999997","48459.44","48459.44","96918.88","96918.88"
"10064","019245769-0030","NU2338-EX-M1-C3","4862.571450000001","61997.79","61997.79","123995.58","123995.58"
"10065","081367783-0030","NU2338-EX-TB-M1-C3","4862.571450000001","61997.79","61997.79","123995.58","123995.58"
"10066","082050112-0030","NU2338-EX-TB-MPAX-J30PC-C3","5551.511265","70781.77","70781.77","141563.54","141563.54"
"10067","019245874-0000","NU234-E-XL-M1","919.858665","11728.2","11728.2","23456.4","23456.4"
"10068","019245874-0030","NU234-E-XL-M1-C3","919.858665","11728.2","11728.2","23456.4","23456.4"
"10069","038264234-0030","NU234-E-XL-M1A-C3","919.858665","11728.2","11728.2","23456.4","23456.4"
"10070","016739485-0030","NU2340-EX-M1-C3","5208.09447","66403.2","66403.2","132806.4","132806.4"
"10071","081318758-0000","NU2340-EX-TB-M1","5208.09447","66403.2","66403.2","132806.4","132806.4"
"10072","081318758-0030","NU2340-EX-TB-M1-C3","5208.09447","66403.2","66403.2","132806.4","132806.4"
"10073","038911728-0030","NU2344-EX-M1A-C3","6990.8799","89133.72","89133.72","178267.44","178267.44"
"10074","081371519-0030","NU2344-EX-TB-M1-C3","6990.8799","89133.72","89133.72","178267.44","178267.44"
"10075","019245831-0030","NU2348-EX-M1-C3","8773.703625","111864.72","111864.72","223729.44","223729.44"
"10076","038911736-0030","NU2348-EX-M1A-C3","8773.703625","111864.72","111864.72","223729.44","223729.44"
"10077","081375360-0030","NU2348-EX-TB-M1-C3","8773.703625","111864.72","111864.72","223729.44","223729.44"
"10078","074635271-0030","NU2356-EX-M1A-C3","13246.62345","168894.45","168894.45","337788.9","337788.9"
"10079","081408676-0030","NU2356-EX-TB-M1-C3","13246.62345","168894.45","168894.45","337788.9","337788.9"
"10080","016739531-0000","NU236-E-XL-M1","982.29228","12524.23","12524.23","25048.46","25048.46"
"10081","016739531-0020","NU236-E-XL-M1-C2","1034.641545","13191.68","13191.68","26383.36","26383.36"
"10082","016739531-0030","NU236-E-XL-M1-C3","982.29228","12524.23","12524.23","25048.46","25048.46"
"10083","016739531-0040","NU236-E-XL-M1-C4","1021.5829499999999","13025.18","13025.18","26050.36","26050.36"
"10084","019246072-0030","NU236-E-XL-M1A-C3","982.29228","12524.23","12524.23","25048.46","25048.46"
"10085","089988116-0030","NU236-E-XL-MPAX-J30PC-C3","1575.7116","20090.32","20090.32","40180.64","40180.64"
"10086","019004893-0000","NU238-E-M1","1283.49522","16364.56","16364.56","32729.12","32729.12"
"10087","019004893-0030","NU238-E-M1-C3","1283.49522","16364.56","16364.56","32729.12","32729.12"
"10088","016739574-0000","NU240-E-M1","1493.2496999999998","19038.93","19038.93","38077.86","38077.86"
"10089","016739574-0030","NU240-E-M1-C3","1493.2496999999998","19038.93","19038.93","38077.86","38077.86"
"10090","016739590-0000","NU244-E-M1","1991.87613","25396.42","25396.42","50792.84","50792.84"
"10091","016739590-0030","NU244-E-M1-C3","1991.87613","25396.42","25396.42","50792.84","50792.84"
"10092","019246234-0030","NU244-E-M1A-C3","1991.87613","25396.42","25396.42","50792.84","50792.84"
"10093","016739612-0030","NU248-E-M1-C3","3299.9950350000004","42074.94","42074.94","84149.88","84149.88"
"10094","038569353-0030","NU248-E-M1A-C3","3299.9950350000004","42074.94","42074.94","84149.88","84149.88"
"10095","078051517-0000","NU248-E-TB-M1","3299.9950350000004","42074.94","42074.94","84149.88","84149.88"
"10096","078051517-0030","NU248-E-TB-M1-C3","3299.9950350000004","42074.94","42074.94","84149.88","84149.88"
"10097","016739620-0030","NU252-E-M1-C3","4528.370985","57736.73","57736.73","115473.46","115473.46"
"10098","019246293-0030","NU252-E-M1A-C3","4528.370985","57736.73","57736.73","115473.46","115473.46"
"10099","078573360-0000","NU252-E-TB-M1","4528.370985","57736.73","57736.73","115473.46","115473.46"
"10100","078573360-0030","NU252-E-TB-M1-C3","4528.370985","57736.73","57736.73","115473.46","115473.46"
"10101","019246315-0030","NU256-E-M1-C3","5377.447724999999","68562.46","68562.46","137124.92","137124.92"
"10102","019246340-0030","NU256-E-M1A-C3","5377.447724999999","68562.46","68562.46","137124.92","137124.92"
"10103","079242545-0000","NU256-E-TB-M1","5377.447724999999","68562.46","68562.46","137124.92","137124.92"
"10104","079242545-0030","NU256-E-TB-M1-C3","5377.447724999999","68562.46","68562.46","137124.92","137124.92"
"10105","079342426-0030","NU264-EX-TB-M1-C3","8170.238250000001","104170.54","104170.54","208341.08","208341.08"
"10106","079400264-0030","NU276-E-TB-M1-C3","12509.21493","159492.49","159492.49","318984.98","318984.98"
"10107","019004923-0000","NU303-E-XL-TVP2","22.54299","287.42","287.42","574.84","574.84"
"10108","019004923-0030","NU303-E-XL-TVP2-C3","22.54299","287.42","287.42","574.84","574.84"
"10109","019008473-0000","NU304-E-XL-M1","51.20041499999999","652.81","652.81","1305.62","1305.62"
"10110","019008473-0030","NU304-E-XL-M1-C3","51.20041499999999","652.81","652.81","1305.62","1305.62"
"10111","016739680-0000","NU304-E-XL-TVP2","23.20677","295.89","295.89","591.78","591.78"
"10112","016739680-0030","NU304-E-XL-TVP2-C3","23.20677","295.89","295.89","591.78","591.78"
"10113","019246978-4001","NU3044-M1-R160-240","2320.179165","29582.28","29582.28","59164.56","59164.56"
"10114","019004931-0000","NU305-E-XL-M1","56.29365","717.74","717.74","1435.48","1435.48"
"10115","019004931-0030","NU305-E-XL-M1-C3","56.29365","717.74","717.74","1435.48","1435.48"
"10116","019004931-0040","NU305-E-XL-M1-C4","62.305965","794.4","794.4","1588.8","1588.8"
"10117","038454793-0030","NU305-E-XL-M1A-C3","56.29365","717.74","717.74","1435.48","1435.48"
"10118","038454793-0040","NU305-E-XL-M1A-C4","58.55305499999999","746.55","746.55","1493.1","1493.1"
"10119","038454815-0030","NU305-E-XL-N-M1-C3","64.18242","818.33","818.33","1636.66","1636.66"
"10120","016739698-0000","NU305-E-XL-TVP2","25.887420000000002","330.06","330.06","660.12","660.12"
"10121","016739698-0030","NU305-E-XL-TVP2-C3","25.887420000000002","330.06","330.06","660.12","660.12"
"10122","019008520-0000","NU306-E-XL-M1","63.288869999999996","806.93","806.93","1613.86","1613.86"
"10123","019008520-0030","NU306-E-XL-M1-C3","63.288869999999996","806.93","806.93","1613.86","1613.86"
"10124","021937354-0030","NU306-E-XL-M1A-C3","63.288869999999996","806.93","806.93","1613.86","1613.86"
"10125","016739728-0000","NU306-E-XL-TVP2","31.938030000000005","407.21","407.21","814.42","814.42"
"10126","016739728-0030","NU306-E-XL-TVP2-C3","31.938030000000005","407.21","407.21","814.42","814.42"
"10127","016739728-0040","NU306-E-XL-TVP2-C4","33.201765","423.32","423.32","846.64","846.64"
"10128","016739728-0050","NU306-E-XL-TVP2-C5","34.554854999999996","440.57","440.57","881.14","881.14"
"10129","019008546-0000","NU307-E-XL-M1","71.81589","915.65","915.65","1831.3","1831.3"
"10130","019008546-0030","NU307-E-XL-M1-C3","71.81589","915.65","915.65","1831.3","1831.3"
"10131","019247346-0000","NU307-E-XL-M1A","71.81589","915.65","915.65","1831.3","1831.3"
"10132","016739787-0000","NU307-E-XL-TVP2","34.925039999999996","445.29","445.29","890.58","890.58"
"10133","016739787-0030","NU307-E-XL-TVP2-C3","34.925039999999996","445.29","445.29","890.58","890.58"
"10134","016739809-0000","NU308-E-XL-M1","81.88747500000002","1044.07","1044.07","2088.14","2088.14"
"10135","016739809-0030","NU308-E-XL-M1-C3","81.88747500000002","1044.07","1044.07","2088.14","2088.14"
"10136","019008554-0000","NU308-E-XL-M1A","81.88747500000002","1044.07","1044.07","2088.14","2088.14"
"10137","019008554-0030","NU308-E-XL-M1A-C3","81.88747500000002","1044.07","1044.07","2088.14","2088.14"
"10138","038264390-0030","NU308-E-XL-M1A-F59-C3","102.8859","1311.8","1311.8","2623.6","2623.6"
"10139","016739825-0000","NU308-E-XL-TVP2","41.141594999999995","524.56","524.56","1049.12","1049.12"
"10140","016739825-0030","NU308-E-XL-TVP2-C3","41.141594999999995","524.56","524.56","1049.12","1049.12"
"10141","019247648-0000","NU309-E-XL-K-TVP2","50.842994999999995","648.25","648.25","1296.5","1296.5"
"10142","019008562-0000","NU309-E-XL-M1","104.26452000000002","1329.37","1329.37","2658.74","2658.74"
"10143","019008562-0030","NU309-E-XL-M1-C3","104.26452000000002","1329.37","1329.37","2658.74","2658.74"
"10144","093331223-0030","NU309-E-XL-M1-C3>A","104.26452000000002","1329.37","1329.37","2658.74","2658.74"
"10145","019008562-0040","NU309-E-XL-M1-C4","107.060055","1365.02","1365.02","2730.04","2730.04"
"10146","039024067-0040","NU309-E-XL-M1-S1-C4","120.642015","1538.19","1538.19","3076.38","3076.38"
"10147","093331223-0000","NU309-E-XL-M1>A","104.26452000000002","1329.37","1329.37","2658.74","2658.74"
"10148","019247613-0000","NU309-E-XL-M1A","104.26452000000002","1329.37","1329.37","2658.74","2658.74"
"10149","019247613-0030","NU309-E-XL-M1A-C3","104.26452000000002","1329.37","1329.37","2658.74","2658.74"
"10150","019247656-0000","NU309-E-XL-N-TVP2","52.94922","675.1","675.1","1350.2","1350.2"
"10151","016739850-0000","NU309-E-XL-TVP2","50.842994999999995","648.25","648.25","1296.5","1296.5"
"10152","016739850-0030","NU309-E-XL-TVP2-C3","50.842994999999995","648.25","648.25","1296.5","1296.5"
"10153","093330286-0030","NU309-E-XL-TVP2-C3>A","50.842994999999995","648.25","648.25","1296.5","1296.5"
"10154","016739850-0040","NU309-E-XL-TVP2-C4","58.79559000000001","749.64","749.64","1499.28","1499.28"
"10155","093330286-0000","NU309-E-XL-TVP2>A","50.842994999999995","648.25","648.25","1296.5","1296.5"
"10156","039076610-0000","NU310-E-XL-JP3","81.147105","1034.63","1034.63","2069.26","2069.26"
"10157","039076610-0030","NU310-E-XL-JP3-C3","81.147105","1034.63","1034.63","2069.26","2069.26"
"10158","095554076-0030","NU310-E-XL-JP3-C3>A","81.147105","1034.63","1034.63","2069.26","2069.26"
"10159","016739876-0000","NU310-E-XL-M1","117.57841499999999","1499.12","1499.12","2998.24","2998.24"
"10160","016739876-0030","NU310-E-XL-M1-C3","117.57841499999999","1499.12","1499.12","2998.24","2998.24"
"10161","093330294-0030","NU310-E-XL-M1-C3>A","117.57841499999999","1499.12","1499.12","2998.24","2998.24"
"10162","016739876-0040","NU310-E-XL-M1-C4","126.27138","1609.96","1609.96","3219.92","3219.92"
"10163","093330294-0000","NU310-E-XL-M1>A","117.57841499999999","1499.12","1499.12","2998.24","2998.24"
"10164","038264455-0030","NU310-E-XL-M1A-C3","117.57841499999999","1499.12","1499.12","2998.24","2998.24"
"10165","016739884-0000","NU310-E-XL-TVP2","60.51886499999999","771.62","771.62","1543.24","1543.24"
"10166","016739884-0030","NU310-E-XL-TVP2-C3","60.51886499999999","771.62","771.62","1543.24","1543.24"
"10167","093330308-0030","NU310-E-XL-TVP2-C3>A","60.51886499999999","771.62","771.62","1543.24","1543.24"
"10168","093330308-0000","NU310-E-XL-TVP2>A","60.51886499999999","771.62","771.62","1543.24","1543.24"
"10169","038967219-0000","NU311-E-XL-JP3","87.95085","1121.37","1121.37","2242.74","2242.74"
"10170","038967219-0030","NU311-E-XL-JP3-C3","87.95085","1121.37","1121.37","2242.74","2242.74"
"10171","016739906-0000","NU311-E-XL-M1","127.42022999999999","1624.61","1624.61","3249.22","3249.22"
"10172","016739906-0030","NU311-E-XL-M1-C3","127.42022999999999","1624.61","1624.61","3249.22","3249.22"
"10173","016739906-0040","NU311-E-XL-M1-C4","132.538995","1689.87","1689.87","3379.74","3379.74"
"10174","019247850-0000","NU311-E-XL-M1-F1-T51F","164.400435","2096.11","2096.11","4192.22","4192.22"
"10175","038264498-0030","NU311-E-XL-M1A-C3","127.42022999999999","1624.61","1624.61","3249.22","3249.22"
"10176","038480271-0030","NU311-E-XL-N-M1-C3","127.42022999999999","1624.61","1624.61","3249.22","3249.22"
"10177","016739922-0000","NU311-E-XL-TVP2","70.16920499999999","894.66","894.66","1789.32","1789.32"
"10178","016739922-0030","NU311-E-XL-TVP2-C3","70.16920499999999","894.66","894.66","1789.32","1789.32"
"10179","019247958-0000","NU312-E-XL-JP1","94.63971","1206.66","1206.66","2413.32","2413.32"
"10180","039059057-0000","NU312-E-XL-JP3","94.63971","1206.66","1206.66","2413.32","2413.32"
"10181","039059057-0030","NU312-E-XL-JP3-C3","94.63971","1206.66","1206.66","2413.32","2413.32"
"10182","016739949-0000","NU312-E-XL-M1","137.159925","1748.79","1748.79","3497.58","3497.58"
"10183","016739949-0030","NU312-E-XL-M1-C3","137.159925","1748.79","1748.79","3497.58","3497.58"
"10184","016739949-0040","NU312-E-XL-M1-C4","158.59236","2022.05","2022.05","4044.1","4044.1"
"10185","038048531-0000","NU312-E-XL-M1-F1","206.00157","2626.52","2626.52","5253.04","5253.04"
"10186","016739973-0000","NU312-E-XL-M1-F1-T51F","227.970135","2906.62","2906.62","5813.24","5813.24"
"10187","016739981-0000","NU312-E-XL-M1A","137.159925","1748.79","1748.79","3497.58","3497.58"
"10188","016739990-0000","NU312-E-XL-TVP2","80.03655","1020.47","1020.47","2040.94","2040.94"
"10189","016739990-0030","NU312-E-XL-TVP2-C3","80.03655","1020.47","1020.47","2040.94","2040.94"
"10190","067983650-0000","NU313-E-XL-JP3","122.26317","1558.86","1558.86","3117.72","3117.72"
"10191","016740017-0000","NU313-E-XL-M1","169.02136500000003","2155.02","2155.02","4310.04","4310.04"
"10192","016740017-0030","NU313-E-XL-M1-C3","169.02136500000003","2155.02","2155.02","4310.04","4310.04"
"10193","016740017-0040","NU313-E-XL-M1-C4","186.968955","2383.85","2383.85","4767.7","4767.7"
"10194","016740017-0050","NU313-E-XL-M1-C5","194.46201000000002","2479.39","2479.39","4958.78","4958.78"
"10195","038078570-0000","NU313-E-XL-M1-F1-T51F","233.893095","2982.14","2982.14","5964.28","5964.28"
"10196","070417407-0030","NU313-E-XL-M1-J20AA-C3","834.761625","10643.21","10643.21","21286.42","21286.42"
"10197","038264536-0030","NU313-E-XL-M1A-C3","169.02136500000003","2155.02","2155.02","4310.04","4310.04"
"10198","016740025-0000","NU313-E-XL-TVP2","96.54169499999999","1230.91","1230.91","2461.82","2461.82"
"10199","016740025-0030","NU313-E-XL-TVP2-C3","96.54169499999999","1230.91","1230.91","2461.82","2461.82"
"10200","016740025-0040","NU313-E-XL-TVP2-C4","100.549905","1282.01","1282.01","2564.02","2564.02"
"10201","039059081-0000","NU314-E-XL-JP3","123.69285000000002","1577.08","1577.08","3154.16","3154.16"
"10202","039059081-0030","NU314-E-XL-JP3-C3","123.69285000000002","1577.08","1577.08","3154.16","3154.16"
"10203","019248245-0000","NU314-E-XL-M1","192.126015","2449.61","2449.61","4899.22","4899.22"
"10204","019248245-0030","NU314-E-XL-M1-C3","192.126015","2449.61","2449.61","4899.22","4899.22"
"10205","019248245-0040","NU314-E-XL-M1-C4","216.29016","2757.7","2757.7","5515.4","5515.4"
"10206","038264544-0030","NU314-E-XL-M1-F1-C3","236.53545","3015.83","3015.83","6031.66","6031.66"
"10207","019248296-0000","NU314-E-XL-M1-F1-T51F","261.77185499999996","3337.59","3337.59","6675.18","6675.18"
"10208","019248326-0000","NU314-E-XL-M1A","192.11325","2449.44","2449.44","4898.88","4898.88"
"10209","019248326-0030","NU314-E-XL-M1A-C3","192.126015","2449.61","2449.61","4899.22","4899.22"
"10210","016740050-0000","NU314-E-XL-TVP2","115.88067","1477.48","1477.48","2954.96","2954.96"
"10211","016740050-0030","NU314-E-XL-TVP2-C3","115.88067","1477.48","1477.48","2954.96","2954.96"
"10212","039059065-0000","NU315-E-XL-JP3","153.02682","1951.09","1951.09","3902.18","3902.18"
"10213","039059065-0030","NU315-E-XL-JP3-C3","153.02682","1951.09","1951.09","3902.18","3902.18"
"10214","016740084-0000","NU315-E-XL-M1","221.791875","2827.85","2827.85","5655.7","5655.7"
"10215","016740084-0030","NU315-E-XL-M1-C3","221.791875","2827.85","2827.85","5655.7","5655.7"
"10216","016740084-0040","NU315-E-XL-M1-C4","229.98700499999998","2932.33","2932.33","5864.66","5864.66"
"10217","038264560-0040","NU315-E-XL-M1-F1-C4","294.884265","3759.77","3759.77","7519.54","7519.54"
"10218","038264587-0040","NU315-E-XL-M1A-C4","230.68908","2941.29","2941.29","5882.58","5882.58"
"10219","016740130-0000","NU315-E-XL-TVP2","137.81094","1757.09","1757.09","3514.18","3514.18"
"10220","016740130-0030","NU315-E-XL-TVP2-C3","137.81094","1757.09","1757.09","3514.18","3514.18"
"10221","019248628-0000","NU316-E-XL-M1","278.876955","3555.68","3555.68","7111.36","7111.36"
"10222","019248628-0030","NU316-E-XL-M1-C3","278.876955","3555.68","3555.68","7111.36","7111.36"
"10223","019248628-0040","NU316-E-XL-M1-C4","290.04632999999995","3698.09","3698.09","7396.18","7396.18"
"10224","038686260-0000","NU316-E-XL-M1-F1-T51F","356.44986","4544.74","4544.74","9089.48","9089.48"
"10225","058426132-0030","NU316-E-XL-M1-J20AA-C3","609.6675","7773.26","7773.26","15546.52","15546.52"
"10226","019248709-0030","NU316-E-XL-M1A-C3","278.876955","3555.68","3555.68","7111.36","7111.36"
"10227","016740165-0000","NU316-E-XL-TVP2","164.20896","2093.66","2093.66","4187.32","4187.32"
"10228","016740165-0030","NU316-E-XL-TVP2-C3","164.20896","2093.66","2093.66","4187.32","4187.32"
"10229","016740181-0000","NU317-E-XL-M1","296.81178","3784.35","3784.35","7568.7","7568.7"
"10230","016740181-0030","NU317-E-XL-M1-C3","296.81178","3784.35","3784.35","7568.7","7568.7"
"10231","016740181-0040","NU317-E-XL-M1-C4","311.657475","3973.63","3973.63","7947.26","7947.26"
"10232","016740190-0000","NU317-E-XL-TVP2","188.33480999999998","2401.27","2401.27","4802.54","4802.54"
"10233","016740190-0030","NU317-E-XL-TVP2-C3","188.33480999999998","2401.27","2401.27","4802.54","4802.54"
"10234","016740220-0000","NU318-E-XL-M1","327.60096","4176.91","4176.91","8353.82","8353.82"
"10235","016740220-0030","NU318-E-XL-M1-C3","327.60096","4176.91","4176.91","8353.82","8353.82"
"10236","016740220-0040","NU318-E-XL-M1-C4","340.7106150000001","4344.06","4344.06","8688.12","8688.12"
"10237","071248285-0030","NU318-E-XL-M1-J20AA-C3","1149.4466249999998","14655.44","14655.44","29310.88","29310.88"
"10238","019249004-0030","NU318-E-XL-M1A-C3","327.60096","4176.91","4176.91","8353.82","8353.82"
"10239","016740262-0000","NU318-E-XL-TVP2","210.16295999999997","2679.58","2679.58","5359.16","5359.16"
"10240","016740262-0030","NU318-E-XL-TVP2-C3","210.16295999999997","2679.58","2679.58","5359.16","5359.16"
"10241","016740262-0040","NU318-E-XL-TVP2-C4","218.81762999999998","2789.92","2789.92","5579.84","5579.84"
"10242","019248954-0000","NU3188-M1A","8496.779715","108333.94","108333.94","216667.88","216667.88"
"10243","019005008-0000","NU319-E-XL-M1","358.3518450000001","4568.99","4568.99","9137.98","9137.98"
"2734","019005008-0030","NU319-E-XL-M1 C3","358.3518450000001","4568.99","4568.99","9137.98","9137.98"
"10244","019005008-0050","NU319-E-XL-M1-C5","387.57093","4941.53","4941.53","9883.06","9883.06"
"10245","080679110-0030","NU319-E-XL-M1-J20AA-C3","1240.605375","15817.72","15817.72","31635.44","31635.44"
"10246","019249152-0000","NU319-E-XL-M1A","358.3518450000001","4568.99","4568.99","9137.98","9137.98"
"10247","019249152-0030","NU319-E-XL-M1A-C3","358.3518450000001","4568.99","4568.99","9137.98","9137.98"
"10248","016740297-0000","NU319-E-XL-TVP2","229.476405","2925.82","2925.82","5851.64","5851.64"
"10249","016740297-0030","NU319-E-XL-TVP2-C3","229.476405","2925.82","2925.82","5851.64","5851.64"
"10250","016740319-0000","NU320-E-XL-M1","463.050375","5903.89","5903.89","11807.78","11807.78"
"10251","016740319-0030","NU320-E-XL-M1-C3","463.050375","5903.89","5903.89","11807.78","11807.78"
"10252","016740319-0040","NU320-E-XL-M1-C4","513.7146600000001","6549.86","6549.86","13099.72","13099.72"
"10253","038264668-0040","NU320-E-XL-M1-F1-C4","600.146475","7651.87","7651.87","15303.74","15303.74"
"10254","054784697-0040","NU320-E-XL-M1-F1-J20AA-C4","1515.3997500000003","19321.35","19321.35","38642.7","38642.7"
"10255","019249241-0000","NU320-E-XL-M1-F1-T51F","798.3358649999999","10178.78","10178.78","20357.56","20357.56"
"10256","081405839-0030","NU320-E-XL-M1-J20AA-C3","1317.7365000000002","16801.14","16801.14","33602.28","33602.28"
"10257","019249276-0030","NU320-E-XL-M1A-C3","463.050375","5903.89","5903.89","11807.78","11807.78"
"10258","019249276-0040","NU320-E-XL-M1A-C4","481.59791999999993","6140.37","6140.37","12280.74","12280.74"
"10259","016740343-0000","NU320-E-XL-TVP2","289.778265","3694.67","3694.67","7389.34","7389.34"
"10260","016740343-0030","NU320-E-XL-TVP2-C3","289.778265","3694.67","3694.67","7389.34","7389.34"
"10261","019249357-0000","NU321-E-XL-M1","511.838205","6525.94","6525.94","13051.88","13051.88"
"10262","019249357-0030","NU321-E-XL-M1-C3","511.838205","6525.94","6525.94","13051.88","13051.88"
"10263","016740360-0000","NU322-E-XL-M1","555.3285600000002","7080.44","7080.44","14160.88","14160.88"
"10264","016740360-0030","NU322-E-XL-M1-C3","555.3285600000002","7080.44","7080.44","14160.88","14160.88"
"10265","016740360-0040","NU322-E-XL-M1-C4","577.5268950000001","7363.47","7363.47","14726.94","14726.94"
"10266","038264706-0000","NU322-E-XL-M1-F1","774.12066","9870.04","9870.04","19740.08","19740.08"
"10267","038264706-0040","NU322-E-XL-M1-F1-C4","805.1013150000001","10265.04","10265.04","20530.08","20530.08"
"10268","019249438-0000","NU322-E-XL-M1-F1-T51F","774.12066","9870.04","9870.04","19740.08","19740.08"
"10269","055998313-0030","NU322-E-XL-M1-J20AA-C3","1506.811125","19211.84","19211.84","38423.68","38423.68"
"10270","019249462-0030","NU322-E-XL-M1A-C3","555.3285600000002","7080.44","7080.44","14160.88","14160.88"
"10271","016740386-0000","NU322-E-XL-TVP2","378.60990000000004","4827.28","4827.28","9654.56","9654.56"
"10272","016740386-0030","NU322-E-XL-TVP2-C3","378.60990000000004","4827.28","4827.28","9654.56","9654.56"
"10273","019005024-0000","NU324-E-XL-M1","677.400255","8636.85","8636.85","17273.7","17273.7"
"10274","019005024-0030","NU324-E-XL-M1-C3","677.400255","8636.85","8636.85","17273.7","17273.7"
"10275","019005024-0040","NU324-E-XL-M1-C4","716.83134","9139.6","9139.6","18279.2","18279.2"
"10276","038264722-0040","NU324-E-XL-M1-F1-C4","868.0072349999998","11067.09","11067.09","22134.18","22134.18"
"10277","019249705-0000","NU324-E-XL-M1-F1-T51F","1017.3577349999999","12971.31","12971.31","25942.62","25942.62"
"10278","071249320-0030","NU324-E-XL-M1-J20AA-C3","2038.1681250000004","25986.64","25986.64","51973.28","51973.28"
"10279","039025349-0030","NU324-E-XL-M1-S2-C3","742.1570999999999","9462.5","9462.5","18925","18925"
"10280","019249730-0030","NU324-E-XL-M1A-C3","677.400255","8636.85","8636.85","17273.7","17273.7"
"10281","095479414-0030","NU324-E-XL-MCA-C3","677.400255","8636.85","8636.85","17273.7","17273.7"
"10282","016740416-0000","NU324-E-XL-TVP2","482.87441999999993","6156.65","6156.65","12313.3","12313.3"
"10283","016740416-0030","NU324-E-XL-TVP2-C3","482.87441999999993","6156.65","6156.65","12313.3","12313.3"
"10284","019249799-0000","NU326-E-XL-M1","821.3511600000002","10472.23","10472.23","20944.46","20944.46"
"10285","019249799-0030","NU326-E-XL-M1-C3","821.3511600000002","10472.23","10472.23","20944.46","20944.46"
"10286","019249799-0040","NU326-E-XL-M1-C4","892.311795","11376.98","11376.98","22753.96","22753.96"
"10287","038264749-0040","NU326-E-XL-M1-F1-C4","1423.897455","18154.69","18154.69","36309.38","36309.38"
"10288","083602500-0030","NU326-E-XL-M1-J20AA-C3","2737.9815","34909.26","34909.26","69818.52","69818.52"
"10289","038264765-0030","NU326-E-XL-M1A-C3","821.3511600000002","10472.23","10472.23","20944.46","20944.46"
"10290","016740432-0000","NU326-E-XL-TVP2","592.742775","7557.47","7557.47","15114.94","15114.94"
"10291","016740432-0030","NU326-E-XL-TVP2-C3","592.742775","7557.47","7557.47","15114.94","15114.94"
"10292","019008627-0000","NU328-E-XL-M1","941.59746","12005.37","12005.37","24010.74","24010.74"
"10293","019008627-0030","NU328-E-XL-M1-C3","941.59746","12005.37","12005.37","24010.74","24010.74"
"10294","019008627-0040","NU328-E-XL-M1-C4","979.5733349999999","12489.56","12489.56","24979.12","24979.12"
"10295","038264781-0030","NU328-E-XL-M1-F1-C3","1326.1558499999999","16908.49","16908.49","33816.98","33816.98"
"10296","038264781-0040","NU328-E-XL-M1-F1-C4","1379.4241950000003","17587.66","17587.66","35175.32","35175.32"
"10297","038575523-0000","NU328-E-XL-M1-F1-T51F","1467.579285","18711.64","18711.64","37423.28","37423.28"
"10298","039060276-0030","NU328-E-XL-M1-J20AA-C3","2821.8420000000006","35978.49","35978.49","71956.98","71956.98"
"10299","086197703-0030","NU328-E-XL-MPAX-J30PC-C3","1403.76705","17898.03","17898.03","35796.06","35796.06"
"10300","019008643-0030","NU328-E-XL-TVP2-C3","840.4603649999999","10715.87","10715.87","21431.74","21431.74"
"10301","016740440-0000","NU330-E-XL-M1","1183.0346700000002","15083.69","15083.69","30167.38","30167.38"
"10302","016740440-0030","NU330-E-XL-M1-C3","1183.0346700000002","15083.69","15083.69","30167.38","30167.38"
"10303","016740440-0040","NU330-E-XL-M1-C4","1230.380055","15687.35","15687.35","31374.7","31374.7"
"10304","038264820-0030","NU330-E-XL-M1A-C3","1183.0346700000002","15083.69","15083.69","30167.38","30167.38"
"10305","019005040-0000","NU332-E-M1","1535.57844","19578.63","19578.63","39157.26","39157.26"
"10306","019005040-0030","NU332-E-M1-C3","1535.57844","19578.63","19578.63","39157.26","39157.26"
"10307","019005040-0040","NU332-E-M1-C4","1597.0163850000001","20361.96","20361.96","40723.92","40723.92"
"10308","019008660-0030","NU332-E-M1A-C3","1535.57844","19578.63","19578.63","39157.26","39157.26"
"10309","016740483-0000","NU334-E-M1","1959.797685","24987.42","24987.42","49974.84","49974.84"
"10310","016740483-0030","NU334-E-M1-C3","1959.797685","24987.42","24987.42","49974.84","49974.84"
"10311","079943713-0000","NU334-E-TB-M1","1959.797685","24987.42","24987.42","49974.84","49974.84"
"10312","079943713-0030","NU334-E-TB-M1-C3","1959.797685","24987.42","24987.42","49974.84","49974.84"
"10313","019008686-0000","NU336-E-M1","2483.0350349999994","31658.7","31658.7","63317.4","63317.4"
"10314","019008686-0030","NU336-E-M1-C3","2483.0350349999994","31658.7","31658.7","63317.4","63317.4"
"10315","080059007-0000","NU336-E-TB-M1","2483.0350349999994","31658.7","31658.7","63317.4","63317.4"
"10316","080059007-0030","NU336-E-TB-M1-C3","2483.0350349999994","31658.7","31658.7","63317.4","63317.4"
"10317","080080740-4001","NU336-E-TB-MPAX-R132-208","1686.3458549999998","21500.91","21500.91","43001.82","43001.82"
"10318","016740491-0000","NU338-E-M1","3071.10582","39156.6","39156.6","78313.2","78313.2"
"10319","016740491-0030","NU338-E-M1-C3","3071.10582","39156.6","39156.6","78313.2","78313.2"
"10320","080089879-0000","NU338-E-TB-M1","3071.10582","39156.6","39156.6","78313.2","78313.2"
"10321","080089879-0030","NU338-E-TB-M1-C3","3071.10582","39156.6","39156.6","78313.2","78313.2"
"10322","019008708-0000","NU340-E-M1","3327.04407","42419.81","42419.81","84839.62","84839.62"
"10323","019008708-0030","NU340-E-M1-C3","3327.04407","42419.81","42419.81","84839.62","84839.62"
"10324","080106226-0000","NU340-E-TB-M1","3327.04407","42419.81","42419.81","84839.62","84839.62"
"10325","080106226-0030","NU340-E-TB-M1-C3","3327.04407","42419.81","42419.81","84839.62","84839.62"
"10326","019008732-0030","NU344-E-M1-C3","5400.105599999999","68851.35","68851.35","137702.7","137702.7"
"10327","080149090-0000","NU344-E-TB-M1","4980.481755","63501.14","63501.14","127002.28","127002.28"
"10328","080149090-0030","NU344-E-TB-M1-C3","4980.481755","63501.14","63501.14","127002.28","127002.28"
"10329","019008759-0030","NU348-E-M1-C3","6900.107985","87976.38","87976.38","175952.76","175952.76"
"10330","080144284-0030","NU348-E-TB-M1-C3","6455.043495","82301.8","82301.8","164603.6","164603.6"
"10331","080198724-0000","NU352-E-TB-M1","7395.9644100000005","94298.55","94298.55","188597.1","188597.1"
"10332","080191207-0030","NU364-E-TB-M1-C3","12394.687349999998","158032.26","158032.26","316064.52","316064.52"
"10333","019005059-0000","NU406-XL-M1","95.71197000000001","1220.33","1220.33","2440.66","2440.66"
"10334","019005059-0030","NU406-XL-M1-C3","95.71197000000001","1220.33","1220.33","2440.66","2440.66"
"10335","016740513-0000","NU407-XL","78.87493500000001","1005.66","1005.66","2011.32","2011.32"
"10336","016740513-0030","NU407-XL-C3","78.87493500000001","1005.66","1005.66","2011.32","2011.32"
"10337","019250428-0000","NU407-XL-M1","112.61283","1435.81","1435.81","2871.62","2871.62"
"10338","019250428-0030","NU407-XL-M1-C3","112.61283","1435.81","1435.81","2871.62","2871.62"
"10339","038264846-0000","NU408-XL-M1","144.4998","1842.37","1842.37","3684.74","3684.74"
"10340","038264846-0030","NU408-XL-M1-C3","144.4998","1842.37","1842.37","3684.74","3684.74"
"10341","038264846-0040","NU408-XL-M1-C4","150.333405","1916.75","1916.75","3833.5","3833.5"
"10342","039026264-0000","NU409-XL-M1","153.601245","1958.42","1958.42","3916.84","3916.84"
"10343","039026264-0030","NU409-XL-M1-C3","153.601245","1958.42","1958.42","3916.84","3916.84"
"10344","039026264-0040","NU409-XL-M1-C4","159.76673999999997","2037.03","2037.03","4074.06","4074.06"
"10345","039026280-0030","NU409-XL-M1A-C3","153.601245","1958.42","1958.42","3916.84","3916.84"
"10346","039026280-0040","NU409-XL-M1A-C4","159.76673999999997","2037.03","2037.03","4074.06","4074.06"
"10347","038384558-0000","NU410-XL-M1","189.76449000000002","2419.5","2419.5","4839","4839"
"10348","038384558-0030","NU410-XL-M1-C3","189.76449000000002","2419.5","2419.5","4839","4839"
"10349","039026302-0000","NU411-XL-M1","214.93706999999998","2740.45","2740.45","5480.9","5480.9"
"10350","039026302-0030","NU411-XL-M1-C3","214.93706999999998","2740.45","2740.45","5480.9","5480.9"
"10351","038264862-0000","NU412-XL-M1","245.662425","3132.2","3132.2","6264.4","6264.4"
"10352","038264862-0030","NU412-XL-M1-C3","245.662425","3132.2","3132.2","6264.4","6264.4"
"10353","038264862-0040","NU412-XL-M1-C4","290.084625","3698.58","3698.58","7397.16","7397.16"
"10354","019250592-0000","NU412-XL-M1-F1-T51F","368.70426000000003","4700.98","4700.98","9401.96","9401.96"
"10355","039026310-0000","NU413-XL-M1","255.96378","3263.54","3263.54","6527.08","6527.08"
"10356","039026310-0030","NU413-XL-M1-C3","255.96378","3263.54","3263.54","6527.08","6527.08"
"10357","019250673-0000","NU414-XL-M1","358.3518450000001","4568.99","4568.99","9137.98","9137.98"
"10358","019250673-0030","NU414-XL-M1-C3","358.3518450000001","4568.99","4568.99","9137.98","9137.98"
"10359","019250673-0040","NU414-XL-M1-C4","372.68694","4751.76","4751.76","9503.52","9503.52"
"10360","039026353-0000","NU415-XL-M1","501.85597499999994","6398.66","6398.66","12797.32","12797.32"
"10361","039026353-0030","NU415-XL-M1-C3","501.85597499999994","6398.66","6398.66","12797.32","12797.32"
"10362","019250746-0000","NU416-XL-M1","486.21885","6199.29","6199.29","12398.58","12398.58"
"10363","019250746-0030","NU416-XL-M1-C3","486.21885","6199.29","6199.29","12398.58","12398.58"
"10364","019250746-0040","NU416-XL-M1-C4","516.739965","6588.43","6588.43","13176.86","13176.86"
"10365","019250789-0000","NU417-XL-M1","633.62907","8078.77","8078.77","16157.54","16157.54"
"10366","019250789-0030","NU417-XL-M1-C3","633.62907","8078.77","8078.77","16157.54","16157.54"
"10367","019250819-0000","NU418-XL-M1","668.2860450000001","8520.65","8520.65","17041.3","17041.3"
"10368","019250819-0030","NU418-XL-M1-C3","668.2860450000001","8520.65","8520.65","17041.3","17041.3"
"10369","019250819-0040","NU418-XL-M1-C4","695.041485","8861.78","8861.78","17723.56","17723.56"
"10370","038264900-0040","NU419-XL-F-C4","875.1556350000002","11158.23","11158.23","22316.46","22316.46"
"10371","016740645-0000","NU419-XL-M1","819.0024","10442.28","10442.28","20884.56","20884.56"
"10372","016740645-0030","NU419-XL-M1-C3","819.0024","10442.28","10442.28","20884.56","20884.56"
"10373","016740645-0040","NU419-XL-M1-C4","870.381525","11097.36","11097.36","22194.72","22194.72"
"10374","016740653-0000","NU420-XL-M1","844.5196350000002","10767.63","10767.63","21535.26","21535.26"
"10375","016740653-0040","NU420-XL-M1-C4","878.346885","11198.92","11198.92","22397.84","22397.84"
"10376","016740661-0000","NU421-XL-M1","972.51429","12399.56","12399.56","24799.12","24799.12"
"10377","016740661-0030","NU421-XL-M1-C3","972.51429","12399.56","12399.56","24799.12","24799.12"
"10378","016740661-0040","NU421-XL-M1-C4","1049.283","13378.36","13378.36","26756.72","26756.72"
"10379","039026949-0030","NU422-XL-M1-C3","1228.4014799999998","15662.12","15662.12","31324.24","31324.24"
"10380","038264943-0050","NU424-XL-F-C5","1868.119455","23818.52","23818.52","47637.04","47637.04"
"10381","016740670-0000","NU424-XL-M1","1535.57844","19578.63","19578.63","39157.26","39157.26"
"10382","016740670-0030","NU424-XL-M1-C3","1535.57844","19578.63","19578.63","39157.26","39157.26"
"10383","016740670-0040","NU424-XL-M1-C4","1817.07222","23167.67","23167.67","46335.34","46335.34"
"10384","016740670-0050","NU424-XL-M1-C5","1871.6170650000004","23863.12","23863.12","47726.24","47726.24"
"10385","019251076-0000","NU428-M1","2303.2783050000003","29366.8","29366.8","58733.6","58733.6"
"10386","019251246-0000","NUB213-E-XL-TVP2","123.424785","1573.67","1573.67","3147.34","3147.34"
"10387","038839350-0000","NUB220-E-XL-M1A","425.3298","5422.95","5422.95","10845.9","10845.9"
"10388","019251297-0000","NUB222-E-XL-M1","476.56850999999995","6076.25","6076.25","12152.5","12152.5"
"10389","039027210-0030","NUB312-E-XL-M1-C3","307.15143","3916.18","3916.18","7832.36","7832.36"
"10390","038555409-0000","NUP203-E-XL-M1A","53.49811499999999","682.1","682.1","1364.2","1364.2"
"10391","016740696-0000","NUP203-E-XL-TVP2","28.146825","358.87","358.87","717.74","717.74"
"10392","016740700-0000","NUP204-E-XL-TVP2","29.448855","375.47","375.47","750.94","750.94"
"10393","016740700-0030","NUP204-E-XL-TVP2-C3","29.448855","375.47","375.47","750.94","750.94"
"10394","016740718-0000","NUP205-E-XL-TVP2","29.602035","377.43","377.43","754.86","754.86"
"10395","016740718-0030","NUP205-E-XL-TVP2-C3","29.602035","377.43","377.43","754.86","754.86"
"10396","016740718-0040","NUP205-E-XL-TVP2-C4","33.150704999999995","422.67","422.67","845.34","845.34"
"10397","038454599-0030","NUP206-E-XL-M1-C3","67.437495","859.83","859.83","1719.66","1719.66"
"10398","016740742-0000","NUP206-E-XL-TVP2","29.755214999999996","379.38","379.38","758.76","758.76"
"10399","016740742-0030","NUP206-E-XL-TVP2-C3","29.755214999999996","379.38","379.38","758.76","758.76"
"10400","019251718-0000","NUP207-E-XL-JP1","43.6563","556.62","556.62","1113.24","1113.24"
"10401","019251718-0030","NUP207-E-XL-JP1-C3","43.6563","556.62","556.62","1113.24","1113.24"
"10402","038995956-0000","NUP207-E-XL-JP3","45.762525000000004","583.47","583.47","1166.94","1166.94"
"10403","038995956-0030","NUP207-E-XL-JP3-C3","45.762525000000004","583.47","583.47","1166.94","1166.94"
"10404","038261685-0000","NUP207-E-XL-M1","69.020355","880.01","880.01","1760.02","1760.02"
"10405","038261685-0030","NUP207-E-XL-M1-C3","69.020355","880.01","880.01","1760.02","1760.02"
"10406","016740750-0000","NUP207-E-XL-TVP2","35.84412","457.01","457.01","914.02","914.02"
"10407","016740750-0030","NUP207-E-XL-TVP2-C3","35.84412","457.01","457.01","914.02","914.02"
"10408","019251777-0030","NUP208-E-XL-M1-C3","69.224595","882.61","882.61","1765.22","1765.22"
"10409","038261715-0030","NUP208-E-XL-N-M1-C3","69.224595","882.61","882.61","1765.22","1765.22"
"10410","016740769-0000","NUP208-E-XL-TVP2","37.388684999999995","476.71","476.71","953.42","953.42"
"10411","016740769-0030","NUP208-E-XL-TVP2-C3","37.388684999999995","476.71","476.71","953.42","953.42"
"10412","066827779-0000","NUP209-E-XL-JP3","58.37434499999999","744.27","744.27","1488.54","1488.54"
"10413","019251823-0000","NUP209-E-XL-M1","84.63194999999999","1079.06","1079.06","2158.12","2158.12"
"10414","016740777-0000","NUP209-E-XL-TVP2","42.137265","537.25","537.25","1074.5","1074.5"
"10415","016740777-0030","NUP209-E-XL-TVP2-C3","42.137265","537.25","537.25","1074.5","1074.5"
"10416","038998963-0000","NUP210-E-XL-JP3","63.888825","814.58","814.58","1629.16","1629.16"
"10417","038998963-0030","NUP210-E-XL-JP3-C3","63.888825","814.58","814.58","1629.16","1629.16"
"10418","019251904-0000","NUP210-E-XL-M1","92.559015","1180.13","1180.13","2360.26","2360.26"
"10419","019251904-0030","NUP210-E-XL-M1-C3","92.559015","1180.13","1180.13","2360.26","2360.26"
"10420","016740785-0000","NUP210-E-XL-TVP2","48.31552500000001","616.02","616.02","1232.04","1232.04"
"10421","016740785-0030","NUP210-E-XL-TVP2-C3","48.31552500000001","616.02","616.02","1232.04","1232.04"
"10422","019251955-0000","NUP211-E-XL-M1","104.455995","1331.81","1331.81","2663.62","2663.62"
"10423","019251955-0030","NUP211-E-XL-M1-C3","104.455995","1331.81","1331.81","2663.62","2663.62"
"10424","016740793-0000","NUP211-E-XL-TVP2","59.638079999999995","760.39","760.39","1520.78","1520.78"
"10425","016740793-0030","NUP211-E-XL-TVP2-C3","59.638079999999995","760.39","760.39","1520.78","1520.78"
"10426","019252021-0000","NUP212-E-XL-M1","108.11955","1378.52","1378.52","2757.04","2757.04"
"10427","019252021-0030","NUP212-E-XL-M1-C3","108.11955","1378.52","1378.52","2757.04","2757.04"
"10428","016740807-0000","NUP212-E-XL-TVP2","67.641735","862.43","862.43","1724.86","1724.86"
"10429","016740807-0030","NUP212-E-XL-TVP2-C3","67.641735","862.43","862.43","1724.86","1724.86"
"10430","038261766-0030","NUP213-E-XL-M1-C3","140.88730500000003","1796.31","1796.31","3592.62","3592.62"
"10431","019252099-0000","NUP213-E-XL-N-M1","140.88730500000003","1796.31","1796.31","3592.62","3592.62"
"10432","019252099-0030","NUP213-E-XL-N-M1-C3","140.88730500000003","1796.31","1796.31","3592.62","3592.62"
"10433","016740815-0000","NUP213-E-XL-TVP2","79.83231","1017.86","1017.86","2035.72","2035.72"
"10434","016740815-0030","NUP213-E-XL-TVP2-C3","79.83231","1017.86","1017.86","2035.72","2035.72"
"10435","019252129-0000","NUP214-E-XL-M1","161.40066000000002","2057.86","2057.86","4115.72","4115.72"
"10436","019252129-0030","NUP214-E-XL-M1-C3","161.40066000000002","2057.86","2057.86","4115.72","4115.72"
"10437","039027490-0040","NUP214-E-XL-M1-F1-C4","315.95928","4028.48","4028.48","8056.96","8056.96"
"10438","016740823-0000","NUP214-E-XL-TVP2","92.125005","1174.59","1174.59","2349.18","2349.18"
"10439","016740823-0030","NUP214-E-XL-TVP2-C3","92.125005","1174.59","1174.59","2349.18","2349.18"
"10440","038261812-0000","NUP215-E-XL-M1","198.15109499999997","2526.43","2526.43","5052.86","5052.86"
"10441","038261812-0030","NUP215-E-XL-M1-C3","198.15109499999997","2526.43","2526.43","5052.86","5052.86"
"10442","019252269-0000","NUP215-E-XL-TVP2","108.37485000000001","1381.78","1381.78","2763.56","2763.56"
"10443","019252269-0030","NUP215-E-XL-TVP2-C3","108.37485000000001","1381.78","1381.78","2763.56","2763.56"
"10444","016740831-0000","NUP216-E-XL-M1","219.28993499999999","2795.95","2795.95","5591.9","5591.9"
"10445","016740831-0030","NUP216-E-XL-M1-C3","219.28993499999999","2795.95","2795.95","5591.9","5591.9"
"10446","019252323-0000","NUP216-E-XL-TVP2","120.38671500000002","1534.93","1534.93","3069.86","3069.86"
"10447","019252323-0030","NUP216-E-XL-TVP2-C3","120.38671500000002","1534.93","1534.93","3069.86","3069.86"
"10448","038261839-0000","NUP217-E-XL-M1","230.369955","2937.22","2937.22","5874.44","5874.44"
"10449","038261839-0030","NUP217-E-XL-M1-C3","230.369955","2937.22","2937.22","5874.44","5874.44"
"10450","016740858-0000","NUP217-E-XL-TVP2","138.19389","1761.97","1761.97","3523.94","3523.94"
"10451","016740858-0030","NUP217-E-XL-TVP2-C3","138.19389","1761.97","1761.97","3523.94","3523.94"
"10452","039027902-0030","NUP217-E-XL-TVP2-F1-C3","350.412015","4467.75","4467.75","8935.5","8935.5"
"10453","019252447-0000","NUP218-E-XL-M1","253.55119500000004","3232.78","3232.78","6465.56","6465.56"
"10454","019252447-0030","NUP218-E-XL-M1-C3","253.55119500000004","3232.78","3232.78","6465.56","6465.56"
"10455","039027937-0030","NUP218-E-XL-M1-F1-J20AA-C3","1238.78775","15794.54","15794.54","31589.08","31589.08"
"10456","016740866-0000","NUP218-E-XL-TVP2","151.11207","1926.68","1926.68","3853.36","3853.36"
"10457","016740866-0030","NUP218-E-XL-TVP2-C3","151.11207","1926.68","1926.68","3853.36","3853.36"
"10458","019252501-0000","NUP219-E-XL-M1","281.54484","3589.7","3589.7","7179.4","7179.4"
"10459","019252501-0030","NUP219-E-XL-M1-C3","281.54484","3589.7","3589.7","7179.4","7179.4"
"10460","038261871-0030","NUP219-E-XL-M1-P6-F1-C3","332.5920750000001","4240.55","4240.55","8481.1","8481.1"
"10461","039027945-0030","NUP219-E-XL-M1A-C3","281.54484","3589.7","3589.7","7179.4","7179.4"
"10462","039027945-0040","NUP219-E-XL-M1A-C4","292.816335","3733.41","3733.41","7466.82","7466.82"
"10463","016740882-0000","NUP219-E-XL-TVP2","171.65095499999995","2188.55","2188.55","4377.1","4377.1"
"10464","016740882-0030","NUP219-E-XL-TVP2-C3","171.65095499999995","2188.55","2188.55","4377.1","4377.1"
"10465","019252803-0000","NUP220-E-XL-M1","332.66866500000003","4241.53","4241.53","8483.06","8483.06"
"10466","019252803-0030","NUP220-E-XL-M1-C3","332.66866500000003","4241.53","4241.53","8483.06","8483.06"
"10467","019252846-0000","NUP220-E-XL-TVP2","220.70685","2814.01","2814.01","5628.02","5628.02"
"10468","019252846-0030","NUP220-E-XL-TVP2-C3","220.70685","2814.01","2814.01","5628.02","5628.02"
"10469","016740890-0000","NUP2203-E-XL-TVP2","24.406680000000005","311.19","311.19","622.38","622.38"
"10470","019252625-0000","NUP2204-E-XL-TVP2","28.8489","367.82","367.82","735.64","735.64"
"10471","019252625-0030","NUP2204-E-XL-TVP2-C3","28.8489","367.82","367.82","735.64","735.64"
"10472","019252633-0000","NUP2205-E-XL-M1","55.11927","702.77","702.77","1405.54","1405.54"
"10473","016740904-0000","NUP2205-E-XL-TVP2","29.92116","381.49","381.49","762.98","762.98"
"10474","016740904-0030","NUP2205-E-XL-TVP2-C3","29.92116","381.49","381.49","762.98","762.98"
"10475","019252684-0000","NUP2206-E-XL-M1","65.56103999999999","835.9","835.9","1671.8","1671.8"
"10476","016740912-0000","NUP2206-E-XL-TVP2","35.295224999999995","450.01","450.01","900.02","900.02"
"10477","016740912-0030","NUP2206-E-XL-TVP2-C3","35.295224999999995","450.01","450.01","900.02","900.02"
"10478","016740920-0000","NUP2207-E-XL-TVP2","41.17989","525.04","525.04","1050.08","1050.08"
"10479","016740920-0030","NUP2207-E-XL-TVP2-C3","41.17989","525.04","525.04","1050.08","1050.08"
"10480","019252730-0030","NUP2208-E-XL-M1-C3","90.35067","1151.97","1151.97","2303.94","2303.94"
"10481","016740939-0000","NUP2208-E-XL-TVP2","49.362255","629.37","629.37","1258.74","1258.74"
"10482","016740939-0030","NUP2208-E-XL-TVP2-C3","49.362255","629.37","629.37","1258.74","1258.74"
"10483","016740947-0000","NUP2209-E-XL-TVP2","54.621435000000005","696.42","696.42","1392.84","1392.84"
"10484","016740947-0030","NUP2209-E-XL-TVP2-C3","54.621435000000005","696.42","696.42","1392.84","1392.84"
"10485","093522207-0000","NUP2209-E-XL-TVP2>A","54.621435000000005","696.42","696.42","1392.84","1392.84"
"10486","016741056-0000","NUP221-E-XL-TVP2","253.34695499999998","3230.17","3230.17","6460.34","6460.34"
"10487","038261944-0030","NUP2210-E-XL-M1-C3","112.829835","1438.58","1438.58","2877.16","2877.16"
"10488","016740955-0000","NUP2210-E-XL-TVP2","55.62987","709.28","709.28","1418.56","1418.56"
"10489","016740955-0030","NUP2210-E-XL-TVP2-C3","55.62987","709.28","709.28","1418.56","1418.56"
"10490","019252919-0000","NUP2211-E-XL-M1","122.83759500000002","1566.18","1566.18","3132.36","3132.36"
"10491","019252919-0030","NUP2211-E-XL-M1-C3","122.83759500000002","1566.18","1566.18","3132.36","3132.36"
"10492","095554335-0030","NUP2211-E-XL-M1-C3>A","128.18613","1634.37","1634.37","3268.74","3268.74"
"10493","016740963-0000","NUP2211-E-XL-TVP2","65.34403499999999","833.14","833.14","1666.28","1666.28"
"10494","016740963-0030","NUP2211-E-XL-TVP2-C3","65.34403499999999","833.14","833.14","1666.28","1666.28"
"10495","019252951-0000","NUP2212-E-XL-M1","127.98189","1631.77","1631.77","3263.54","3263.54"
"10496","019252951-0030","NUP2212-E-XL-M1-C3","127.98189","1631.77","1631.77","3263.54","3263.54"
"10497","016740971-0000","NUP2212-E-XL-TVP2","77.24101499999999","984.82","984.82","1969.64","1969.64"
"10498","016740971-0030","NUP2212-E-XL-TVP2-C3","77.24101499999999","984.82","984.82","1969.64","1969.64"
"10499","038261960-0000","NUP2213-E-XL-M1","185.76904499999998","2368.56","2368.56","4737.12","4737.12"
"10500","038261960-0030","NUP2213-E-XL-M1-C3","185.76904499999998","2368.56","2368.56","4737.12","4737.12"
"10501","016740980-0000","NUP2213-E-XL-TVP2","91.75482000000001","1169.87","1169.87","2339.74","2339.74"
"10502","016740980-0030","NUP2213-E-XL-TVP2-C3","91.75482000000001","1169.87","1169.87","2339.74","2339.74"
"10503","019253028-0000","NUP2214-E-XL-M1","191.411175","2440.49","2440.49","4880.98","4880.98"
"10504","019253028-0030","NUP2214-E-XL-M1-C3","191.411175","2440.49","2440.49","4880.98","4880.98"
"10505","019253052-0000","NUP2214-E-XL-TVP2","110.23854","1405.54","1405.54","2811.08","2811.08"
"10506","019253052-0030","NUP2214-E-XL-TVP2-C3","110.23854","1405.54","1405.54","2811.08","2811.08"
"10507","038261995-0030","NUP2215-E-XL-K-M1-C3","120.38671500000002","1534.93","1534.93","3069.86","3069.86"
"10508","038261979-0000","NUP2215-E-XL-M1","120.38671500000002","1534.93","1534.93","3069.86","3069.86"
"10509","038261979-0030","NUP2215-E-XL-M1-C3","120.38671500000002","1534.93","1534.93","3069.86","3069.86"
"10510","038261987-0030","NUP2215-E-XL-M1A-C3","120.38671500000002","1534.93","1534.93","3069.86","3069.86"
"10511","016741005-0000","NUP2215-E-XL-TVP2","113.55743999999999","1447.86","1447.86","2895.72","2895.72"
"10512","016741005-0030","NUP2215-E-XL-TVP2-C3","113.55743999999999","1447.86","1447.86","2895.72","2895.72"
"10513","019253125-0000","NUP2216-E-XL-M1","244.69228500000003","3119.83","3119.83","6239.66","6239.66"
"10514","019253125-0030","NUP2216-E-XL-M1-C3","244.69228500000003","3119.83","3119.83","6239.66","6239.66"
"10515","016741013-0000","NUP2216-E-XL-TVP2","146.223075","1864.34","1864.34","3728.68","3728.68"
"10516","016741013-0030","NUP2216-E-XL-TVP2-C3","146.223075","1864.34","1864.34","3728.68","3728.68"
"10517","019253184-0000","NUP2217-E-XL-M1","281.557605","3589.86","3589.86","7179.72","7179.72"
"10518","019253184-0030","NUP2217-E-XL-M1-C3","281.557605","3589.86","3589.86","7179.72","7179.72"
"10519","038057689-0030","NUP2217-E-XL-M1-F1-C3","766.4361299999999","9772.06","9772.06","19544.12","19544.12"
"10520","019253230-0000","NUP2217-E-XL-TVP2","177.90580500000002","2268.3","2268.3","4536.6","4536.6"
"10521","019253257-0000","NUP2218-E-XL-M1","332.66866500000003","4241.53","4241.53","8483.06","8483.06"
"10522","019253257-0030","NUP2218-E-XL-M1-C3","332.66866500000003","4241.53","4241.53","8483.06","8483.06"
"10523","016741021-0000","NUP2218-E-XL-TVP2","204.72507","2610.24","2610.24","5220.48","5220.48"
"10524","016741021-0030","NUP2218-E-XL-TVP2-C3","204.72507","2610.24","2610.24","5220.48","5220.48"
"10525","038262010-0000","NUP2219-E-XL-M1","371.2189650000001","4733.04","4733.04","9466.08","9466.08"
"10526","038262010-0030","NUP2219-E-XL-M1-C3","371.2189650000001","4733.04","4733.04","9466.08","9466.08"
"10527","016741048-0000","NUP2219-E-XL-TVP2","262.001625","3340.52","3340.52","6681.04","6681.04"
"10528","016741137-0000","NUP222-E-XL-M1","409.513965","5221.3","5221.3","10442.6","10442.6"
"10529","016741137-0030","NUP222-E-XL-M1-C3","409.513965","5221.3","5221.3","10442.6","10442.6"
"10530","019253486-0000","NUP222-E-XL-TVP2","260.5464150000001","3321.97","3321.97","6643.94","6643.94"
"10531","016741064-0000","NUP2220-E-XL-M1","435.10779","5547.62","5547.62","11095.24","11095.24"
"10532","016741064-0030","NUP2220-E-XL-M1-C3","435.10779","5547.62","5547.62","11095.24","11095.24"
"10533","016741080-0000","NUP2220-E-XL-TVP2","312.2319","3980.96","3980.96","7961.92","7961.92"
"10534","019253346-0000","NUP2222-E-XL-M1","671.8091850000001","8565.57","8565.57","17131.14","17131.14"
"10535","019253346-0030","NUP2222-E-XL-M1-C3","671.8091850000001","8565.57","8565.57","17131.14","17131.14"
"10536","016741099-0000","NUP2222-E-XL-TVP2","422.29173","5384.22","5384.22","10768.44","10768.44"
"10537","016741102-0000","NUP2224-E-XL-M1","767.725395","9788.5","9788.5","19577","19577"
"10538","016741102-0030","NUP2224-E-XL-M1-C3","767.725395","9788.5","9788.5","19577","19577"
"10539","016741110-0000","NUP2224-E-XL-TVP2","543.852825","6934.12","6934.12","13868.24","13868.24"
"10540","016741110-0030","NUP2224-E-XL-TVP2-C3","543.852825","6934.12","6934.12","13868.24","13868.24"
"10541","019253419-0000","NUP2226-E-XL-M1","946.9332300000001","12073.4","12073.4","24146.8","24146.8"
"10542","019253427-0000","NUP2226-E-XL-TVP2","665.43945","8484.35","8484.35","16968.7","16968.7"
"10543","019253427-0030","NUP2226-E-XL-TVP2-C3","665.43945","8484.35","8484.35","16968.7","16968.7"
"10544","019253443-0000","NUP2228-E-XL-M1","1151.68383","14683.97","14683.97","29367.94","29367.94"
"10545","019253443-0030","NUP2228-E-XL-M1-C3","1151.68383","14683.97","14683.97","29367.94","29367.94"
"10546","016741153-0000","NUP2230-E-XL-M1","1279.601895","16314.92","16314.92","32629.84","32629.84"
"10547","016741153-0030","NUP2230-E-XL-M1-C3","1279.601895","16314.92","16314.92","32629.84","32629.84"
"10548","019253516-0000","NUP2232-E-XL-M1","1791.4656300000001","22841.19","22841.19","45682.38","45682.38"
"10549","038262045-0000","NUP2234-E-XL-M1","2211.778785","28200.18","28200.18","56400.36","56400.36"
"10550","019253532-0000","NUP2236-E-XL-M1","2718.91947","34666.22","34666.22","69332.44","69332.44"
"10551","019253532-0030","NUP2236-E-XL-M1-C3","2718.91947","34666.22","34666.22","69332.44","69332.44"
"10552","016741161-0000","NUP224-E-XL-M1","511.838205","6525.94","6525.94","13051.88","13051.88"
"10553","016741161-0030","NUP224-E-XL-M1-C3","511.838205","6525.94","6525.94","13051.88","13051.88"
"10554","016741170-0000","NUP224-E-XL-TVP2","320.05684499999995","4080.72","4080.72","8161.44","8161.44"
"10555","016741170-0030","NUP224-E-XL-TVP2-C3","355.62013499999995","4534.16","4534.16","9068.32","9068.32"
"10556","019253575-0000","NUP226-E-XL-M1","639.83286","8157.87","8157.87","16315.74","16315.74"
"10557","019253575-0030","NUP226-E-XL-M1-C3","639.83286","8157.87","8157.87","16315.74","16315.74"
"10558","019253605-0000","NUP226-E-XL-TVP2","422.29173","5384.22","5384.22","10768.44","10768.44"
"10559","019253621-0000","NUP228-E-XL-M1","767.725395","9788.5","9788.5","19577","19577"
"10560","019253621-0030","NUP228-E-XL-M1-C3","767.725395","9788.5","9788.5","19577","19577"
"10561","016741234-0000","NUP230-E-XL-M1","844.5324","10767.79","10767.79","21535.58","21535.58"
"10562","016741234-0030","NUP230-E-XL-M1-C3","844.5324","10767.79","10767.79","21535.58","21535.58"
"10563","038262053-0040","NUP230-E-XL-M1-F1-C4","1486.8927299999998","18957.88","18957.88","37915.76","37915.76"
"10564","016741188-0000","NUP2304-E-XL-TVP2","44.996625","573.71","573.71","1147.42","1147.42"
"10565","016741188-0030","NUP2304-E-XL-TVP2-C3","44.996625","573.71","573.71","1147.42","1147.42"
"10566","016741196-0000","NUP2305-E-XL-TVP2","47.804925000000004","609.51","609.51","1219.02","1219.02"
"10567","016741196-0030","NUP2305-E-XL-TVP2-C3","47.804925000000004","609.51","609.51","1219.02","1219.02"
"10568","019253710-0000","NUP2306-E-XL-TVP2","53.830005","686.33","686.33","1372.66","1372.66"
"10569","019253710-0030","NUP2306-E-XL-TVP2-C3","53.830005","686.33","686.33","1372.66","1372.66"
"10570","060413409-0030","NUP2307-E-XL-M1-C3","100.498845","1281.36","1281.36","2562.72","2562.72"
"10571","016741200-0000","NUP2307-E-XL-TVP2","58.987065","752.09","752.09","1504.18","1504.18"
"10572","016741200-0030","NUP2307-E-XL-TVP2-C3","58.987065","752.09","752.09","1504.18","1504.18"
"10573","019253745-0000","NUP2308-E-XL-M1","127.98189","1631.77","1631.77","3263.54","3263.54"
"10574","019253745-0030","NUP2308-E-XL-M1-C3","127.98189","1631.77","1631.77","3263.54","3263.54"
"10575","016741218-0000","NUP2308-E-XL-TVP2","68.06298000000001","867.8","867.8","1735.6","1735.6"
"10576","016741218-0030","NUP2308-E-XL-TVP2-C3","68.06298000000001","867.8","867.8","1735.6","1735.6"
"10577","019253788-0000","NUP2309-E-XL-M1","148.45695","1892.83","1892.83","3785.66","3785.66"
"10578","019253788-0030","NUP2309-E-XL-M1-C3","148.45695","1892.83","1892.83","3785.66","3785.66"
"10579","016741226-0000","NUP2309-E-XL-TVP2","82.09171500000002","1046.67","1046.67","2093.34","2093.34"
"10580","016741226-0030","NUP2309-E-XL-TVP2-C3","82.09171500000002","1046.67","1046.67","2093.34","2093.34"
"10581","093330545-0000","NUP2309-E-XL-TVP2>A","82.09171500000002","1046.67","1046.67","2093.34","2093.34"
"10582","019253885-0000","NUP2310-E-XL-M1","179.15677499999998","2284.25","2284.25","4568.5","4568.5"
"10583","019253885-0030","NUP2310-E-XL-M1-C3","179.15677499999998","2284.25","2284.25","4568.5","4568.5"
"10584","093332220-0030","NUP2310-E-XL-M1-C3>A","179.15677499999998","2284.25","2284.25","4568.5","4568.5"
"10585","093332220-0000","NUP2310-E-XL-M1>A","179.15677499999998","2284.25","2284.25","4568.5","4568.5"
"10586","016741250-0000","NUP2310-E-XL-TVP2","101.43068999999997","1293.24","1293.24","2586.48","2586.48"
"10587","016741250-0030","NUP2310-E-XL-TVP2-C3","101.43068999999997","1293.24","1293.24","2586.48","2586.48"
"10588","093330553-0000","NUP2310-E-XL-TVP2>A","101.43068999999997","1293.24","1293.24","2586.48","2586.48"
"10589","038262096-0000","NUP2311-E-XL-M1","241.06702500000003","3073.6","3073.6","6147.2","6147.2"
"10590","038262096-0030","NUP2311-E-XL-M1-C3","241.06702500000003","3073.6","3073.6","6147.2","6147.2"
"10591","016741269-0000","NUP2311-E-XL-TVP2","128.122305","1633.56","1633.56","3267.12","3267.12"
"10592","016741269-0030","NUP2311-E-XL-TVP2-C3","128.122305","1633.56","1633.56","3267.12","3267.12"
"10593","019253958-0030","NUP2312-E-XL-M1-C3","255.96378","3263.54","3263.54","6527.08","6527.08"
"10594","016741277-0000","NUP2312-E-XL-TVP2","166.50665999999998","2122.96","2122.96","4245.92","4245.92"
"10595","016741277-0030","NUP2312-E-XL-TVP2-C3","166.50665999999998","2122.96","2122.96","4245.92","4245.92"
"10596","038262118-0030","NUP2313-E-XL-M1-C3","332.68143","4241.69","4241.69","8483.38","8483.38"
"10597","016741285-0000","NUP2313-E-XL-TVP2","239.42034","3052.61","3052.61","6105.22","6105.22"
"10598","016741285-0030","NUP2313-E-XL-TVP2-C3","239.42034","3052.61","3052.61","6105.22","6105.22"
"10599","019254024-0000","NUP2314-E-XL-M1","408.365115","5206.66","5206.66","10413.32","10413.32"
"10600","019254024-0030","NUP2314-E-XL-M1-C3","408.365115","5206.66","5206.66","10413.32","10413.32"
"10601","019254059-0000","NUP2314-E-XL-TVP2","253.372485","3230.5","3230.5","6461","6461"
"10602","019254059-0030","NUP2314-E-XL-TVP2-C3","253.372485","3230.5","3230.5","6461","6461"
"10603","019254075-0030","NUP2315-E-XL-M1-C3","422.44491","5386.17","5386.17","10772.34","10772.34"
"10604","016741315-0000","NUP2315-E-XL-TVP2","325.07348999999994","4144.69","4144.69","8289.38","8289.38"
"10605","016741315-0030","NUP2315-E-XL-TVP2-C3","325.07348999999994","4144.69","4144.69","8289.38","8289.38"
"10606","038262134-0030","NUP2316-E-XL-M1-C3","460.66332","5873.46","5873.46","11746.92","11746.92"
"10607","016741323-0000","NUP2316-E-XL-TVP2","358.3518450000001","4568.99","4568.99","9137.98","9137.98"
"10608","019254148-0000","NUP2317-E-XL-TVP2","435.10779","5547.62","5547.62","11095.24","11095.24"
"10609","038262150-0030","NUP2318-E-XL-M1-C3","639.83286","8157.87","8157.87","16315.74","16315.74"
"10610","019005113-0000","NUP2318-E-XL-TVP2","486.21885","6199.29","6199.29","12398.58","12398.58"
"10611","019005113-0030","NUP2318-E-XL-TVP2-C3","486.21885","6199.29","6199.29","12398.58","12398.58"
"10612","019005121-0000","NUP2319-E-XL-M1","716.55051","9136.02","9136.02","18272.04","18272.04"
"10613","019005121-0030","NUP2319-E-XL-M1-C3","716.55051","9136.02","9136.02","18272.04","18272.04"
"10614","019254199-0000","NUP2319-E-XL-TVP2","563.025855","7178.58","7178.58","14357.16","14357.16"
"10615","019005148-0000","NUP232-E-XL-M1","1023.70194","13052.2","13052.2","26104.4","26104.4"
"10616","019005148-0030","NUP232-E-XL-M1-C3","1023.70194","13052.2","13052.2","26104.4","26104.4"
"10617","038262177-0030","NUP2320-E-XL-M1-C3","870.126225","11094.11","11094.11","22188.22","22188.22"
"10618","038262177-0040","NUP2320-E-XL-M1-C4","1134.795735","14468.65","14468.65","28937.3","28937.3"
"10619","019254245-0000","NUP2320-E-XL-TVP2","665.43945","8484.35","8484.35","16968.7","16968.7"
"10620","016741331-0000","NUP2322-E-XL-M1","1228.4014799999998","15662.12","15662.12","31324.24","31324.24"
"10621","016741331-0030","NUP2322-E-XL-M1-C3","1228.4014799999998","15662.12","15662.12","31324.24","31324.24"
"10622","019254270-0000","NUP2322-E-XL-TVP2","939.414645","11977.54","11977.54","23955.08","23955.08"
"10623","019254296-0000","NUP2324-E-XL-M1","1535.57844","19578.63","19578.63","39157.26","39157.26"
"10624","019254296-0030","NUP2324-E-XL-M1-C3","1535.57844","19578.63","19578.63","39157.26","39157.26"
"10625","019254326-0000","NUP2326-E-XL-M1","1919.4602850000003","24473.12","24473.12","48946.24","48946.24"
"10626","019254326-0030","NUP2326-E-XL-M1-C3","1919.4602850000003","24473.12","24473.12","48946.24","48946.24"
"10627","019254342-0000","NUP2328-E-XL-M1","2559.22932","32630.17","32630.17","65260.34","65260.34"
"10628","019254377-0000","NUP2330-E-XL-M1","2943.1239299999997","37524.83","37524.83","75049.66","75049.66"
"10629","016741358-0000","NUP234-E-XL-M1","1177.26489","15010.13","15010.13","30020.26","30020.26"
"10630","016741358-0030","NUP234-E-XL-M1-C3","1177.26489","15010.13","15010.13","30020.26","30020.26"
"10631","038480565-0030","NUP234-E-XL-M1A-C3","1177.26489","15010.13","15010.13","30020.26","30020.26"
"10632","019254440-0000","NUP236-E-XL-M1","1356.3833699999996","17293.89","17293.89","34587.78","34587.78"
"10633","019254440-0030","NUP236-E-XL-M1-C3","1356.3833699999996","17293.89","17293.89","34587.78","34587.78"
"10634","016741382-0000","NUP238-E-M1","1624.0015950000002","20706.02","20706.02","41412.04","41412.04"
"10635","016741382-0030","NUP238-E-M1-C3","1624.0015950000002","20706.02","20706.02","41412.04","41412.04"
"10636","019254490-0000","NUP240-E-M1","1791.4656300000001","22841.19","22841.19","45682.38","45682.38"
"10637","019254490-0030","NUP240-E-M1-C3","1791.4656300000001","22841.19","22841.19","45682.38","45682.38"
"10638","016741404-0000","NUP244-E-M1","2961.27576","37756.27","37756.27","75512.54","75512.54"
"10639","016741404-0030","NUP244-E-M1-C3","2961.27576","37756.27","37756.27","75512.54","75512.54"
"10640","079217753-0000","NUP252-E-TB-M1","5518.271205","70357.96","70357.96","140715.92","140715.92"
"10641","079217753-0030","NUP252-E-TB-M1-C3","5518.271205","70357.96","70357.96","140715.92","140715.92"
"10642","019254652-0000","NUP303-E-XL-TVP2","29.48715","375.96","375.96","751.92","751.92"
"10643","016741439-0000","NUP304-E-XL-TVP2","28.963785","369.29","369.29","738.58","738.58"
"10644","016741439-0030","NUP304-E-XL-TVP2-C3","28.963785","369.29","369.29","738.58","738.58"
"10645","016741447-0000","NUP305-E-XL-M1","69.23736","882.78","882.78","1765.56","1765.56"
"10646","016741447-0030","NUP305-E-XL-M1-C3","69.23736","882.78","882.78","1765.56","1765.56"
"10647","016741455-0000","NUP305-E-XL-TVP2","31.491255000000002","401.51","401.51","803.02","803.02"
"10648","016741455-0030","NUP305-E-XL-TVP2-C3","31.491255000000002","401.51","401.51","803.02","803.02"
"10649","019254709-0000","NUP306-E-XL-M1","71.701005","914.19","914.19","1828.38","1828.38"
"10650","016741463-0000","NUP306-E-XL-TVP2","39.25237500000001","500.47","500.47","1000.94","1000.94"
"10651","016741463-0030","NUP306-E-XL-TVP2-C3","39.25237500000001","500.47","500.47","1000.94","1000.94"
"10652","038262223-0000","NUP307-E-XL-M1","80.713095","1029.09","1029.09","2058.18","2058.18"
"10653","038262223-0030","NUP307-E-XL-M1-C3","80.713095","1029.09","1029.09","2058.18","2058.18"
"10654","016741471-0000","NUP307-E-XL-TVP2","42.137265","537.25","537.25","1074.5","1074.5"
"10655","016741471-0030","NUP307-E-XL-TVP2-C3","42.137265","537.25","537.25","1074.5","1074.5"
"10656","019254784-0000","NUP308-E-XL-M1","95.94174","1223.26","1223.26","2446.52","2446.52"
"10657","019254784-0030","NUP308-E-XL-M1-C3","95.94174","1223.26","1223.26","2446.52","2446.52"
"10658","016741480-0000","NUP308-E-XL-TVP2","49.362255","629.37","629.37","1258.74","1258.74"
"10659","016741480-0030","NUP308-E-XL-TVP2-C3","49.362255","629.37","629.37","1258.74","1258.74"
"10660","016741498-0000","NUP309-E-XL-M1","115.29347999999999","1469.99","1469.99","2939.98","2939.98"
"10661","016741498-0030","NUP309-E-XL-M1-C3","115.29347999999999","1469.99","1469.99","2939.98","2939.98"
"10662","093522231-0000","NUP309-E-XL-M1>A","115.29347999999999","1469.99","1469.99","2939.98","2939.98"
"10663","016741510-0000","NUP309-E-XL-N-TVP2","64.144125","817.84","817.84","1635.68","1635.68"
"10664","016741501-0000","NUP309-E-XL-TVP2","60.51886499999999","771.62","771.62","1543.24","1543.24"
"10665","016741501-0030","NUP309-E-XL-TVP2-C3","60.51886499999999","771.62","771.62","1543.24","1543.24"
"10666","093330561-0030","NUP309-E-XL-TVP2-C3>A","60.51886499999999","771.62","771.62","1543.24","1543.24"
"10667","093330561-0000","NUP309-E-XL-TVP2>A","60.51886499999999","771.62","771.62","1543.24","1543.24"
"10668","019254873-0000","NUP310-E-XL-M1","127.98189","1631.77","1631.77","3263.54","3263.54"
"10669","019254873-0030","NUP310-E-XL-M1-C3","127.98189","1631.77","1631.77","3263.54","3263.54"
"10670","095554408-0000","NUP310-E-XL-M1>A","127.98189","1631.77","1631.77","3263.54","3263.54"
"10671","019254920-0000","NUP310-E-XL-N-TVP2","77.22825","984.66","984.66","1969.32","1969.32"
"10672","016741528-0000","NUP310-E-XL-TVP2","72.45414","923.79","923.79","1847.58","1847.58"
"10673","016741528-0030","NUP310-E-XL-TVP2-C3","72.45414","923.79","923.79","1847.58","1847.58"
"10674","093330570-0030","NUP310-E-XL-TVP2-C3>A","72.45414","923.79","923.79","1847.58","1847.58"
"10675","093330570-0000","NUP310-E-XL-TVP2>A","72.45414","923.79","923.79","1847.58","1847.58"
"10676","019254946-0000","NUP311-E-XL-M1","158.66895","2023.03","2023.03","4046.06","4046.06"
"10677","019254946-0030","NUP311-E-XL-M1-C3","158.66895","2023.03","2023.03","4046.06","4046.06"
"10678","038262339-0030","NUP311-E-XL-N-M1-C3","158.66895","2023.03","2023.03","4046.06","4046.06"
"10679","016741536-0000","NUP311-E-XL-TVP2","82.18106999999998","1047.81","1047.81","2095.62","2095.62"
"10680","016741536-0030","NUP311-E-XL-TVP2-C3","82.18106999999998","1047.81","1047.81","2095.62","2095.62"
"10681","019255039-0000","NUP312-E-XL-M1","179.15677499999998","2284.25","2284.25","4568.5","4568.5"
"10682","019255039-0030","NUP312-E-XL-M1-C3","179.15677499999998","2284.25","2284.25","4568.5","4568.5"
"10683","019255080-0000","NUP312-E-XL-TVP2","101.43068999999997","1293.24","1293.24","2586.48","2586.48"
"10684","019255080-0030","NUP312-E-XL-TVP2-C3","101.43068999999997","1293.24","1293.24","2586.48","2586.48"
"10685","016741544-0000","NUP313-E-XL-M1","204.72507","2610.24","2610.24","5220.48","5220.48"
"10686","016741544-0030","NUP313-E-XL-M1-C3","204.72507","2610.24","2610.24","5220.48","5220.48"
"10687","016741552-0000","NUP313-E-XL-TVP2","118.4592","1510.35","1510.35","3020.7","3020.7"
"10688","016741552-0030","NUP313-E-XL-TVP2-C3","118.4592","1510.35","1510.35","3020.7","3020.7"
"10689","038262363-0030","NUP314-E-XL-M1-C3","278.851425","3555.36","3555.36","7110.72","7110.72"
"10690","019255160-0030","NUP314-E-XL-N-M1-C3","230.369955","2937.22","2937.22","5874.44","5874.44"
"10691","019255187-0000","NUP314-E-XL-N-TVP2","166.50665999999998","2122.96","2122.96","4245.92","4245.92"
"10692","016741579-0000","NUP314-E-XL-TVP2","146.59326000000001","1869.06","1869.06","3738.12","3738.12"
"10693","016741579-0030","NUP314-E-XL-TVP2-C3","146.59326000000001","1869.06","1869.06","3738.12","3738.12"
"10694","038262380-0030","NUP315-E-XL-M1-C3","231.00820500000003","2945.35","2945.35","5890.7","5890.7"
"10695","038262371-0030","NUP315-E-XL-M1-P6-F1-C3","648.3854099999999","8266.91","8266.91","16533.82","16533.82"
"10696","016741595-0000","NUP315-E-XL-TVP2","176.74419","2253.49","2253.49","4506.98","4506.98"
"10697","016741595-0030","NUP315-E-XL-TVP2-C3","176.74419","2253.49","2253.49","4506.98","4506.98"
"10698","038262398-0030","NUP316-E-XL-M1-C3","319.12500000000006","4068.84","4068.84","8137.68","8137.68"
"10699","019255268-0000","NUP316-E-XL-TVP2","204.72507","2610.24","2610.24","5220.48","5220.48"
"10700","019255268-0030","NUP316-E-XL-TVP2-C3","204.72507","2610.24","2610.24","5220.48","5220.48"
"10701","019255284-0000","NUP317-E-XL-M1","371.2189650000001","4733.04","4733.04","9466.08","9466.08"
"10702","019255284-0030","NUP317-E-XL-M1-C3","371.2189650000001","4733.04","4733.04","9466.08","9466.08"
"10703","016741609-0000","NUP317-E-XL-TVP2","238.182135","3036.82","3036.82","6073.64","6073.64"
"10704","021937338-0000","NUP318-E-XL-M1","422.6619150000001","5388.94","5388.94","10777.88","10777.88"
"10705","038262401-0040","NUP318-E-XL-M1-F1-C4","822.078765","10481.5","10481.5","20963","20963"
"10706","039029204-0030","NUP318-E-XL-M1A-C3","422.6619150000001","5388.94","5388.94","10777.88","10777.88"
"10707","019005199-0000","NUP318-E-XL-TVP2","282.46392000000003","3601.41","3601.41","7202.82","7202.82"
"10708","019005199-0030","NUP318-E-XL-TVP2-C3","282.46392000000003","3601.41","3601.41","7202.82","7202.82"
"10709","016741617-0000","NUP319-E-XL-TVP2","307.138665","3916.02","3916.02","7832.04","7832.04"
"10710","038262410-0000","NUP320-E-XL-M1","771.4272450000002","9835.7","9835.7","19671.4","19671.4"
"10711","038262410-0030","NUP320-E-XL-M1-C3","771.4272450000002","9835.7","9835.7","19671.4","19671.4"
"10712","016741625-0000","NUP320-E-XL-TVP2","396.825555","5059.53","5059.53","10119.06","10119.06"
"10713","019255373-0000","NUP322-E-XL-M1","767.725395","9788.5","9788.5","19577","19577"
"10714","019255373-0030","NUP322-E-XL-M1-C3","767.725395","9788.5","9788.5","19577","19577"
"10715","016741641-0000","NUP322-E-XL-TVP2","563.025855","7178.58","7178.58","14357.16","14357.16"
"10716","019255390-0000","NUP324-E-XL-M1","870.126225","11094.11","11094.11","22188.22","22188.22"
"10717","019255390-0030","NUP324-E-XL-M1-C3","870.126225","11094.11","11094.11","22188.22","22188.22"
"10718","019255420-0000","NUP324-E-XL-TVP2","690.99498","8810.19","8810.19","17620.38","17620.38"
"10719","019005202-0000","NUP326-E-XL-M1","1126.0772399999998","14357.48","14357.48","28714.96","28714.96"
"10720","019005202-0030","NUP326-E-XL-M1-C3","1126.0772399999998","14357.48","14357.48","28714.96","28714.96"
"10721","019255446-0000","NUP326-E-XL-TVP2","894.2265450000001","11401.39","11401.39","22802.78","22802.78"
"10722","019255454-0000","NUP328-E-XL-M1","1382.0410200000001","17621.02","17621.02","35242.04","35242.04"
"10723","019255454-0030","NUP328-E-XL-M1-C3","1382.0410200000001","17621.02","17621.02","35242.04","35242.04"
"10724","019255470-0000","NUP328-E-XL-TVP2","1097.470875","13992.75","13992.75","27985.5","27985.5"
"10725","019255489-0000","NUP330-E-XL-M1","1612.2960899999998","20556.78","20556.78","41113.56","41113.56"
"10726","019255489-0030","NUP330-E-XL-M1-C3","1612.2960899999998","20556.78","20556.78","41113.56","41113.56"
"10727","019255500-0000","NUP332-E-M1","1919.4602850000003","24473.12","24473.12","48946.24","48946.24"
"10728","038048299-0030","NUP332-E-M1A-C3","1919.4602850000003","24473.12","24473.12","48946.24","48946.24"
"10729","016741668-0000","NUP407-XL","97.23100499999998","1239.7","1239.7","2479.4","2479.4"
"10730","038262444-0000","NUP408-XL-M1","166.50665999999998","2122.96","2122.96","4245.92","4245.92"
"10731","038262444-0030","NUP408-XL-M1-C3","166.50665999999998","2122.96","2122.96","4245.92","4245.92"
"10732","019255608-0000","NUP409-XL-M1","189.38154000000006","2414.61","2414.61","4829.22","4829.22"
"10733","019255608-0030","NUP409-XL-M1-C3","189.38154000000006","2414.61","2414.61","4829.22","4829.22"
"10734","039029530-0030","NUP409-XL-M1A-C3","189.38154000000006","2414.61","2414.61","4829.22","4829.22"
"10735","039029530-0040","NUP409-XL-M1A-C4","196.95118499999998","2511.13","2511.13","5022.26","5022.26"
"10736","039030016-0000","NUP410-XL-M1","230.369955","2937.22","2937.22","5874.44","5874.44"
"10737","039030016-0030","NUP410-XL-M1-C3","230.369955","2937.22","2937.22","5874.44","5874.44"
"10738","019255667-0000","NUP411-XL","186.968955","2383.85","2383.85","4767.7","4767.7"
"10739","039044840-0000","NUP411-XL-M1","300.28386","3828.62","3828.62","7657.24","7657.24"
"10740","039030148-0000","NUP412-XL-M1","372.4827","4749.15","4749.15","9498.3","9498.3"
"10741","039289036-0000","NUP413-XL-M1","465.59061","5936.28","5936.28","11872.56","11872.56"
"10742","038782030-0000","NUP416-XL-M1","690.99498","8810.19","8810.19","17620.38","17620.38"
"10743","038782030-0030","NUP416-XL-M1-C3","690.99498","8810.19","8810.19","17620.38","17620.38"